edge_id,date,day_of_week,is_weekend,hour,weather,is_rush_hour,congestion_level
"(1356243636, 1356243715, 0)",2026-05-15,4,1,11,1,0,1
"(6573704012, 6573704007, 0)",2026-06-18,3,0,12,0,0,1
"(1323345833, 1341987054, 0)",2026-06-21,6,0,17,0,0,2
"(6554445243, 11929623151, 0)",2026-05-15,4,1,21,1,0,8
"(1173885926, 6573897495, 0)",2026-05-04,0,0,18,0,0,1
"(2442418232, 1179694631, 0)",2026-06-19,4,1,8,0,1,3
"(1324181418, 6545381135, 0)",2026-07-11,5,1,14,0,1,3
"(1357399489, 1357399332, 0)",2026-05-16,5,1,21,0,0,5
"(3526130192, 3526130191, 0)",2026-05-27,2,0,14,0,1,6
"(1175877701, 1175876747, 0)",2026-07-23,3,0,9,2,1,10
"(1364900835, 719869622, 0)",2026-07-09,3,0,20,0,0,3
"(1371382516, 6630661890, 0)",2026-06-04,3,0,14,0,1,7
"(1334014231, 6754562268, 0)",2026-05-07,3,0,22,0,0,1
"(1343821189, 1343821154, 0)",2026-07-10,4,1,9,2,1,4
"(1172905066, 1172905094, 0)",2026-07-11,5,1,7,0,1,1
"(1350752677, 1350752992, 0)",2026-05-26,1,0,6,0,0,1
"(7456067127, 1356940127, 0)",2026-05-25,0,0,7,0,1,8
"(8278633101, 6558106796, 0)",2026-06-29,0,0,10,0,0,1
"(1328079405, 6581812777, 0)",2026-05-12,1,0,17,1,0,3
"(1331244754, 1331244877, 0)",2026-07-14,1,0,13,0,0,2
"(1330537648, 6554845384, 0)",2026-05-11,0,0,13,0,0,1
"(6546989131, 1330820209, 0)",2026-07-17,4,1,14,0,1,2
"(1175373522, 1175375870, 0)",2026-06-03,2,0,14,0,1,7
"(1329698771, 1329698284, 0)",2026-05-20,2,0,7,0,1,6
"(6552417220, 6559364630, 0)",2026-05-18,0,0,17,0,0,1
"(1356917776, 1356920642, 0)",2026-07-22,2,0,19,0,0,3
"(6738766745, 1324570438, 0)",2026-07-20,0,0,19,1,0,1
"(5755970972, 5755970962, 0)",2026-06-10,2,0,21,0,0,3
"(1326941345, 1326941569, 0)",2026-07-27,0,0,13,0,0,1
"(6581442350, 6581442349, 0)",2026-07-04,5,1,9,0,1,1
"(6542903703, 6542903721, 0)",2026-07-07,1,0,10,0,0,3
"(6552768140, 1330947542, 0)",2026-05-25,0,0,18,0,0,2
"(331538426, 596600176, 0)",2026-05-31,6,0,6,1,0,2
"(1361117556, 1361117294, 0)",2026-07-25,5,1,15,0,1,1
"(331561175, 6600683484, 0)",2026-06-25,3,0,8,0,1,8
"(1374436669, 1374435956, 0)",2026-07-03,4,1,8,0,1,2
"(1371671621, 1371671088, 0)",2026-05-06,2,0,9,0,1,6
"(1381026313, 6570667566, 0)",2026-05-21,3,0,19,0,0,3
"(1364829713, 6544339896, 0)",2026-06-07,6,0,14,0,1,6
"(6541873169, 6541873170, 0)",2026-06-21,6,0,14,0,1,9
"(721619180, 1380541148, 0)",2026-05-02,5,1,12,0,0,3
"(1323345559, 1323345237, 0)",2026-05-01,4,1,19,1,0,5
"(1175877023, 5755845306, 0)",2026-07-04,5,1,13,0,0,2
"(1371955805, 1371955991, 0)",2026-05-03,6,0,15,2,1,10
"(5754411776, 331541812, 0)",2026-05-09,5,1,20,0,0,7
"(6637789301, 6637789305, 0)",2026-05-01,4,1,18,1,0,2
"(6640700587, 1349781203, 0)",2026-06-08,0,0,11,1,0,3
"(1343821189, 1343821154, 0)",2026-06-25,3,0,10,0,0,2
"(1330400137, 6629198642, 0)",2026-06-12,4,1,15,1,1,1
"(5766243573, 1331024008, 0)",2026-05-16,5,1,19,0,0,8
"(1174446973, 1174066983, 0)",2026-06-02,1,0,19,0,0,1
"(1346847673, 1346779125, 0)",2026-06-20,5,1,12,1,0,2
"(1360982415, 1804724846, 0)",2026-07-24,4,1,20,0,0,7
"(1327149840, 1327149966, 0)",2026-07-14,1,0,9,0,1,7
"(1347409972, 6530844087, 0)",2026-07-21,1,0,22,1,0,2
"(1364174324, 1364174414, 0)",2026-06-09,1,0,12,0,0,2
"(1174525096, 1174524924, 0)",2026-05-29,4,1,18,0,0,3
"(1381026405, 1381026406, 0)",2026-07-19,6,0,18,0,0,1
"(1347137271, 1347137638, 0)",2026-07-23,3,0,18,2,0,5
"(1355636386, 1355636743, 0)",2026-05-02,5,1,7,0,1,2
"(6557315806, 12468747074, 0)",2026-05-25,0,0,20,0,0,1
"(6541243906, 6530776895, 0)",2026-07-17,4,1,11,0,0,1
"(1372020716, 1372021151, 0)",2026-06-03,2,0,12,0,0,1
"(331565003, 331565002, 0)",2026-06-23,1,0,15,0,1,8
"(1347409972, 6530844087, 0)",2026-06-21,6,0,7,0,1,7
"(1361117697, 1361117344, 0)",2026-06-22,0,0,11,0,0,3
"(6585611590, 6585611586, 0)",2026-07-07,1,0,11,0,0,2
"(1350029522, 1350029611, 0)",2026-05-14,3,0,19,0,0,1
"(6548212725, 6548212716, 0)",2026-07-24,4,1,19,0,0,5
"(1331244808, 1331245774, 0)",2026-07-07,1,0,10,0,0,1
"(1323345470, 1323345442, 0)",2026-06-21,6,0,23,0,0,1
"(1328079405, 6581812777, 0)",2026-05-25,0,0,9,0,1,6
"(6547969023, 5761923677, 0)",2026-06-16,1,0,22,0,0,2
"(6547790611, 6547790609, 0)",2026-07-17,4,1,23,0,0,3
"(5756734424, 5756734434, 0)",2026-05-14,3,0,21,0,0,2
"(1328079405, 6581812777, 0)",2026-06-02,1,0,23,0,0,3
"(1346216734, 1346612349, 0)",2026-06-12,4,1,13,1,0,1
"(1330820321, 1330820182, 0)",2026-05-17,6,0,20,0,0,1
"(6669853392, 6670102510, 0)",2026-06-25,3,0,23,0,0,1
"(6772044486, 6772029084, 0)",2026-06-08,0,0,13,1,0,1
"(6606955214, 6607646372, 0)",2026-05-18,0,0,8,0,1,6
"(6757013374, 6757013360, 0)",2026-05-31,6,0,16,1,1,7
"(1329345245, 1327186582, 0)",2026-05-21,3,0,7,0,1,7
"(6588463544, 6588463537, 0)",2026-06-09,1,0,12,0,0,2
"(11006104077, 11006104104, 0)",2026-06-28,6,0,21,1,0,1
"(12920669869, 1186889231, 0)",2026-07-21,1,0,12,1,0,1
"(12208471727, 12208928944, 0)",2026-05-02,5,1,20,0,0,6
"(6548212725, 6548212716, 0)",2026-05-17,6,0,18,0,0,2
"(6769787807, 1349781643, 0)",2026-07-26,6,0,11,2,0,6
"(1349527741, 6552015853, 0)",2026-07-07,1,0,19,0,0,3
"(331538426, 596600176, 0)",2026-07-03,4,1,6,0,0,3
"(6552768140, 1330947542, 0)",2026-05-30,5,1,20,0,0,7
"(13087366601, 1329433896, 0)",2026-05-20,2,0,9,0,1,5
"(6569018819, 1380541980, 0)",2026-05-18,0,0,12,0,0,3
"(1184864093, 1184863233, 0)",2026-06-17,2,0,15,0,1,6
"(1175877023, 5755845306, 0)",2026-05-08,4,1,22,1,0,7
"(6543942506, 6543942517, 0)",2026-05-10,6,0,6,0,0,3
"(6769163183, 6769186889, 0)",2026-07-07,1,0,11,0,0,2
"(1366234557, 6547766243, 0)",2026-05-06,2,0,19,0,0,3
"(6624547084, 6624573185, 0)",2026-06-17,2,0,14,0,1,6
"(1374129709, 6631219361, 0)",2026-05-17,6,0,21,0,0,2
"(1175877701, 1175876747, 0)",2026-07-09,3,0,22,0,0,3
"(6561114834, 1174066991, 0)",2026-05-25,0,0,19,0,0,1
"(6555547270, 1175742029, 0)",2026-07-12,6,0,8,0,1,7
"(6775165202, 6775165196, 0)",2026-06-19,4,1,15,0,1,1
"(6580927373, 6580961271, 0)",2026-05-09,5,1,12,0,0,1
"(1332669891, 6628697084, 0)",2026-07-26,6,0,14,2,1,10
"(6552362569, 6552362570, 0)",2026-07-09,3,0,13,0,0,3
"(1356918901, 1356920642, 0)",2026-05-11,0,0,7,0,1,7
"(1331244808, 1331245774, 0)",2026-05-29,4,1,11,0,0,3
"(1371538812, 6769787795, 0)",2026-05-06,2,0,23,0,0,3
"(13087366601, 1329433896, 0)",2026-06-23,1,0,11,0,0,2
"(1368366511, 1368366365, 0)",2026-07-07,1,0,8,0,1,8
"(6553252010, 6536363971, 0)",2026-07-16,3,0,13,1,0,3
"(1324181560, 1324181166, 0)",2026-05-10,6,0,14,0,1,8
"(1352193566, 1352193540, 0)",2026-07-13,0,0,21,0,0,1
"(1374279617, 6584639024, 0)",2026-05-25,0,0,10,0,0,3
"(1347293046, 1347292957, 0)",2026-07-26,6,0,10,2,0,4
"(1374279064, 1374279335, 0)",2026-05-19,1,0,12,0,0,3
"(6620749493, 6620749498, 0)",2026-05-09,5,1,17,0,0,1
"(1323895380, 1323895286, 0)",2026-06-30,1,0,7,0,1,6
"(1175877680, 1175876658, 0)",2026-06-24,2,0,19,1,0,1
"(331565003, 331565002, 0)",2026-07-06,0,0,8,0,1,8
"(1346847038, 6304363132, 0)",2026-05-20,2,0,9,0,1,9
"(6304273976, 6546822438, 0)",2026-05-05,1,0,8,1,1,7
"(6557376729, 6557376724, 0)",2026-07-03,4,1,22,0,0,8
"(1354670094, 1354670321, 0)",2026-05-05,1,0,15,1,1,6
"(1343821184, 1343821263, 0)",2026-07-25,5,1,20,0,0,7
"(1323346022, 6598161420, 0)",2026-06-21,6,0,15,0,1,6
"(1174524594, 5754846394, 0)",2026-06-05,4,1,21,0,0,8
"(1379372182, 1379372190, 0)",2026-07-19,6,0,18,0,0,2
"(6585521761, 6585521754, 0)",2026-06-11,3,0,12,1,0,1
"(1330171637, 1330170399, 0)",2026-05-12,1,0,8,1,1,8
"(6757354948, 1332017603, 0)",2026-07-10,4,1,6,2,0,6
"(1329637961, 1329637914, 0)",2026-06-02,1,0,22,0,0,2
"(6577216619, 1367530046, 0)",2026-07-07,1,0,14,0,1,7
"(1175876849, 1175876791, 0)",2026-06-23,1,0,14,0,1,7
"(1364900601, 6552023122, 0)",2026-07-23,3,0,13,2,0,4
"(1326941345, 1326941569, 0)",2026-06-24,2,0,18,1,0,2
"(1179694975, 1179694218, 0)",2026-06-21,6,0,22,0,0,2
"(1350752677, 1350752992, 0)",2026-05-13,2,0,9,0,1,9
"(6757636101, 6756086743, 0)",2026-05-08,4,1,17,1,0,3
"(1174524649, 6754562258, 0)",2026-05-20,2,0,10,0,0,3
"(1325839946, 1326062805, 0)",2026-07-04,5,1,17,0,0,2
"(1359003946, 1359004437, 0)",2026-05-12,1,0,6,1,0,2
"(1347293046, 1347292957, 0)",2026-07-27,0,0,13,0,0,2
"(1341987090, 1342945811, 0)",2026-06-01,0,0,16,0,1,5
"(6629184675, 1324373501, 0)",2026-07-25,5,1,15,0,1,2
"(6553252033, 1184975571, 0)",2026-07-26,6,0,10,2,0,5
"(1331244754, 1331244877, 0)",2026-07-06,0,0,6,0,0,3
"(7456067127, 1356940127, 0)",2026-05-22,4,1,19,1,0,7
"(6568974979, 6569018810, 0)",2026-05-30,5,1,18,0,0,1
"(1371671327, 1371671454, 0)",2026-06-26,4,1,11,1,0,2
"(1341987090, 1342945811, 0)",2026-06-22,0,0,22,0,0,2
"(11006104076, 11006104068, 0)",2026-05-19,1,0,19,0,0,2
"(1361117286, 1361117571, 0)",2026-07-20,0,0,9,1,1,7
"(1329637961, 1329637914, 0)",2026-07-15,2,0,6,0,0,2
"(1354862489, 1354862557, 0)",2026-07-09,3,0,13,0,0,2
"(1374436669, 1374435956, 0)",2026-07-11,5,1,12,0,0,2
"(1374279176, 1374279464, 0)",2026-05-23,5,1,23,0,0,2
"(6552362569, 6552362570, 0)",2026-05-28,3,0,15,1,1,7
"(5930720830, 6598993780, 0)",2026-05-15,4,1,17,1,0,1
"(8278633101, 6558106796, 0)",2026-07-17,4,1,6,0,0,3
"(1396508515, 1396508522, 0)",2026-07-09,3,0,16,0,1,7
"(1356460312, 1356460609, 0)",2026-05-12,1,0,22,1,0,1
"(1178236650, 1178236811, 0)",2026-06-21,6,0,15,0,1,6
"(6557825399, 1175373862, 0)",2026-05-08,4,1,7,1,1,1
"(5930720830, 6598993780, 0)",2026-07-17,4,1,15,0,1,3
"(5766243573, 1331024008, 0)",2026-05-27,2,0,17,0,0,2
"(1363882222, 1363883477, 0)",2026-05-01,4,1,20,1,0,6
"(1333236273, 1333236208, 0)",2026-07-21,1,0,19,1,0,3
"(13037817967, 13037817968, 0)",2026-05-15,4,1,22,1,0,8
"(331565003, 331565002, 0)",2026-05-09,5,1,20,0,0,7
"(719870150, 719870151, 0)",2026-07-21,1,0,12,1,0,2
"(1364900603, 1364900434, 0)",2026-05-03,6,0,15,2,1,8
"(3467985821, 3467985833, 0)",2026-05-24,6,0,21,0,0,2
"(1347569397, 1347569473, 0)",2026-06-25,3,0,18,0,0,1
"(1346847308, 1346847645, 0)",2026-05-23,5,1,7,0,1,3
"(6557737125, 6557737126, 0)",2026-05-02,5,1,22,0,0,7
"(1354670094, 1354670321, 0)",2026-06-03,2,0,14,0,1,7
"(1347293046, 1347292957, 0)",2026-05-11,0,0,12,0,0,3
"(1185026376, 1184942947, 0)",2026-07-27,0,0,14,0,1,7
"(5930720830, 6598993780, 0)",2026-07-25,5,1,13,0,0,2
"(6547969023, 5761923677, 0)",2026-05-24,6,0,12,0,0,2
"(3526130192, 3526130191, 0)",2026-06-28,6,0,17,1,0,2
"(1374279617, 6584639024, 0)",2026-06-29,0,0,11,0,0,2
"(7432166402, 7432166403, 0)",2026-06-25,3,0,21,0,0,2
"(6542995199, 1361117830, 0)",2026-07-25,5,1,18,0,0,2
"(6536439375, 6536588938, 0)",2026-06-26,4,1,6,1,0,1
"(6555924658, 6555791336, 0)",2026-05-30,5,1,10,0,0,3
"(6598161400, 6598348640, 0)",2026-06-09,1,0,12,0,0,2
"(1322981515, 5759060158, 0)",2026-05-10,6,0,14,0,1,5
"(1353114192, 1353114107, 0)",2026-05-27,2,0,16,0,1,7
"(6546611579, 12031564935, 0)",2026-07-06,0,0,17,0,0,1
"(1178236650, 1178236811, 0)",2026-07-18,5,1,16,0,1,1
"(6552362569, 6552362570, 0)",2026-07-19,6,0,22,0,0,2
"(1364829529, 1364829688, 0)",2026-05-07,3,0,14,0,1,6
"(1341718877, 1344168014, 0)",2026-06-26,4,1,19,1,0,6
"(1184863686, 6296933039, 0)",2026-05-13,2,0,18,0,0,2
"(1373281684, 1373281574, 0)",2026-07-27,0,0,14,0,1,7
"(6536439375, 6536588938, 0)",2026-06-24,2,0,13,1,0,1
"(6559240104, 6559240107, 0)",2026-05-15,4,1,15,1,1,2
"(9407387382, 1185579794, 0)",2026-05-06,2,0,7,0,1,8
"(1352193566, 1352193540, 0)",2026-06-22,0,0,14,0,1,7
"(1334047122, 1334047056, 0)",2026-05-25,0,0,15,0,1,8
"(1346612565, 1346612081, 0)",2026-07-19,6,0,13,0,0,1
"(6553429911, 1180288829, 0)",2026-05-21,3,0,22,0,0,1
"(1323672769, 1323672516, 0)",2026-07-16,3,0,13,1,0,2
"(1326941345, 1326941569, 0)",2026-05-23,5,1,18,0,0,2
"(6553429911, 1180288829, 0)",2026-07-28,1,0,16,0,1,8
"(1353114192, 1353114107, 0)",2026-07-09,3,0,8,0,1,9
"(1361117264, 1361117334, 0)",2026-06-25,3,0,20,0,0,3
"(1356918579, 1356919507, 0)",2026-06-26,4,1,14,1,1,2
"(6557653945, 6557653962, 0)",2026-06-14,6,0,14,0,1,8
"(1374245565, 1374245525, 0)",2026-07-11,5,1,18,0,0,1
"(5761923664, 1368366565, 0)",2026-06-21,6,0,18,0,0,3
"(1364829713, 6544339896, 0)",2026-05-19,1,0,13,0,0,2
"(1326941345, 1326941569, 0)",2026-06-30,1,0,10,0,0,1
"(1356519875, 6769076215, 0)",2026-05-09,5,1,16,0,1,1
"(1363882222, 1363883477, 0)",2026-06-01,0,0,19,0,0,1
"(1371544145, 1371544159, 0)",2026-06-08,0,0,11,1,0,1
"(9407471693, 6630522620, 0)",2026-06-11,3,0,6,1,0,3
"(1183596438, 1183596411, 0)",2026-07-09,3,0,17,0,0,3
"(1332017826, 1332017777, 0)",2026-07-23,3,0,8,2,1,10
"(6583043108, 1331082612, 0)",2026-06-20,5,1,19,1,0,7
"(1341718877, 1344168014, 0)",2026-05-11,0,0,8,0,1,7
"(1364900835, 719869622, 0)",2026-07-28,1,0,16,0,1,7
"(1330170962, 1330171205, 0)",2026-07-05,6,0,22,0,0,3
"(6585521761, 6585521754, 0)",2026-06-17,2,0,6,0,0,1
"(1186425464, 1184975564, 0)",2026-06-26,4,1,8,1,1,2
"(1374435979, 1364174412, 0)",2026-06-13,5,1,10,0,0,1
"(2988909845, 2988913654, 0)",2026-05-12,1,0,22,1,0,2
"(5930720830, 6598993780, 0)",2026-06-23,1,0,9,0,1,6
"(1323430533, 1323754188, 0)",2026-06-11,3,0,10,1,0,1
"(1179694693, 5761922487, 0)",2026-07-03,4,1,8,0,1,1
"(331538426, 596600176, 0)",2026-05-10,6,0,8,0,1,8
"(1332669891, 6628697084, 0)",2026-07-12,6,0,19,0,0,2
"(2442418232, 1179694631, 0)",2026-06-21,6,0,16,0,1,6
"(1349780764, 1370526533, 0)",2026-05-16,5,1,10,0,0,3
"(5765103561, 6559093393, 0)",2026-07-28,1,0,8,0,1,7
"(1184943115, 1185026255, 0)",2026-07-27,0,0,13,0,0,1
"(5930720830, 6598993780, 0)",2026-06-07,6,0,13,0,0,2
"(1323430562, 5758954840, 0)",2026-06-21,6,0,21,0,0,3
"(6584072707, 6584072708, 0)",2026-05-21,3,0,13,0,0,2
"(1374279176, 1374279464, 0)",2026-07-11,5,1,21,0,0,5
"(1374129773, 1374129642, 0)",2026-06-14,6,0,6,0,0,2
"(1323698491, 1323698546, 0)",2026-07-22,2,0,19,0,0,2
"(1357216546, 1357216432, 0)",2026-07-20,0,0,8,1,1,6
"(6542903703, 6542903721, 0)",2026-05-26,1,0,19,0,0,2
"(1331613509, 1331613269, 0)",2026-06-19,4,1,12,0,0,3
"(5903235296, 1346639012, 0)",2026-05-26,1,0,12,0,0,3
"(1178236650, 1178236811, 0)",2026-05-19,1,0,23,0,0,1
"(6588574695, 6588574696, 0)",2026-06-20,5,1,12,1,0,3
"(2442418232, 1179694631, 0)",2026-05-19,1,0,20,0,0,2
"(6588574721, 6588574723, 0)",2026-06-28,6,0,13,1,0,1
"(1330171637, 1330170399, 0)",2026-05-17,6,0,6,0,0,3
"(1357399489, 1357399332, 0)",2026-05-30,5,1,23,0,0,2
"(2988915683, 6552088459, 0)",2026-06-17,2,0,10,0,0,1
"(6584186546, 5760617328, 0)",2026-05-12,1,0,6,1,0,3
"(721619180, 1380541148, 0)",2026-07-09,3,0,6,0,0,1
"(6559065353, 6559065355, 0)",2026-05-02,5,1,11,0,0,1
"(1352194048, 6933986339, 0)",2026-07-06,0,0,19,0,0,1
"(1395429860, 1395429882, 0)",2026-05-24,6,0,22,0,0,3
"(1175877680, 1175876658, 0)",2026-07-07,1,0,22,0,0,2
"(6585611590, 6585611586, 0)",2026-07-15,2,0,8,0,1,7
"(1322981366, 12539090832, 0)",2026-07-22,2,0,22,0,0,2
"(1334047122, 1334047056, 0)",2026-07-04,5,1,22,0,0,8
"(2442418232, 1179694631, 0)",2026-07-06,0,0,22,0,0,1
"(1332669734, 6627933395, 0)",2026-07-07,1,0,18,0,0,3
"(1346639125, 6553140114, 0)",2026-06-09,1,0,14,0,1,6
"(1323754501, 1323754359, 0)",2026-07-02,3,0,16,0,1,8
"(2988909845, 2988913654, 0)",2026-07-17,4,1,9,0,1,2
"(1184863686, 6296933039, 0)",2026-07-09,3,0,8,0,1,7
"(1174524594, 5754846394, 0)",2026-05-10,6,0,13,0,0,2
"(1328078896, 724730812, 0)",2026-06-09,1,0,6,0,0,3
"(1374245133, 1374245568, 0)",2026-06-05,4,1,14,0,1,2
"(1343821200, 1343821239, 0)",2026-05-08,4,1,6,1,0,2
"(9407387382, 1185579794, 0)",2026-06-29,0,0,6,0,0,3
"(1364174324, 1364174414, 0)",2026-05-09,5,1,22,0,0,5
"(1335496222, 1356243636, 0)",2026-05-11,0,0,13,0,0,2
"(1371671621, 1371671088, 0)",2026-05-22,4,1,21,1,0,6
"(5766243573, 1331024008, 0)",2026-05-11,0,0,21,0,0,3
"(1323345183, 6552242977, 0)",2026-05-30,5,1,11,0,0,1
"(5903235296, 1346639012, 0)",2026-07-25,5,1,15,0,1,2
"(6637789299, 6637789301, 0)",2026-06-23,1,0,10,0,0,1
"(1364900682, 6542236950, 0)",2026-06-29,0,0,8,0,1,8
"(1324408890, 1324408701, 0)",2026-06-08,0,0,11,1,0,2
"(721619073, 1334295727, 0)",2026-05-05,1,0,7,1,1,5
"(1328078896, 724730812, 0)",2026-05-01,4,1,14,1,1,1
"(6304508694, 6542865592, 0)",2026-06-14,6,0,11,0,0,2
"(1363883359, 1363882222, 0)",2026-07-01,2,0,8,0,1,5
"(6538590906, 6538590907, 0)",2026-05-30,5,1,23,0,0,2
"(1359004421, 1359004039, 0)",2026-06-16,1,0,15,0,1,9
"(6585611590, 6585611586, 0)",2026-07-03,4,1,8,0,1,1
"(1175877701, 1175876747, 0)",2026-05-02,5,1,7,0,1,2
"(6735485653, 392257875, 0)",2026-07-01,2,0,17,0,0,1
"(1324408994, 1324408803, 0)",2026-05-18,0,0,17,0,0,2
"(6559240104, 6559240107, 0)",2026-05-25,0,0,12,0,0,2
"(3467985821, 3467985833, 0)",2026-05-25,0,0,7,0,1,7
"(3112549168, 3112549151, 0)",2026-07-06,0,0,17,0,0,2
"(1347137543, 1347137628, 0)",2026-06-14,6,0,18,0,0,2
"(1354862489, 1354862557, 0)",2026-06-18,3,0,9,0,1,5
"(6557653945, 6557653962, 0)",2026-05-13,2,0,11,0,0,2
"(1380076849, 1380076927, 0)",2026-06-30,1,0,12,0,0,2
"(1324408803, 1324408994, 0)",2026-05-25,0,0,14,0,1,7
"(1329637794, 1329637952, 0)",2026-06-07,6,0,23,0,0,1
"(1364900682, 6542236950, 0)",2026-05-18,0,0,11,0,0,1
"(6552768140, 1330947542, 0)",2026-05-29,4,1,20,0,0,7
"(6556986422, 5766243919, 0)",2026-06-12,4,1,9,1,1,3
"(1328079242, 1328078851, 0)",2026-06-15,0,0,16,0,1,6
"(1370526769, 1370526928, 0)",2026-07-13,0,0,23,0,0,2
"(1341718877, 1344168014, 0)",2026-06-22,0,0,16,0,1,9
"(6546593263, 6586697616, 0)",2026-07-23,3,0,8,2,1,10
"(1324570374, 1324570421, 0)",2026-06-10,2,0,8,0,1,7
"(6631172448, 1324408982, 0)",2026-06-17,2,0,6,0,0,2
"(1184864093, 1184863233, 0)",2026-05-17,6,0,14,0,1,9
"(1361117697, 1361117344, 0)",2026-07-06,0,0,8,0,1,5
"(1329698771, 1329698284, 0)",2026-07-03,4,1,14,0,1,3
"(1324181494, 6622601720, 0)",2026-06-28,6,0,23,1,0,1
"(1175877701, 1175876747, 0)",2026-07-24,4,1,9,0,1,2
"(1353114192, 1353114107, 0)",2026-07-23,3,0,9,2,1,10
"(1371614491, 1371614644, 0)",2026-05-23,5,1,17,0,0,3
"(1329698406, 1329698844, 0)",2026-05-03,6,0,15,2,1,10
"(1330537648, 6554845384, 0)",2026-06-10,2,0,12,0,0,2
"(6541873169, 6541873170, 0)",2026-06-16,1,0,14,0,1,6
"(1350774257, 1350774330, 0)",2026-07-23,3,0,18,2,0,6
"(6755854467, 1372487009, 1)",2026-06-10,2,0,21,0,0,1
"(1326062482, 1326062791, 0)",2026-05-31,6,0,14,1,1,9
"(1351057242, 331562252, 0)",2026-06-22,0,0,6,0,0,3
"(2988909845, 2988913654, 0)",2026-06-13,5,1,16,0,1,1
"(6561114829, 1171724116, 0)",2026-05-24,6,0,6,0,0,2
"(6552768140, 1330947542, 0)",2026-06-05,4,1,18,0,0,1
"(1381026313, 6570667566, 0)",2026-06-27,5,1,20,2,0,10
"(1374245437, 1374245314, 0)",2026-06-12,4,1,18,1,0,2
"(1335496467, 1335496670, 0)",2026-05-01,4,1,6,1,0,3
"(6757636101, 6756086743, 0)",2026-07-22,2,0,14,0,1,6
"(12208471727, 12208928944, 0)",2026-05-15,4,1,8,1,1,3
"(1361117556, 1361117294, 0)",2026-06-29,0,0,18,0,0,3
"(1350752740, 1350753292, 0)",2026-06-23,1,0,16,0,1,9
"(1332724605, 6769856178, 0)",2026-07-09,3,0,6,0,0,3
"(6750036709, 6750036706, 0)",2026-05-31,6,0,21,1,0,3
"(5930720830, 6598993780, 0)",2026-07-29,2,0,12,2,0,5
"(6561114829, 1171724116, 0)",2026-05-10,6,0,6,0,0,2
"(3526130192, 3526130191, 0)",2026-05-30,5,1,11,0,0,2
"(6548147776, 6542110941, 0)",2026-06-11,3,0,7,1,1,9
"(1178236650, 1178236811, 0)",2026-05-12,1,0,21,1,0,2
"(6570316836, 1327150065, 0)",2026-05-16,5,1,8,0,1,3
"(1330400137, 6629198642, 0)",2026-05-29,4,1,13,0,0,1
"(6552183332, 5755970960, 0)",2026-06-28,6,0,19,1,0,1
"(1335496222, 1356243636, 0)",2026-05-01,4,1,23,1,0,1
"(1329345222, 1327186562, 0)",2026-05-13,2,0,8,0,1,9
"(1174154997, 1174154743, 0)",2026-06-08,0,0,18,1,0,1
"(1183596438, 1183596411, 0)",2026-07-04,5,1,19,0,0,5
"(1335496467, 1335496670, 0)",2026-06-29,0,0,13,0,0,3
"(1335496467, 1335496670, 0)",2026-05-10,6,0,7,0,1,7
"(1331244655, 1331244362, 0)",2026-05-16,5,1,21,0,0,4
"(1180288747, 1180288772, 0)",2026-07-16,3,0,20,1,0,3
"(1323345442, 1323345972, 0)",2026-05-14,3,0,8,0,1,8
"(6557974648, 1417561090, 0)",2026-05-29,4,1,6,0,0,1
"(6536439375, 6536588938, 0)",2026-06-03,2,0,12,0,0,3
"(1330947296, 1330820257, 0)",2026-06-17,2,0,17,0,0,2
"(6757354948, 1332017603, 0)",2026-05-29,4,1,13,0,0,2
"(1333236267, 6640086937, 0)",2026-05-25,0,0,18,0,0,2
"(1349527623, 1349527724, 0)",2026-05-05,1,0,20,1,0,3
"(1330171637, 1330170399, 0)",2026-07-25,5,1,18,0,0,1
"(1328079405, 6581812777, 0)",2026-06-12,4,1,19,1,0,7
"(1323345470, 1323345442, 0)",2026-06-26,4,1,10,1,0,2
"(13037817967, 13037817968, 0)",2026-06-11,3,0,19,1,0,1
"(5903235296, 1346639012, 0)",2026-05-12,1,0,21,1,0,2
"(6630522679, 6630522676, 0)",2026-06-15,0,0,20,0,0,3
"(6755854467, 1372487009, 1)",2026-05-04,0,0,12,0,0,1
"(1323346022, 6598161420, 0)",2026-07-29,2,0,13,2,0,4
"(6561421802, 6561346682, 0)",2026-05-06,2,0,16,0,1,7
"(9407387382, 1185579794, 0)",2026-05-03,6,0,14,2,1,8
"(1181366272, 1181365512, 0)",2026-06-11,3,0,14,1,1,8
"(5754489564, 1175374600, 0)",2026-06-06,5,1,10,0,0,3
"(1322982054, 6580856314, 0)",2026-07-26,6,0,12,2,0,4
"(6591306604, 13980225453, 0)",2026-05-29,4,1,19,0,0,7
"(1370526769, 1370526928, 0)",2026-07-13,0,0,9,0,1,7
"(1334047185, 1334047322, 0)",2026-06-07,6,0,18,0,0,3
"(6577216619, 1367530046, 0)",2026-06-09,1,0,21,0,0,2
"(1175373522, 1175375870, 0)",2026-06-18,3,0,9,0,1,9
"(5754489564, 1175374600, 0)",2026-05-25,0,0,20,0,0,3
"(1185026376, 1184942947, 0)",2026-05-03,6,0,13,2,0,5
"(6541243906, 6530776895, 0)",2026-05-29,4,1,22,0,0,6
"(1326062482, 1326062791, 0)",2026-05-18,0,0,16,0,1,8
"(3111983583, 6547342476, 0)",2026-05-05,1,0,8,1,1,9
"(1330170962, 1330171205, 0)",2026-07-10,4,1,6,2,0,4
"(6543952951, 6543952960, 0)",2026-07-23,3,0,20,2,0,4
"(1360982415, 1804724846, 0)",2026-05-04,0,0,11,0,0,2
"(2988915683, 6552088459, 0)",2026-05-07,3,0,12,0,0,3
"(1184065354, 1184065309, 0)",2026-06-08,0,0,19,1,0,1
"(6555924658, 6555791336, 0)",2026-05-06,2,0,15,0,1,7
"(1381026313, 6570667566, 0)",2026-06-09,1,0,17,0,0,1
"(1347137271, 1347137638, 0)",2026-07-20,0,0,16,1,1,8
"(6557376736, 3111984021, 0)",2026-05-14,3,0,6,0,0,3
"(1346778840, 1346779524, 0)",2026-07-11,5,1,7,0,1,3
"(1370583961, 1370584066, 0)",2026-05-06,2,0,7,0,1,5
"(1329345245, 1327186582, 0)",2026-07-18,5,1,15,0,1,3
"(1350752677, 1350752992, 0)",2026-06-23,1,0,15,0,1,6
"(1347137619, 1347137659, 0)",2026-07-16,3,0,6,1,0,2
"(11953619597, 11953619598, 0)",2026-05-16,5,1,18,0,0,3
"(1372487710, 1372487151, 0)",2026-07-24,4,1,6,0,0,3
"(1352193566, 1352193540, 0)",2026-05-05,1,0,14,1,1,7
"(1370583961, 1370584066, 0)",2026-05-24,6,0,6,0,0,2
"(1333236229, 6586890510, 0)",2026-06-10,2,0,6,0,0,1
"(6556986422, 5766243919, 0)",2026-07-01,2,0,19,0,0,1
"(6631172448, 1324408982, 0)",2026-06-02,1,0,6,0,0,1
"(6757636101, 6756086743, 0)",2026-06-18,3,0,16,0,1,7
"(1326062482, 1326062791, 0)",2026-05-22,4,1,8,1,1,1
"(6738710309, 6738506445, 0)",2026-05-27,2,0,20,0,0,2
"(1184780232, 13206205862, 0)",2026-05-05,1,0,6,1,0,1
"(1347137654, 1174967539, 0)",2026-06-17,2,0,17,0,0,2
"(5755970972, 5755970962, 0)",2026-07-08,2,0,12,0,0,1
"(6553484552, 1364174103, 0)",2026-05-28,3,0,22,1,0,1
"(1184065354, 1184065309, 0)",2026-06-06,5,1,15,0,1,2
"(1323345650, 1323345329, 0)",2026-07-08,2,0,12,0,0,1
"(1334996016, 1379369291, 0)",2026-06-20,5,1,14,1,1,3
"(1371671327, 1371671454, 0)",2026-06-07,6,0,14,0,1,9
"(6552362569, 6552362570, 0)",2026-07-08,2,0,13,0,0,2
"(6547601254, 6547601237, 0)",2026-05-29,4,1,23,0,0,1
"(6587228308, 5754433201, 0)",2026-05-14,3,0,22,0,0,2
"(6542995199, 1361117830, 0)",2026-05-21,3,0,17,0,0,1
"(11006104076, 11006104068, 0)",2026-06-19,4,1,14,0,1,1
"(6546593263, 6586697616, 0)",2026-07-18,5,1,19,0,0,4
"(1323895307, 1323895309, 0)",2026-05-10,6,0,10,0,0,1
"(2988698289, 2988700223, 0)",2026-05-03,6,0,15,2,1,10
"(1370526769, 1370526928, 0)",2026-05-08,4,1,18,1,0,2
"(1344168045, 1344168110, 0)",2026-06-26,4,1,21,1,0,7
"(1322982054, 6580856314, 0)",2026-07-16,3,0,18,1,0,1
"(1185579728, 1185579688, 0)",2026-07-07,1,0,18,0,0,3
"(6640700587, 1349781203, 0)",2026-05-26,1,0,7,0,1,6
"(6558050360, 6538858465, 0)",2026-06-18,3,0,18,0,0,1
"(13087366601, 1329433896, 0)",2026-06-23,1,0,8,0,1,8
"(1396425400, 6775359719, 0)",2026-06-27,5,1,11,2,0,3
"(1328079242, 1328078851, 0)",2026-06-07,6,0,9,0,1,5
"(1361117241, 1361117586, 0)",2026-05-01,4,1,19,1,0,7
"(1330170196, 1330171107, 0)",2026-05-19,1,0,22,0,0,2
"(8278633101, 6558106796, 0)",2026-07-24,4,1,23,0,0,1
"(1353114192, 1353114107, 0)",2026-06-01,0,0,16,0,1,6
"(1173885926, 6573897495, 0)",2026-07-25,5,1,12,0,0,1
"(11006104076, 11006104068, 0)",2026-06-20,5,1,12,1,0,3
"(1351057242, 331562252, 0)",2026-07-05,6,0,6,0,0,3
"(6542995199, 1361117830, 0)",2026-05-31,6,0,8,1,1,6
"(1184065203, 1184065403, 0)",2026-07-07,1,0,6,0,0,3
"(1341987090, 1342945811, 0)",2026-07-10,4,1,10,2,0,5
"(6585521761, 6585521754, 0)",2026-05-02,5,1,22,0,0,7
"(6536439375, 6536588938, 0)",2026-06-25,3,0,11,0,0,3
"(1371538688, 1371538805, 0)",2026-06-23,1,0,17,0,0,2
"(12208471727, 12208928944, 0)",2026-05-13,2,0,9,0,1,7
"(7456067127, 1356940127, 0)",2026-05-29,4,1,15,0,1,3
"(1324408994, 1324408803, 0)",2026-07-10,4,1,22,2,0,10
"(1334047127, 1364900534, 0)",2026-06-27,5,1,19,2,0,8
"(3676443887, 3676443901, 0)",2026-07-24,4,1,10,0,0,2
"(1346612565, 1346612081, 0)",2026-06-23,1,0,12,0,0,3
"(1323345650, 1323345329, 0)",2026-06-13,5,1,18,0,0,2
"(6304487276, 1322981701, 0)",2026-05-11,0,0,11,0,0,2
"(3111983583, 6547342476, 0)",2026-06-22,0,0,6,0,0,2
"(1174525096, 1174524924, 0)",2026-05-07,3,0,9,0,1,7
"(1350774257, 1350774330, 0)",2026-07-26,6,0,10,2,0,5
"(6600730979, 1418728240, 0)",2026-07-27,0,0,11,0,0,3
"(1353114130, 1353114171, 0)",2026-06-30,1,0,20,0,0,2
"(719870150, 719870151, 0)",2026-07-28,1,0,15,0,1,5
"(1322981947, 1322981470, 0)",2026-07-11,5,1,10,0,0,2
"(6557376752, 6557597643, 0)",2026-06-14,6,0,10,0,0,1
"(1335496222, 1356243636, 0)",2026-06-13,5,1,22,0,0,5
"(6746280124, 6618274870, 0)",2026-05-17,6,0,16,0,1,6
"(5765103561, 6559093393, 0)",2026-05-02,5,1,16,0,1,2
"(1324408890, 1324408701, 0)",2026-06-14,6,0,21,0,0,1
"(1184863686, 6296933039, 0)",2026-06-28,6,0,17,1,0,3
"(1352193762, 1352193549, 0)",2026-06-25,3,0,9,0,1,6
"(5903235296, 1346639012, 0)",2026-06-11,3,0,19,1,0,3
"(1380541242, 1380541236, 0)",2026-06-16,1,0,10,0,0,3
"(1181366272, 1181365512, 0)",2026-05-07,3,0,23,0,0,2
"(6669853392, 6670102510, 0)",2026-07-19,6,0,18,0,0,2
"(6610375755, 6738772299, 0)",2026-07-02,3,0,17,0,0,1
"(6598726196, 6596766163, 0)",2026-05-25,0,0,11,0,0,1
"(1368366511, 1368366365, 0)",2026-07-02,3,0,19,0,0,2
"(1329698771, 1329698284, 0)",2026-05-08,4,1,16,1,1,1
"(6553169892, 6553169905, 0)",2026-06-24,2,0,12,1,0,2
"(1360982415, 1804724846, 0)",2026-06-19,4,1,8,0,1,3
"(6557737125, 6557737126, 0)",2026-06-18,3,0,21,0,0,2
"(1350752656, 6602350580, 0)",2026-07-10,4,1,19,2,0,10
"(1324181560, 1324181166, 0)",2026-07-21,1,0,7,1,1,6
"(6629184675, 1324373501, 0)",2026-05-26,1,0,11,0,0,3
"(1180288747, 1180288772, 0)",2026-07-04,5,1,15,0,1,3
"(6629184675, 1324373501, 0)",2026-07-19,6,0,22,0,0,1
"(1184780232, 13206205862, 0)",2026-05-01,4,1,18,1,0,3
"(1349527741, 6552015853, 0)",2026-05-01,4,1,9,1,1,3
"(6600730979, 1418728240, 0)",2026-06-09,1,0,14,0,1,7
"(6669853392, 6670102510, 0)",2026-06-30,1,0,12,0,0,2
"(1179694975, 1179694218, 0)",2026-07-04,5,1,15,0,1,3
"(1346216734, 1346612349, 0)",2026-07-27,0,0,15,0,1,7
"(1374129773, 1374129642, 0)",2026-05-07,3,0,21,0,0,2
"(6572664808, 6304571031, 0)",2026-06-23,1,0,6,0,0,2
"(6623059680, 6623059676, 0)",2026-05-28,3,0,17,1,0,3
"(1330537648, 6554845384, 0)",2026-05-02,5,1,7,0,1,3
"(6542333972, 6543093285, 0)",2026-07-22,2,0,18,0,0,2
"(1346216734, 1346612349, 0)",2026-05-24,6,0,17,0,0,2
"(1172905009, 1172904968, 0)",2026-07-24,4,1,17,0,0,1
"(5756734424, 5756734434, 0)",2026-05-22,4,1,20,1,0,6
"(1357216546, 1357216432, 0)",2026-06-12,4,1,12,1,0,1
"(1347293015, 1347293062, 0)",2026-06-08,0,0,15,1,1,8
"(2988915683, 6552088459, 0)",2026-05-19,1,0,8,0,1,5
"(6557376736, 3111984021, 0)",2026-06-01,0,0,19,0,0,3
"(6757013374, 6757013360, 0)",2026-06-25,3,0,8,0,1,7
"(1349527623, 1349527724, 0)",2026-07-07,1,0,16,0,1,6
"(1347137399, 1347137564, 0)",2026-05-06,2,0,15,0,1,8
"(1368366511, 1368366365, 0)",2026-06-28,6,0,19,1,0,3
"(6631173960, 6631708296, 0)",2026-07-01,2,0,17,0,0,1
"(6598691631, 6596790435, 0)",2026-06-03,2,0,18,0,0,2
"(1416742216, 266215164, 0)",2026-06-11,3,0,20,1,0,1
"(1324373626, 1324373548, 0)",2026-07-17,4,1,13,0,0,2
"(1366234574, 1366234660, 0)",2026-06-12,4,1,13,1,0,2
"(1396425558, 1396425569, 0)",2026-05-24,6,0,6,0,0,2
"(6561114834, 1174066991, 0)",2026-06-13,5,1,6,0,0,2
"(1346612566, 1346611975, 0)",2026-05-11,0,0,16,0,1,6
"(1171157846, 1171157694, 0)",2026-07-04,5,1,16,0,1,3
"(1175877701, 1175876747, 0)",2026-06-27,5,1,22,2,0,9
"(1323345833, 1341987054, 0)",2026-05-29,4,1,20,0,0,6
"(1334996016, 1379369291, 0)",2026-05-21,3,0,9,0,1,6
"(6588574721, 6588574723, 0)",2026-05-21,3,0,16,0,1,7
"(6561325489, 6561325488, 0)",2026-05-19,1,0,16,0,1,7
"(1323672567, 1323672729, 0)",2026-07-20,0,0,22,1,0,2
"(1371614699, 1371614740, 0)",2026-06-10,2,0,16,0,1,8
"(6296893347, 6296893346, 0)",2026-07-16,3,0,12,1,0,1
"(1354861809, 6752972982, 0)",2026-06-14,6,0,7,0,1,5
"(6547969023, 5761923677, 0)",2026-06-14,6,0,11,0,0,3
"(6552183332, 5755970960, 0)",2026-07-24,4,1,12,0,0,1
"(1380541785, 1380541789, 0)",2026-06-08,0,0,23,1,0,2
"(1324408890, 1324408701, 0)",2026-05-06,2,0,7,0,1,5
"(1374435979, 1364174412, 0)",2026-07-09,3,0,20,0,0,3
"(1175375033, 1175375993, 0)",2026-07-05,6,0,21,0,0,2
"(1335496222, 1356243636, 0)",2026-05-07,3,0,7,0,1,7
"(6772044486, 6772029084, 0)",2026-07-17,4,1,7,0,1,1
"(6558050360, 6538858465, 0)",2026-06-14,6,0,6,0,0,3
"(12293292105, 12293228200, 0)",2026-06-04,3,0,10,0,0,2
"(1356243636, 1356243715, 0)",2026-05-29,4,1,7,0,1,1
"(1334996016, 1379369291, 0)",2026-06-08,0,0,8,1,1,8
"(1356918579, 1356919507, 0)",2026-05-26,1,0,14,0,1,7
"(1184780197, 1184780190, 0)",2026-07-06,0,0,23,0,0,3
"(1175375216, 1175373700, 0)",2026-07-17,4,1,11,0,0,1
"(1344168240, 266215378, 0)",2026-05-25,0,0,18,0,0,2
"(1346612566, 1346611975, 0)",2026-07-02,3,0,22,0,0,3
"(6630780297, 6636019481, 0)",2026-07-03,4,1,7,0,1,1
"(6558050360, 6538858465, 0)",2026-05-10,6,0,11,0,0,1
"(6553252010, 6536363971, 0)",2026-06-14,6,0,12,0,0,2
"(6304508694, 6542865592, 0)",2026-07-25,5,1,20,0,0,7
"(1355636739, 1355636500, 0)",2026-07-03,4,1,19,0,0,5
"(6598161400, 6598348640, 0)",2026-06-27,5,1,8,2,1,3
"(1352193762, 1352193549, 0)",2026-05-14,3,0,13,0,0,2
"(1171157754, 1171157949, 0)",2026-07-15,2,0,23,0,0,2
"(1180288747, 1180288772, 0)",2026-05-18,0,0,13,0,0,2
"(1374435979, 1364174412, 0)",2026-05-23,5,1,13,0,0,3
"(1334046976, 1334047484, 0)",2026-05-30,5,1,16,0,1,2
"(1329637961, 1329637914, 0)",2026-07-07,1,0,20,0,0,2
"(12237200017, 1361117364, 0)",2026-05-10,6,0,20,0,0,2
"(1323430533, 1323754188, 0)",2026-05-05,1,0,15,1,1,6
"(1186524341, 1186524464, 0)",2026-05-25,0,0,9,0,1,7
"(1371671327, 1371671454, 0)",2026-07-03,4,1,13,0,0,3
"(1332724217, 1332724480, 0)",2026-07-27,0,0,6,0,0,1
"(1343821200, 1343821239, 0)",2026-05-06,2,0,15,0,1,8
"(1329345245, 1327186582, 0)",2026-05-20,2,0,23,0,0,3
"(6585521761, 6585521754, 0)",2026-06-02,1,0,9,0,1,8
"(3526130192, 3526130191, 0)",2026-06-19,4,1,15,0,1,3
"(6553621910, 1341691134, 0)",2026-05-10,6,0,19,0,0,1
"(1171157754, 1171157949, 0)",2026-05-03,6,0,20,2,0,3
"(6561421802, 6561346682, 0)",2026-07-21,1,0,9,1,1,9
"(6757013374, 6757013360, 0)",2026-06-03,2,0,11,0,0,2
"(331565003, 331565002, 0)",2026-05-30,5,1,6,0,0,3
"(1324570374, 1324570421, 0)",2026-05-14,3,0,10,0,0,1
"(1324408994, 1324408803, 0)",2026-05-13,2,0,8,0,1,7
"(1371538688, 1371538805, 0)",2026-05-12,1,0,14,1,1,7
"(6757636101, 6756086743, 0)",2026-05-06,2,0,15,0,1,8
"(6561421802, 6561346682, 0)",2026-05-05,1,0,12,1,0,2
"(1323430669, 1323430782, 0)",2026-07-07,1,0,11,0,0,3
"(6631173960, 6631708296, 0)",2026-05-20,2,0,7,0,1,7
"(6581442350, 6581442349, 0)",2026-06-23,1,0,11,0,0,1
"(6542839673, 3676454416, 0)",2026-07-12,6,0,23,0,0,1
"(6580977491, 1806914762, 0)",2026-07-05,6,0,9,0,1,7
"(1325840095, 1325839862, 0)",2026-07-27,0,0,23,0,0,3
"(1184943115, 1185026255, 0)",2026-07-04,5,1,8,0,1,2
"(1396425564, 6618274974, 0)",2026-05-07,3,0,21,0,0,1
"(1334014187, 1358046381, 0)",2026-06-03,2,0,22,0,0,1
"(6586987099, 6586987098, 0)",2026-06-12,4,1,11,1,0,3
"(6580927373, 6580961271, 0)",2026-07-17,4,1,14,0,1,3
"(1352193870, 1352193896, 0)",2026-06-26,4,1,11,1,0,1
"(7362442903, 1333236256, 0)",2026-06-15,0,0,10,0,0,1
"(1396508515, 1396508522, 0)",2026-06-08,0,0,23,1,0,1
"(1184780232, 13206205862, 0)",2026-06-02,1,0,13,0,0,2
"(3111983583, 6547342476, 0)",2026-07-25,5,1,11,0,0,2
"(1185579728, 1185579688, 0)",2026-07-10,4,1,15,2,1,3
"(1349780764, 1370526533, 0)",2026-06-13,5,1,16,0,1,3
"(1346611894, 1346612802, 0)",2026-07-25,5,1,21,0,0,4
"(3526130192, 3526130191, 0)",2026-06-21,6,0,9,0,1,7
"(1357399304, 1334014283, 0)",2026-05-02,5,1,6,0,0,1
"(1370583961, 1370584066, 0)",2026-07-22,2,0,18,0,0,1
"(1347569397, 1347569473, 0)",2026-07-03,4,1,7,0,1,1
"(1346613092, 1346612605, 0)",2026-06-24,2,0,23,1,0,2
"(1171724079, 1175374597, 0)",2026-07-12,6,0,17,0,0,1
"(1323430533, 1323754188, 0)",2026-05-22,4,1,11,1,0,1
"(1323895380, 1323895286, 0)",2026-06-04,3,0,20,0,0,1
"(1323672609, 1323672760, 0)",2026-05-29,4,1,12,0,0,2
"(1173885682, 6552332791, 0)",2026-05-13,2,0,17,0,0,3
"(7362442903, 1333236256, 0)",2026-06-28,6,0,6,1,0,1
"(1350752677, 1350752992, 0)",2026-06-25,3,0,8,0,1,6
"(1356460312, 1356460609, 0)",2026-05-01,4,1,18,1,0,1
"(6547182834, 6547182832, 0)",2026-05-23,5,1,18,0,0,3
"(6775165202, 6775165196, 0)",2026-05-18,0,0,16,0,1,8
"(1184864093, 1184863233, 0)",2026-07-28,1,0,9,0,1,8
"(6772044486, 6772029084, 0)",2026-06-25,3,0,6,0,0,1
"(1371614699, 1371614740, 0)",2026-06-06,5,1,11,0,0,1
"(1175877787, 1176476706, 0)",2026-05-03,6,0,13,2,0,5
"(1323430562, 5758954840, 0)",2026-05-17,6,0,12,0,0,2
"(6548212725, 6548212716, 0)",2026-06-17,2,0,9,0,1,7
"(6772044502, 1394212414, 0)",2026-07-26,6,0,16,2,1,8
"(6557376736, 3111984021, 0)",2026-06-11,3,0,6,1,0,1
"(1355636739, 1355636500, 0)",2026-06-08,0,0,16,1,1,9
"(6588574721, 6588574723, 0)",2026-05-21,3,0,7,0,1,9
"(1324181534, 1324181481, 0)",2026-07-10,4,1,19,2,0,9
"(1359003946, 1359004437, 0)",2026-05-03,6,0,20,2,0,5
"(1175877701, 1175876747, 0)",2026-06-18,3,0,11,0,0,2
"(1361117236, 1361117275, 0)",2026-07-09,3,0,7,0,1,6
"(1347569397, 1347569473, 0)",2026-07-02,3,0,23,0,0,2
"(1358332446, 1358332351, 0)",2026-06-20,5,1,15,1,1,2
"(1324570350, 6589563017, 0)",2026-06-25,3,0,21,0,0,3
"(5800294569, 1374129691, 0)",2026-07-03,4,1,17,0,0,1
"(1363883359, 1363882222, 0)",2026-05-17,6,0,6,0,0,3
"(1333236229, 6586890510, 0)",2026-06-10,2,0,8,0,1,8
"(1363882222, 1363883477, 0)",2026-05-10,6,0,19,0,0,3
"(1371956302, 1371956554, 0)",2026-07-29,2,0,23,2,0,4
"(1346638950, 1346639133, 0)",2026-07-24,4,1,10,0,0,3
"(1396443192, 6771620989, 0)",2026-06-29,0,0,8,0,1,8
"(1325840062, 1325839946, 0)",2026-07-15,2,0,15,0,1,6
"(1350774512, 2988947194, 0)",2026-05-07,3,0,21,0,0,2
"(1174154997, 1174154743, 0)",2026-06-25,3,0,16,0,1,8
"(6553484552, 1364174103, 0)",2026-05-30,5,1,11,0,0,1
"(1328078896, 724730812, 0)",2026-07-04,5,1,10,0,0,1
"(1175876849, 1175876791, 0)",2026-06-13,5,1,12,0,0,3
"(1334996016, 1379369291, 0)",2026-06-23,1,0,10,0,0,3
"(6735485653, 392257875, 0)",2026-07-06,0,0,13,0,0,2
"(1324181418, 6545381135, 0)",2026-07-20,0,0,13,1,0,2
"(6541505710, 1346779273, 0)",2026-06-16,1,0,7,0,1,6
"(1364174324, 1364174414, 0)",2026-07-05,6,0,22,0,0,2
"(1370583961, 1370584066, 0)",2026-06-26,4,1,8,1,1,1
"(6553429911, 1180288829, 0)",2026-07-16,3,0,17,1,0,3
"(6735485653, 392257875, 0)",2026-06-30,1,0,14,0,1,7
"(6546611579, 12031564935, 0)",2026-07-07,1,0,22,0,0,3
"(1184864093, 1184863233, 0)",2026-05-30,5,1,23,0,0,2
"(1380078531, 1380078522, 0)",2026-05-20,2,0,13,0,0,2
"(6552983852, 1346639031, 0)",2026-06-07,6,0,15,0,1,5
"(6598691631, 6596790435, 0)",2026-06-01,0,0,9,0,1,6
"(1346847201, 1346156985, 0)",2026-06-14,6,0,19,0,0,3
"(1350774257, 1350774330, 0)",2026-06-21,6,0,7,0,1,6
"(1323430533, 1323754188, 0)",2026-06-02,1,0,19,0,0,2
"(1324570374, 1324570421, 0)",2026-05-01,4,1,13,1,0,1
"(721619180, 1380541148, 0)",2026-06-19,4,1,6,0,0,3
"(1353114192, 1353114107, 0)",2026-05-23,5,1,6,0,0,1
"(1370583961, 1370584066, 0)",2026-06-05,4,1,10,0,0,1
"(6557974648, 1417561090, 0)",2026-05-04,0,0,15,0,1,8
"(12237200017, 1361117364, 0)",2026-05-04,0,0,7,0,1,8
"(1359003946, 1359004437, 0)",2026-05-16,5,1,20,0,0,7
"(1364174324, 1364174414, 0)",2026-07-21,1,0,10,1,0,2
"(6610375755, 6738772299, 0)",2026-06-20,5,1,19,1,0,6
"(1346216734, 1346612349, 0)",2026-06-21,6,0,10,0,0,3
"(1374245437, 1374245314, 0)",2026-05-10,6,0,10,0,0,1
"(11006104076, 11006104068, 0)",2026-07-07,1,0,23,0,0,1
"(11953619597, 11953619598, 0)",2026-06-06,5,1,16,0,1,3
"(1374279176, 1374279464, 0)",2026-07-12,6,0,12,0,0,2
"(1175877787, 1176476706, 0)",2026-07-26,6,0,7,2,1,10
"(1332669734, 6627933395, 0)",2026-06-01,0,0,20,0,0,2
"(1334303469, 1334303430, 0)",2026-06-08,0,0,12,1,0,1
"(12920669869, 1186889231, 0)",2026-05-16,5,1,10,0,0,3
"(6587904379, 6587823232, 0)",2026-06-29,0,0,7,0,1,7
"(1326941345, 1326941569, 0)",2026-07-02,3,0,9,0,1,7
"(1379372182, 1379372190, 0)",2026-06-23,1,0,15,0,1,6
"(1346638950, 1346639133, 0)",2026-06-14,6,0,20,0,0,1
"(6587835836, 1329148725, 0)",2026-07-12,6,0,14,0,1,6
"(6604359199, 6582026236, 0)",2026-06-18,3,0,13,0,0,1
"(1323430533, 1323754188, 0)",2026-05-06,2,0,15,0,1,9
"(1356917776, 1356920642, 0)",2026-06-29,0,0,17,0,0,3
"(6546611579, 12031564935, 0)",2026-05-28,3,0,9,1,1,7
"(6547426508, 5760614813, 0)",2026-07-18,5,1,20,0,0,7
"(6543942547, 6543919956, 0)",2026-06-05,4,1,16,0,1,1
"(1330400137, 6629198642, 0)",2026-05-05,1,0,7,1,1,5
"(1372020716, 1372021151, 0)",2026-07-21,1,0,23,1,0,1
"(1347137654, 1174967539, 0)",2026-06-07,6,0,22,0,0,3
"(1334303469, 1334303430, 0)",2026-05-02,5,1,11,0,0,1
"(1352193566, 1352193540, 0)",2026-05-07,3,0,11,0,0,1
"(6552768140, 1330947542, 0)",2026-06-16,1,0,10,0,0,3
"(5761923664, 1368366565, 0)",2026-05-01,4,1,7,1,1,3
"(1358332446, 1358332351, 0)",2026-07-17,4,1,12,0,0,3
"(1381026405, 1381026406, 0)",2026-07-14,1,0,20,0,0,3
"(6542839673, 3676454416, 0)",2026-05-30,5,1,9,0,1,1
"(1175375216, 1175373700, 0)",2026-05-08,4,1,22,1,0,7
"(6554445243, 11929623151, 0)",2026-06-07,6,0,11,0,0,2
"(1323345322, 1323345842, 0)",2026-06-06,5,1,6,0,0,3
"(6548147776, 6542110941, 0)",2026-07-19,6,0,16,0,1,9
"(6624547084, 6624573185, 0)",2026-05-15,4,1,23,1,0,1
"(1329637961, 1329637914, 0)",2026-05-04,0,0,16,0,1,6
"(1171724079, 1175374597, 0)",2026-07-01,2,0,7,0,1,9
"(1374245946, 1374246188, 0)",2026-05-14,3,0,12,0,0,3
"(1184780232, 13206205862, 0)",2026-07-07,1,0,10,0,0,1
"(1179694975, 1179694218, 0)",2026-07-20,0,0,14,1,1,6
"(1329735003, 2973460651, 0)",2026-07-04,5,1,13,0,0,2
"(5800294569, 1374129691, 0)",2026-05-22,4,1,8,1,1,3
"(6588133470, 721619009, 0)",2026-06-30,1,0,19,0,0,1
"(6557376729, 6557376724, 0)",2026-07-14,1,0,17,0,0,2
"(1324408906, 1324408750, 0)",2026-05-07,3,0,9,0,1,7
"(6547969023, 5761923677, 0)",2026-06-29,0,0,13,0,0,1
"(6772044486, 6772029084, 0)",2026-06-11,3,0,14,1,1,7
"(1396425558, 1396425569, 0)",2026-05-11,0,0,20,0,0,2
"(3111983583, 6547342476, 0)",2026-05-11,0,0,22,0,0,3
"(1322981366, 12539090832, 0)",2026-06-25,3,0,13,0,0,3
"(1335496222, 1356243636, 0)",2026-06-25,3,0,11,0,0,3
"(1323895307, 1323895309, 0)",2026-07-24,4,1,23,0,0,2
"(1326941595, 1326941528, 0)",2026-06-04,3,0,10,0,0,1
"(1380541785, 1380541789, 0)",2026-06-05,4,1,18,0,0,3
"(1371544145, 1371544159, 0)",2026-06-11,3,0,14,1,1,6
"(1361117236, 1361117275, 0)",2026-05-28,3,0,20,1,0,2
"(1350752740, 1350753292, 0)",2026-05-28,3,0,6,1,0,1
"(1379368400, 1379368402, 0)",2026-05-02,5,1,6,0,0,3
"(6775165202, 6775165196, 0)",2026-07-07,1,0,21,0,0,3
"(6547790611, 6547790609, 0)",2026-07-20,0,0,17,1,0,1
"(1380541785, 1380541789, 0)",2026-05-28,3,0,18,1,0,1
"(1173885682, 6552332791, 0)",2026-05-20,2,0,16,0,1,6
"(1323672609, 1323672760, 0)",2026-05-24,6,0,19,0,0,1
"(6769188408, 6769188439, 1)",2026-05-08,4,1,8,1,1,1
"(1354129491, 1354129442, 0)",2026-05-19,1,0,21,0,0,1
"(1175877680, 1175876658, 0)",2026-07-23,3,0,6,2,0,5
"(1364900601, 6552023122, 0)",2026-06-01,0,0,22,0,0,3
"(11953619597, 11953619598, 0)",2026-06-23,1,0,10,0,0,2
"(1335496467, 1335496670, 0)",2026-06-18,3,0,12,0,0,3
"(1323345861, 1323345984, 0)",2026-06-05,4,1,20,0,0,5
"(6637789299, 6637789301, 0)",2026-05-11,0,0,13,0,0,1
"(1349527741, 6552015853, 0)",2026-07-05,6,0,10,0,0,1
"(6637789301, 6637789305, 0)",2026-06-14,6,0,18,0,0,1
"(6557376736, 3111984021, 0)",2026-06-20,5,1,13,1,0,2
"(6755854467, 1372487009, 1)",2026-05-06,2,0,18,0,0,3
"(6561114829, 1171724116, 0)",2026-05-31,6,0,14,1,1,7
"(2988815667, 1366378749, 0)",2026-06-22,0,0,16,0,1,8
"(6555924658, 6555791336, 0)",2026-05-13,2,0,23,0,0,3
"(1395429860, 1395429882, 0)",2026-06-08,0,0,22,1,0,3
"(3111983583, 6547342476, 0)",2026-06-18,3,0,14,0,1,8
"(1174524594, 5754846394, 0)",2026-07-09,3,0,10,0,0,3
"(1396425400, 6775359719, 0)",2026-05-14,3,0,17,0,0,2
"(1380078531, 1380078522, 0)",2026-05-18,0,0,11,0,0,1
"(1334046976, 1334047484, 0)",2026-06-10,2,0,9,0,1,7
"(1171157846, 1171157694, 0)",2026-06-01,0,0,17,0,0,2
"(1328078896, 724730812, 0)",2026-07-20,0,0,9,1,1,5
"(1175375033, 1175375993, 0)",2026-06-08,0,0,20,1,0,2
"(6538590950, 6545048995, 0)",2026-06-09,1,0,21,0,0,2
"(1323672609, 1323672760, 0)",2026-06-03,2,0,7,0,1,6
"(1324181616, 1324181571, 0)",2026-05-23,5,1,18,0,0,2
"(12293292105, 12293228200, 0)",2026-06-18,3,0,20,0,0,3
"(1352193762, 1352193549, 0)",2026-06-23,1,0,11,0,0,1
"(1341691045, 6545091979, 0)",2026-07-18,5,1,22,0,0,7
"(6541243906, 6530776895, 0)",2026-05-15,4,1,18,1,0,1
"(1323345833, 1341987054, 0)",2026-07-17,4,1,9,0,1,1
"(1324570374, 1324570421, 0)",2026-05-21,3,0,12,0,0,3
"(1334047127, 1364900534, 0)",2026-06-18,3,0,17,0,0,1
"(1346612566, 1346611975, 0)",2026-05-31,6,0,14,1,1,6
"(13087366601, 1329433896, 0)",2026-05-26,1,0,7,0,1,8
"(1184780197, 1184780190, 0)",2026-07-22,2,0,14,0,1,8
"(6580927373, 6580961271, 0)",2026-07-20,0,0,18,1,0,3
"(6547182834, 6547182832, 0)",2026-06-23,1,0,7,0,1,7
"(1329345260, 1329345231, 0)",2026-05-30,5,1,20,0,0,5
"(1323895380, 1323895286, 0)",2026-06-04,3,0,13,0,0,3
"(1396425564, 6618274974, 0)",2026-05-28,3,0,12,1,0,3
"(1184780232, 13206205862, 0)",2026-07-07,1,0,9,0,1,6
"(6598348640, 6598161400, 0)",2026-07-15,2,0,7,0,1,5
"(1346847308, 1346847645, 0)",2026-05-20,2,0,15,0,1,5
"(6640700587, 1349781203, 0)",2026-07-15,2,0,10,0,0,3
"(1325840066, 6296868940, 0)",2026-06-10,2,0,13,0,0,1
"(1381026352, 1381026372, 0)",2026-05-27,2,0,9,0,1,6
"(1416742216, 266215164, 0)",2026-06-06,5,1,19,0,0,8
"(6580977491, 1806914762, 0)",2026-05-13,2,0,9,0,1,8
"(7362442903, 1333236256, 0)",2026-05-18,0,0,9,0,1,7
"(1329345245, 1327186582, 0)",2026-07-17,4,1,22,0,0,5
"(1331082569, 6749667095, 0)",2026-06-03,2,0,8,0,1,6
"(1184864093, 1184863233, 0)",2026-07-15,2,0,11,0,0,3
"(1364829676, 1364829247, 0)",2026-07-22,2,0,12,0,0,3
"(1330820105, 1330820244, 0)",2026-07-13,0,0,9,0,1,8
"(6548147776, 6542110941, 0)",2026-05-21,3,0,16,0,1,7
"(1358332446, 1358332351, 0)",2026-06-29,0,0,6,0,0,2
"(1173885926, 6573897495, 0)",2026-07-09,3,0,9,0,1,8
"(1380541242, 1380541236, 0)",2026-05-25,0,0,7,0,1,7
"(1325840066, 6296868940, 0)",2026-05-04,0,0,13,0,0,3
"(1351057242, 331562252, 0)",2026-06-06,5,1,18,0,0,1
"(1184943250, 1184942691, 0)",2026-05-02,5,1,19,0,0,6
"(6628867004, 6628867044, 0)",2026-05-04,0,0,10,0,0,3
"(6542333972, 6543093285, 0)",2026-06-24,2,0,7,1,1,8
"(1174154997, 1174154743, 0)",2026-05-18,0,0,21,0,0,2
"(1366234557, 6547766243, 0)",2026-06-03,2,0,10,0,0,2
"(1341987090, 1342945811, 0)",2026-07-28,1,0,13,0,0,2
"(5800294569, 1374129691, 0)",2026-07-16,3,0,21,1,0,3
"(1364900835, 719869622, 0)",2026-05-29,4,1,10,0,0,1
"(6640700587, 1349781203, 0)",2026-07-16,3,0,6,1,0,1
"(6538590950, 6545048995, 0)",2026-05-18,0,0,19,0,0,1
"(1323345559, 1323345237, 0)",2026-05-16,5,1,12,0,0,3
"(6557653945, 6557653962, 0)",2026-05-13,2,0,9,0,1,9
"(6541505710, 1346779273, 0)",2026-05-06,2,0,10,0,0,3
"(1347293015, 1347293062, 0)",2026-07-14,1,0,18,0,0,3
"(1356918579, 1356919507, 0)",2026-07-04,5,1,12,0,0,1
"(1356520047, 6615870733, 0)",2026-05-27,2,0,9,0,1,9
"(6542995199, 1361117830, 0)",2026-07-28,1,0,21,0,0,1
"(6769188408, 6769188439, 1)",2026-07-21,1,0,20,1,0,3
"(1332669891, 6628697084, 0)",2026-05-09,5,1,7,0,1,3
"(3111983583, 6547342476, 0)",2026-06-10,2,0,20,0,0,2
"(6555924658, 6555791336, 0)",2026-05-25,0,0,19,0,0,2
"(1380076849, 1380076927, 0)",2026-07-14,1,0,21,0,0,3
"(1324181534, 1324181481, 0)",2026-05-15,4,1,23,1,0,1
"(1330171400, 1329345386, 0)",2026-06-08,0,0,17,1,0,1
"(1184065354, 1184065309, 0)",2026-06-03,2,0,14,0,1,6
"(1329735003, 2973460651, 0)",2026-07-20,0,0,9,1,1,8
"(6548212725, 6548212716, 0)",2026-07-21,1,0,11,1,0,2
"(6581442350, 6581442349, 0)",2026-07-22,2,0,10,0,0,2
"(1347137629, 1347137196, 0)",2026-07-06,0,0,23,0,0,1
"(1356243636, 1356243715, 0)",2026-07-22,2,0,19,0,0,3
"(6561114834, 1174066991, 0)",2026-06-24,2,0,7,1,1,7
"(6546989131, 1330820209, 0)",2026-06-25,3,0,8,0,1,8
"(1374129773, 1374129642, 0)",2026-06-04,3,0,14,0,1,9
"(1175373522, 1175375870, 0)",2026-06-14,6,0,9,0,1,7
"(11006104077, 11006104104, 0)",2026-06-04,3,0,10,0,0,2
"(1184065354, 1184065309, 0)",2026-07-09,3,0,10,0,0,1
"(1344168045, 1344168110, 0)",2026-06-09,1,0,9,0,1,6
"(1174066989, 1174446923, 0)",2026-06-21,6,0,20,0,0,1
"(1324570350, 6589563017, 0)",2026-05-25,0,0,8,0,1,7
"(1346847201, 1346156985, 0)",2026-05-26,1,0,22,0,0,3
"(6568974979, 6569018810, 0)",2026-06-09,1,0,20,0,0,1
"(1374129709, 6631219361, 0)",2026-06-16,1,0,10,0,0,1
"(6624547071, 6624573186, 0)",2026-07-24,4,1,11,0,0,3
"(6755854467, 1372487009, 1)",2026-05-18,0,0,23,0,0,1
"(1346157096, 6557798743, 0)",2026-06-30,1,0,16,0,1,5
"(6552983852, 1346639031, 0)",2026-07-26,6,0,18,2,0,4
"(1350774113, 1350774443, 0)",2026-05-05,1,0,12,1,0,1
"(6544627086, 6544627091, 0)",2026-07-14,1,0,17,0,0,3
"(719870150, 719870151, 0)",2026-07-15,2,0,17,0,0,3
"(6542839673, 3676454416, 0)",2026-06-30,1,0,10,0,0,2
"(6637789299, 6637789301, 0)",2026-07-14,1,0,18,0,0,2
"(6547426508, 5760614813, 0)",2026-06-22,0,0,16,0,1,5
"(1178236745, 1178236855, 0)",2026-06-10,2,0,11,0,0,2
"(1356460312, 1356460609, 0)",2026-06-28,6,0,9,1,1,7
"(1356918901, 1356920642, 0)",2026-05-16,5,1,13,0,0,1
"(6584072707, 6584072708, 0)",2026-05-03,6,0,12,2,0,4
"(1356918579, 1356919507, 0)",2026-05-01,4,1,18,1,0,2
"(1346847038, 6304363132, 0)",2026-07-05,6,0,20,0,0,2
"(6542995199, 1361117830, 0)",2026-07-11,5,1,23,0,0,3
"(1323345650, 1323345329, 0)",2026-07-18,5,1,21,0,0,8
"(1178236745, 1178236855, 0)",2026-05-22,4,1,19,1,0,6
"(1344168045, 1344168110, 0)",2026-05-29,4,1,9,0,1,2
"(1341691045, 6545091979, 0)",2026-06-09,1,0,11,0,0,1
"(1396425564, 6618274974, 0)",2026-07-14,1,0,14,0,1,8
"(1330820321, 1330820182, 0)",2026-05-16,5,1,7,0,1,2
"(1175877701, 1175876747, 0)",2026-06-11,3,0,21,1,0,3
"(6543942506, 6543942517, 0)",2026-07-07,1,0,23,0,0,1
"(6623059680, 6623059676, 0)",2026-05-14,3,0,21,0,0,2
"(1371671621, 1371671088, 0)",2026-06-15,0,0,19,0,0,1
"(1174524649, 6754562258, 0)",2026-07-24,4,1,12,0,0,1
"(1329637969, 6581812753, 0)",2026-06-26,4,1,17,1,0,1
"(1356460312, 1356460609, 0)",2026-05-21,3,0,22,0,0,1
"(6569975864, 6598107139, 0)",2026-06-06,5,1,15,0,1,2
"(8278633101, 6558106796, 0)",2026-06-03,2,0,23,0,0,3
"(1330171652, 6581353529, 0)",2026-05-31,6,0,17,1,0,2
"(6775165202, 6775165196, 0)",2026-05-20,2,0,8,0,1,8
"(1353448531, 1353448730, 0)",2026-06-17,2,0,14,0,1,7
"(6561325489, 6561325488, 0)",2026-06-14,6,0,8,0,1,7
"(12920669869, 1186889231, 0)",2026-06-19,4,1,22,0,0,4
"(6543942506, 6543942517, 0)",2026-06-13,5,1,9,0,1,1
"(1183596438, 1183596411, 0)",2026-05-17,6,0,8,0,1,9
"(6622549169, 6304487990, 0)",2026-07-05,6,0,18,0,0,2
"(2442418232, 1179694631, 0)",2026-07-19,6,0,12,0,0,1
"(1350752740, 1350753292, 0)",2026-07-29,2,0,13,2,0,5
"(1612356756, 3775034738, 0)",2026-07-22,2,0,7,0,1,7
"(1346638950, 1346639133, 0)",2026-05-03,6,0,6,2,0,6
"(1324408994, 1324408803, 0)",2026-06-23,1,0,14,0,1,6
"(1356917776, 1356920642, 0)",2026-07-02,3,0,11,0,0,2
"(1346639125, 6553140114, 0)",2026-07-02,3,0,18,0,0,1
"(1364829713, 6544339896, 0)",2026-05-19,1,0,19,0,0,1
"(6543942506, 6543942517, 0)",2026-05-19,1,0,23,0,0,1
"(1346613092, 1346612605, 0)",2026-06-13,5,1,11,0,0,1
"(1395429860, 1395429882, 0)",2026-05-01,4,1,20,1,0,5
"(1329345245, 1327186582, 0)",2026-05-11,0,0,10,0,0,1
"(1381026352, 1381026372, 0)",2026-05-21,3,0,17,0,0,3
"(6561421802, 6561346682, 0)",2026-05-31,6,0,13,1,0,1
"(1172905009, 1172904968, 0)",2026-07-19,6,0,21,0,0,2
"(1172905009, 1172904968, 0)",2026-06-30,1,0,20,0,0,2
"(1354129491, 1354129442, 0)",2026-05-23,5,1,9,0,1,1
"(6561421802, 6561346682, 0)",2026-06-07,6,0,6,0,0,3
"(331538426, 596600176, 0)",2026-06-27,5,1,9,2,1,5
"(1352193762, 1352193549, 0)",2026-07-10,4,1,10,2,0,4
"(1346638950, 1346639133, 0)",2026-07-26,6,0,7,2,1,8
"(1418770624, 1418728209, 0)",2026-05-22,4,1,23,1,0,3
"(1349779720, 1356919050, 0)",2026-06-13,5,1,21,0,0,5
"(1184975499, 1185106853, 0)",2026-07-08,2,0,23,0,0,1
"(1347293015, 1347293062, 0)",2026-05-08,4,1,22,1,0,6
"(1323754577, 1323754198, 0)",2026-05-06,2,0,12,0,0,1
"(1372487710, 1372487151, 0)",2026-07-19,6,0,11,0,0,1
"(6547573862, 6547573873, 0)",2026-07-26,6,0,23,2,0,4
"(1331082569, 6749667095, 0)",2026-06-23,1,0,12,0,0,3
"(1366234557, 6547766243, 0)",2026-07-10,4,1,10,2,0,3
"(1323430669, 1323430782, 0)",2026-07-20,0,0,11,1,0,2
"(6552183332, 5755970960, 0)",2026-07-02,3,0,22,0,0,2
"(1374435979, 1364174412, 0)",2026-05-13,2,0,14,0,1,5
"(1172905009, 1172904968, 0)",2026-05-22,4,1,14,1,1,3
"(331556716, 1175876922, 0)",2026-07-16,3,0,17,1,0,3
"(6538590950, 6545048995, 0)",2026-05-15,4,1,10,1,0,2
"(1333236229, 6586890510, 0)",2026-07-28,1,0,23,0,0,3
"(1358332446, 1358332351, 0)",2026-07-22,2,0,13,0,0,1
"(1355636386, 1355636743, 0)",2026-06-21,6,0,9,0,1,8
"(6547426508, 5760614813, 0)",2026-07-27,0,0,19,0,0,2
"(2988775567, 1374245347, 0)",2026-05-07,3,0,21,0,0,3
"(1323672567, 1323672729, 0)",2026-05-26,1,0,10,0,0,2
"(6555547270, 1175742029, 0)",2026-06-19,4,1,12,0,0,2
"(3676443887, 3676443901, 0)",2026-05-23,5,1,20,0,0,4
"(1350752677, 1350752992, 0)",2026-07-10,4,1,12,2,0,3
"(1350752656, 6602350580, 0)",2026-06-10,2,0,20,0,0,1
"(6610375755, 6738772299, 0)",2026-05-03,6,0,23,2,0,5
"(1356918901, 1356920642, 0)",2026-06-27,5,1,17,2,0,5
"(1334014231, 6754562268, 0)",2026-07-07,1,0,13,0,0,1
"(6581442350, 6581442349, 0)",2026-05-22,4,1,15,1,1,1
"(1364900601, 6552023122, 0)",2026-05-01,4,1,14,1,1,1
"(1186524341, 1186524464, 0)",2026-07-28,1,0,9,0,1,5
"(6580964317, 1323345593, 0)",2026-07-11,5,1,12,0,0,1
"(1175375033, 1175375993, 0)",2026-06-16,1,0,17,0,0,1
"(1349527623, 1349527724, 0)",2026-05-09,5,1,20,0,0,6
"(1346612860, 1346612090, 0)",2026-05-28,3,0,17,1,0,3
"(1361117286, 1361117571, 0)",2026-05-23,5,1,12,0,0,1
"(6554335446, 1172905052, 0)",2026-07-24,4,1,8,0,1,1
"(6591306604, 13980225453, 0)",2026-06-23,1,0,10,0,0,1
"(1361117697, 1361117344, 0)",2026-06-13,5,1,17,0,0,1
"(6769787807, 1349781643, 0)",2026-06-29,0,0,23,0,0,1
"(6542839673, 3676454416, 0)",2026-06-14,6,0,15,0,1,8
"(1371956399, 1371956539, 0)",2026-07-08,2,0,20,0,0,2
"(6591306604, 13980225453, 0)",2026-07-19,6,0,18,0,0,3
"(6585521761, 6585521754, 0)",2026-05-18,0,0,11,0,0,2
"(1356917806, 1356918903, 0)",2026-07-19,6,0,7,0,1,6
"(1330400137, 6629198642, 0)",2026-07-11,5,1,18,0,0,1
"(6623059680, 6623059676, 0)",2026-07-17,4,1,22,0,0,6
"(5761923664, 1368366565, 0)",2026-06-02,1,0,12,0,0,1
"(6629184675, 1324373501, 0)",2026-05-20,2,0,8,0,1,8
"(1325840095, 1325839862, 0)",2026-07-07,1,0,21,0,0,1
"(6561325489, 6561325488, 0)",2026-07-27,0,0,7,0,1,5
"(1331244808, 1331245774, 0)",2026-06-14,6,0,12,0,0,2
"(6541820282, 1343821122, 0)",2026-07-02,3,0,6,0,0,2
"(6543942547, 6543919956, 0)",2026-07-29,2,0,23,2,0,6
"(6624547071, 6624573186, 0)",2026-07-28,1,0,9,0,1,6
"(1323430533, 1323754188, 0)",2026-07-03,4,1,10,0,0,3
"(1178236865, 1178236463, 0)",2026-07-06,0,0,21,0,0,1
"(6581442350, 6581442349, 0)",2026-06-11,3,0,17,1,0,1
"(6542333972, 6543093285, 0)",2026-06-25,3,0,14,0,1,6
"(9407387382, 1185579794, 0)",2026-06-26,4,1,6,1,0,1
"(1330171637, 1330170399, 0)",2026-05-11,0,0,13,0,0,1
"(1330820105, 1330820244, 0)",2026-06-17,2,0,14,0,1,5
"(1174525096, 1174524924, 0)",2026-05-06,2,0,7,0,1,6
"(1334014231, 6754562268, 0)",2026-07-11,5,1,7,0,1,1
"(1184065373, 1184065322, 0)",2026-06-06,5,1,6,0,0,1
"(1324408906, 1324408750, 0)",2026-07-19,6,0,11,0,0,3
"(1329698748, 1329698691, 0)",2026-05-10,6,0,6,0,0,2
"(1361117264, 1361117334, 0)",2026-05-01,4,1,20,1,0,7
"(719869622, 719869612, 0)",2026-06-09,1,0,7,0,1,8
"(6775370153, 6775370130, 0)",2026-05-03,6,0,17,2,0,4
"(6757636101, 6756086743, 0)",2026-06-17,2,0,7,0,1,7
"(6769902214, 1379368792, 0)",2026-07-21,1,0,23,1,0,1
"(1327149840, 1327149966, 0)",2026-07-24,4,1,9,0,1,3
"(6547182834, 6547182832, 0)",2026-07-03,4,1,9,0,1,2
"(1354670094, 1354670321, 0)",2026-06-29,0,0,22,0,0,2
"(1325840066, 6296868940, 0)",2026-07-02,3,0,17,0,0,2
"(1354862489, 1354862557, 0)",2026-06-16,1,0,9,0,1,6
"(1370526769, 1370526928, 0)",2026-07-26,6,0,20,2,0,3
"(1353114192, 1353114107, 0)",2026-06-26,4,1,8,1,1,2
"(5754489564, 1175374600, 0)",2026-07-13,0,0,21,0,0,2
"(1396443245, 1396443273, 0)",2026-07-14,1,0,6,0,0,1
"(1371955805, 1371955991, 0)",2026-05-22,4,1,19,1,0,7
"(1184864093, 1184863233, 0)",2026-07-21,1,0,11,1,0,3
"(1361117556, 1361117294, 0)",2026-06-24,2,0,6,1,0,3
"(1347137629, 1347137196, 0)",2026-06-05,4,1,14,0,1,1
"(1331244754, 1331244877, 0)",2026-05-25,0,0,7,0,1,6
"(1174524594, 5754846394, 0)",2026-07-29,2,0,15,2,1,10
"(6547573862, 6547573873, 0)",2026-05-14,3,0,6,0,0,3
"(1355636739, 1355636500, 0)",2026-07-15,2,0,14,0,1,7
"(1341987090, 1342945811, 0)",2026-06-22,0,0,9,0,1,8
"(1346778840, 1346779524, 0)",2026-05-24,6,0,18,0,0,2
"(1374435979, 1364174412, 0)",2026-05-18,0,0,11,0,0,3
"(6542839673, 3676454416, 0)",2026-07-28,1,0,11,0,0,3
"(1352194048, 6933986339, 0)",2026-05-11,0,0,20,0,0,1
"(6586987099, 6586987098, 0)",2026-05-14,3,0,18,0,0,2
"(1173885926, 6573897495, 0)",2026-05-23,5,1,18,0,0,2
"(1372487710, 1372487151, 0)",2026-06-17,2,0,20,0,0,1
"(1364829529, 1364829688, 0)",2026-07-05,6,0,19,0,0,1
"(1347293046, 1347292957, 0)",2026-07-04,5,1,23,0,0,1
"(1379372187, 6569961687, 0)",2026-05-02,5,1,23,0,0,2
"(1174154997, 1174154743, 0)",2026-07-26,6,0,21,2,0,3
"(1357216546, 1357216432, 0)",2026-05-09,5,1,8,0,1,1
"(1371956399, 1371956539, 0)",2026-06-19,4,1,11,0,0,1
"(1374279064, 1374279335, 0)",2026-07-05,6,0,20,0,0,2
"(1326063002, 1326063009, 0)",2026-06-29,0,0,9,0,1,5
"(1186425464, 1184975564, 0)",2026-06-26,4,1,13,1,0,3
"(1175375033, 1175375993, 0)",2026-07-24,4,1,9,0,1,1
"(1332724217, 1332724480, 0)",2026-05-25,0,0,14,0,1,5
"(1330171637, 1330170399, 0)",2026-05-28,3,0,15,1,1,6
"(6600730979, 1418728240, 0)",2026-06-29,0,0,13,0,0,2
"(1323430533, 1323754188, 0)",2026-07-10,4,1,13,2,0,6
"(1186425464, 1184975564, 0)",2026-05-29,4,1,14,0,1,2
"(1324373626, 1324373548, 0)",2026-06-19,4,1,11,0,0,1
"(1323754577, 1323754198, 0)",2026-05-16,5,1,19,0,0,6
"(6584072707, 6584072708, 0)",2026-05-13,2,0,14,0,1,7
"(1329637794, 1329637952, 0)",2026-05-16,5,1,10,0,0,1
"(6567047164, 6567047167, 0)",2026-05-09,5,1,16,0,1,1
"(1361117697, 1361117344, 0)",2026-07-24,4,1,14,0,1,1
"(1174066989, 1174446923, 0)",2026-06-02,1,0,8,0,1,6
"(6584072707, 6584072708, 0)",2026-06-06,5,1,14,0,1,2
"(1184864093, 1184863233, 0)",2026-07-26,6,0,18,2,0,5
"(1346612566, 1346611975, 0)",2026-05-20,2,0,17,0,0,2
"(1347137658, 6540243378, 0)",2026-07-12,6,0,21,0,0,2
"(719870150, 719870151, 0)",2026-05-09,5,1,9,0,1,3
"(6772044502, 1394212414, 0)",2026-07-23,3,0,16,2,1,10
"(1334046976, 1334047484, 0)",2026-06-24,2,0,23,1,0,3
"(1330170196, 1330171107, 0)",2026-05-14,3,0,22,0,0,2
"(1330170196, 1330171107, 0)",2026-07-07,1,0,15,0,1,8
"(1334046976, 1334047484, 0)",2026-05-08,4,1,8,1,1,3
"(1358332446, 1358332351, 0)",2026-05-16,5,1,22,0,0,6
"(1416742216, 266215164, 0)",2026-06-21,6,0,20,0,0,3
"(1346847038, 6304363132, 0)",2026-07-07,1,0,17,0,0,1
"(1349779720, 1356919050, 0)",2026-07-08,2,0,21,0,0,2
"(1346216734, 1346612349, 0)",2026-05-19,1,0,16,0,1,7
"(1323672769, 1323672516, 0)",2026-07-26,6,0,17,2,0,4
"(2988813045, 1371671494, 0)",2026-07-20,0,0,19,1,0,1
"(1366234574, 1366234660, 0)",2026-05-24,6,0,13,0,0,2
"(6553169892, 6553169905, 0)",2026-07-06,0,0,14,0,1,9
"(1347137399, 1347137564, 0)",2026-06-25,3,0,9,0,1,7
"(1331244983, 1331245676, 0)",2026-07-07,1,0,20,0,0,2
"(1356243636, 1356243715, 0)",2026-05-27,2,0,18,0,0,3
"(6546989131, 1330820209, 0)",2026-06-10,2,0,11,0,0,3
"(1333236267, 6640086937, 0)",2026-05-17,6,0,9,0,1,6
"(1347137399, 1347137564, 0)",2026-07-19,6,0,8,0,1,6
"(2988815667, 1366378749, 0)",2026-07-28,1,0,19,0,0,1
"(6557376736, 3111984021, 0)",2026-07-11,5,1,12,0,0,1
"(6769902214, 1379368792, 0)",2026-05-24,6,0,22,0,0,1
"(1380078531, 1380078522, 0)",2026-07-05,6,0,14,0,1,9
"(1356243636, 1356243715, 0)",2026-06-19,4,1,22,0,0,7
"(1352193870, 1352193896, 0)",2026-05-17,6,0,13,0,0,3
"(1171724079, 1175374597, 0)",2026-06-16,1,0,22,0,0,2
"(6580977491, 1806914762, 0)",2026-05-03,6,0,14,2,1,8
"(6567047164, 6567047167, 0)",2026-07-28,1,0,8,0,1,9
"(6629184675, 1324373501, 0)",2026-06-26,4,1,12,1,0,1
"(1352194048, 6933986339, 0)",2026-07-08,2,0,23,0,0,2
"(1393170581, 1393416370, 0)",2026-06-03,2,0,8,0,1,7
"(1371956399, 1371956539, 0)",2026-06-27,5,1,12,2,0,5
"(6598691631, 6596790435, 0)",2026-07-19,6,0,14,0,1,7
"(1329345260, 1329345231, 0)",2026-07-16,3,0,17,1,0,3
"(1350752656, 6602350580, 0)",2026-06-26,4,1,6,1,0,2
"(1396425400, 6775359719, 0)",2026-07-11,5,1,23,0,0,3
"(1178236650, 1178236811, 0)",2026-06-27,5,1,20,2,0,10
"(1416742216, 266215164, 0)",2026-06-30,1,0,10,0,0,1
"(1374279064, 1374279335, 0)",2026-06-12,4,1,12,1,0,2
"(6547573862, 6547573873, 0)",2026-06-05,4,1,9,0,1,2
"(1174524649, 6754562258, 0)",2026-05-01,4,1,9,1,1,3
"(1366234574, 1366234660, 0)",2026-06-14,6,0,9,0,1,9
"(6610375755, 6738772299, 0)",2026-07-08,2,0,20,0,0,2
"(1346613092, 1346612605, 0)",2026-06-25,3,0,6,0,0,1
"(1330171652, 6581353529, 0)",2026-05-22,4,1,23,1,0,2
"(1806914836, 1323345311, 0)",2026-07-08,2,0,13,0,0,3
"(6640233021, 6640233022, 0)",2026-05-05,1,0,12,1,0,3
"(6769188408, 6769188439, 1)",2026-05-24,6,0,8,0,1,7
"(1326941595, 1326941528, 0)",2026-07-22,2,0,15,0,1,7
"(1374245437, 1374245314, 0)",2026-06-10,2,0,18,0,0,1
"(6573704012, 6573704007, 0)",2026-06-30,1,0,13,0,0,3
"(1330820105, 1330820244, 0)",2026-06-28,6,0,11,1,0,2
"(6557376752, 6557597643, 0)",2026-07-08,2,0,9,0,1,7
"(6553621910, 1341691134, 0)",2026-07-04,5,1,6,0,0,3
"(1330171637, 1330170399, 0)",2026-07-22,2,0,22,0,0,3
"(1323345559, 1323345237, 0)",2026-05-08,4,1,21,1,0,6
"(1356243636, 1356243715, 0)",2026-06-19,4,1,16,0,1,3
"(1343821184, 1343821263, 0)",2026-07-02,3,0,19,0,0,2
"(1324373626, 1324373548, 0)",2026-06-29,0,0,13,0,0,3
"(1355636739, 1355636500, 0)",2026-06-12,4,1,22,1,0,6
"(6777684910, 1352193694, 0)",2026-05-30,5,1,14,0,1,1
"(6553169892, 6553169905, 0)",2026-07-21,1,0,22,1,0,2
"(1183596438, 1183596411, 0)",2026-06-04,3,0,8,0,1,5
"(1325839946, 1326062805, 0)",2026-07-05,6,0,14,0,1,9
"(1356920102, 6627437350, 0)",2026-06-09,1,0,7,0,1,7
"(1172905066, 1172905094, 0)",2026-07-19,6,0,6,0,0,1
"(1374279617, 6584639024, 0)",2026-07-25,5,1,19,0,0,6
"(6775165202, 6775165196, 0)",2026-05-16,5,1,10,0,0,3
"(6548212725, 6548212716, 0)",2026-06-27,5,1,9,2,1,6
"(1370526613, 1370526548, 0)",2026-05-16,5,1,16,0,1,2
"(6577216619, 1367530046, 0)",2026-06-13,5,1,13,0,0,1
"(6555547270, 1175742029, 0)",2026-05-10,6,0,7,0,1,6
"(1374245437, 1374245314, 0)",2026-07-01,2,0,18,0,0,3
"(1356917776, 1356920642, 0)",2026-06-03,2,0,15,0,1,6
"(8278633101, 6558106796, 0)",2026-06-06,5,1,20,0,0,4
"(1325840095, 1325839862, 0)",2026-06-09,1,0,10,0,0,1
"(6629184675, 1324373501, 0)",2026-07-04,5,1,14,0,1,2
"(1366234574, 1366234660, 0)",2026-05-24,6,0,18,0,0,1
"(1323672609, 1323672760, 0)",2026-07-14,1,0,9,0,1,7
"(1181366272, 1181365512, 0)",2026-05-11,0,0,14,0,1,6
"(6584072707, 6584072708, 0)",2026-06-05,4,1,21,0,0,5
"(1184943115, 1185026255, 0)",2026-05-28,3,0,21,1,0,2
"(1171157846, 1171157694, 0)",2026-07-18,5,1,17,0,0,2
"(6640700587, 1349781203, 0)",2026-07-26,6,0,10,2,0,4
"(9407471693, 6630522620, 0)",2026-05-27,2,0,6,0,0,3
"(6629184675, 1324373501, 0)",2026-07-29,2,0,11,2,0,5
"(1347137399, 1347137564, 0)",2026-06-14,6,0,22,0,0,1
"(1322981515, 5759060158, 0)",2026-07-17,4,1,17,0,0,3
"(1171724079, 1175374597, 0)",2026-06-17,2,0,16,0,1,7
"(1352193762, 1352193549, 0)",2026-05-05,1,0,17,1,0,2
"(6640233021, 6640233022, 0)",2026-07-22,2,0,8,0,1,6
"(2988775567, 1374245347, 0)",2026-05-10,6,0,14,0,1,8
"(1324408906, 1324408750, 0)",2026-05-26,1,0,20,0,0,2
"(6583043108, 1331082612, 0)",2026-05-17,6,0,14,0,1,7
"(1356917806, 1356918903, 0)",2026-05-09,5,1,23,0,0,3
"(1179694693, 5761922487, 0)",2026-05-11,0,0,12,0,0,3
"(1346847201, 1346156985, 0)",2026-06-29,0,0,12,0,0,2
"(1396425400, 6775359719, 0)",2026-06-18,3,0,16,0,1,9
"(1343821200, 1343821239, 0)",2026-07-10,4,1,18,2,0,5
"(1354670094, 1354670321, 0)",2026-07-01,2,0,11,0,0,1
"(1186889099, 1186546606, 0)",2026-05-04,0,0,10,0,0,2
"(6546989131, 1330820209, 0)",2026-06-29,0,0,17,0,0,2
"(1341718877, 1344168014, 0)",2026-06-01,0,0,14,0,1,6
"(1322981515, 5759060158, 0)",2026-06-13,5,1,8,0,1,1
"(1341740647, 1341740642, 0)",2026-06-11,3,0,8,1,1,7
"(6304487276, 1322981701, 0)",2026-06-07,6,0,23,0,0,2
"(6586987099, 6586987098, 0)",2026-07-01,2,0,13,0,0,3
"(1323345669, 1323345355, 0)",2026-07-05,6,0,20,0,0,2
"(3112549168, 3112549151, 0)",2026-07-13,0,0,23,0,0,2
"(1361117697, 1361117344, 0)",2026-05-21,3,0,20,0,0,1
"(1184065354, 1184065309, 0)",2026-06-23,1,0,23,0,0,1
"(1325840062, 1325839946, 0)",2026-06-05,4,1,21,0,0,5
"(6554335446, 1172905052, 0)",2026-07-20,0,0,20,1,0,3
"(1372487710, 1372487151, 0)",2026-05-13,2,0,16,0,1,8
"(11953619597, 11953619598, 0)",2026-05-16,5,1,19,0,0,7
"(1353114130, 1353114171, 0)",2026-06-15,0,0,10,0,0,2
"(6543952951, 6543952960, 0)",2026-05-02,5,1,22,0,0,5
"(1171724079, 1175374597, 0)",2026-07-15,2,0,10,0,0,1
"(1346847673, 1346779125, 0)",2026-05-10,6,0,20,0,0,3
"(6637789301, 6637789305, 0)",2026-05-16,5,1,16,0,1,3
"(11006104077, 11006104104, 0)",2026-07-21,1,0,8,1,1,5
"(1361117264, 1361117334, 0)",2026-07-25,5,1,10,0,0,2
"(6567047164, 6567047167, 0)",2026-06-28,6,0,6,1,0,1
"(1371671327, 1371671454, 0)",2026-06-22,0,0,6,0,0,2
"(1334047122, 1334047056, 0)",2026-05-22,4,1,21,1,0,6
"(1364900687, 6545606375, 0)",2026-05-25,0,0,12,0,0,1
"(1379372182, 1379372190, 0)",2026-06-30,1,0,21,0,0,1
"(11006104076, 11006104068, 0)",2026-07-01,2,0,9,0,1,6
"(1374245946, 1374246188, 0)",2026-05-14,3,0,14,0,1,7
"(1374279176, 1374279464, 0)",2026-05-09,5,1,22,0,0,7
"(1184065373, 1184065322, 0)",2026-07-24,4,1,18,0,0,1
"(1329735003, 2973460651, 0)",2026-05-17,6,0,17,0,0,2
"(1334303469, 1334303430, 0)",2026-06-02,1,0,19,0,0,3
"(6757354948, 1332017603, 0)",2026-06-16,1,0,19,0,0,3
"(1346612860, 1346612090, 0)",2026-05-01,4,1,12,1,0,1
"(1346847308, 1346847645, 0)",2026-07-27,0,0,23,0,0,3
"(1367529816, 1367529601, 0)",2026-06-20,5,1,13,1,0,3
"(1361117236, 1361117275, 0)",2026-06-03,2,0,21,0,0,3
"(1330170196, 1330171107, 0)",2026-07-15,2,0,9,0,1,8
"(6572664808, 6304571031, 0)",2026-05-24,6,0,10,0,0,3
"(2988710800, 6588133421, 0)",2026-05-21,3,0,6,0,0,1
"(6552362569, 6552362570, 0)",2026-05-12,1,0,21,1,0,1
"(6558050360, 6538858465, 0)",2026-06-08,0,0,9,1,1,5
"(1323672567, 1323672729, 0)",2026-07-13,0,0,20,0,0,1
"(7456067127, 1356940127, 0)",2026-05-05,1,0,8,1,1,8
"(1325839946, 1326062805, 0)",2026-07-01,2,0,15,0,1,7
"(1346612860, 1346612090, 0)",2026-07-24,4,1,15,0,1,1
"(1380076849, 1380076927, 0)",2026-06-22,0,0,12,0,0,3
"(1334014231, 6754562268, 0)",2026-06-10,2,0,19,0,0,3
"(6555924658, 6555791336, 0)",2026-07-17,4,1,15,0,1,1
"(1347137399, 1347137564, 0)",2026-06-22,0,0,21,0,0,3
"(6543952951, 6543952960, 0)",2026-07-05,6,0,18,0,0,1
"(6553484552, 1364174103, 0)",2026-06-23,1,0,20,0,0,1
"(1396425558, 1396425569, 0)",2026-06-07,6,0,9,0,1,7
"(2988775567, 1374245347, 0)",2026-07-03,4,1,18,0,0,3
"(6538590950, 6545048995, 0)",2026-07-03,4,1,13,0,0,2
"(1330537648, 6554845384, 0)",2026-05-05,1,0,8,1,1,7
"(1184943115, 1185026255, 0)",2026-05-09,5,1,18,0,0,2
"(1334303469, 1334303430, 0)",2026-05-16,5,1,10,0,0,3
"(1355636739, 1355636500, 0)",2026-07-28,1,0,15,0,1,8
"(1371956399, 1371956539, 0)",2026-07-06,0,0,23,0,0,2
"(6561325489, 6561325488, 0)",2026-05-16,5,1,8,0,1,1
"(1371955805, 1371955991, 0)",2026-06-16,1,0,10,0,0,3
"(1361117556, 1361117294, 0)",2026-07-14,1,0,16,0,1,6
"(1350029522, 1350029611, 0)",2026-07-16,3,0,23,1,0,3
"(6601590979, 6601533325, 0)",2026-07-27,0,0,16,0,1,7
"(3112549168, 3112549151, 0)",2026-05-30,5,1,11,0,0,3
"(1330947296, 1330820257, 0)",2026-05-12,1,0,15,1,1,6
"(1346847038, 6304363132, 0)",2026-05-01,4,1,13,1,0,1
"(6552768140, 1330947542, 0)",2026-07-13,0,0,6,0,0,2
"(1354129491, 1354129442, 0)",2026-05-17,6,0,13,0,0,2
"(1364829529, 1364829688, 0)",2026-05-18,0,0,8,0,1,5
"(1350752677, 1350752992, 0)",2026-05-02,5,1,23,0,0,1
"(1374129773, 1374129642, 0)",2026-07-14,1,0,23,0,0,3
"(6576721831, 3250738467, 0)",2026-06-06,5,1,11,0,0,1
"(1325840062, 1325839946, 0)",2026-07-25,5,1,22,0,0,6
"(1322981947, 1322981470, 0)",2026-07-24,4,1,6,0,0,1
"(1332669891, 6628697084, 0)",2026-05-31,6,0,14,1,1,8
"(1174154997, 1174154743, 0)",2026-05-08,4,1,12,1,0,1
"(1356920102, 6627437350, 0)",2026-06-22,0,0,18,0,0,2
"(1324570374, 1324570421, 0)",2026-06-23,1,0,6,0,0,3
"(1331244655, 1331244362, 0)",2026-07-17,4,1,6,0,0,3
"(1374129709, 6631219361, 0)",2026-06-02,1,0,7,0,1,7
"(6546989131, 1330820209, 0)",2026-05-17,6,0,18,0,0,3
"(331565003, 331565002, 0)",2026-06-06,5,1,12,0,0,1
"(6554445243, 11929623151, 0)",2026-05-27,2,0,14,0,1,6
"(1350752656, 6602350580, 0)",2026-07-14,1,0,12,0,0,3
"(1324408906, 1324408750, 0)",2026-05-22,4,1,13,1,0,2
"(1366234574, 1366234660, 0)",2026-07-12,6,0,11,0,0,2
"(6538590950, 6545048995, 0)",2026-06-29,0,0,22,0,0,1
"(1367529816, 1367529601, 0)",2026-07-10,4,1,8,2,1,5
"(1347293046, 1347292957, 0)",2026-05-18,0,0,16,0,1,8
"(6541505710, 1346779273, 0)",2026-07-20,0,0,23,1,0,3
"(1171157846, 1171157694, 0)",2026-05-15,4,1,8,1,1,3
"(1347293015, 1347293062, 0)",2026-05-02,5,1,20,0,0,6
"(6580964317, 1323345593, 0)",2026-05-06,2,0,12,0,0,1
"(1334014187, 1358046381, 0)",2026-07-15,2,0,6,0,0,1
"(1379372182, 1379372190, 0)",2026-06-08,0,0,19,1,0,1
"(1173885682, 6552332791, 0)",2026-06-22,0,0,23,0,0,1
"(6640700587, 1349781203, 0)",2026-07-26,6,0,23,2,0,5
"(1361117264, 1361117334, 0)",2026-07-16,3,0,12,1,0,3
"(1351057242, 331562252, 0)",2026-06-08,0,0,9,1,1,5
"(1349779720, 1356919050, 0)",2026-07-15,2,0,9,0,1,7
"(1353114192, 1353114107, 0)",2026-05-02,5,1,8,0,1,1
"(6554335446, 1172905052, 0)",2026-05-21,3,0,7,0,1,5
"(1329698788, 1329698816, 0)",2026-05-03,6,0,6,2,0,5
"(6587835836, 1329148725, 0)",2026-07-22,2,0,13,0,0,2
"(1323345690, 1323345352, 0)",2026-05-13,2,0,23,0,0,2
"(1323345470, 1323345442, 0)",2026-06-28,6,0,8,1,1,6
"(1356918901, 1356920642, 0)",2026-05-03,6,0,8,2,1,9
"(5754411776, 331541812, 0)",2026-07-24,4,1,19,0,0,6
"(5930720830, 6598993780, 0)",2026-05-08,4,1,20,1,0,7
"(1334014231, 6754562268, 0)",2026-06-07,6,0,6,0,0,1
"(1324181560, 1324181166, 0)",2026-05-03,6,0,17,2,0,6
"(6554445243, 11929623151, 0)",2026-06-08,0,0,16,1,1,9
"(1356243636, 1356243715, 0)",2026-05-09,5,1,19,0,0,6
"(1178236650, 1178236811, 0)",2026-07-05,6,0,19,0,0,1
"(6598161400, 6598348640, 0)",2026-07-11,5,1,8,0,1,1
"(6567047164, 6567047167, 0)",2026-05-12,1,0,12,1,0,2
"(1332017826, 1332017777, 0)",2026-05-17,6,0,11,0,0,1
"(1323345470, 1323345442, 0)",2026-07-07,1,0,22,0,0,3
"(6738710309, 6738506445, 0)",2026-05-21,3,0,13,0,0,1
"(6588133470, 721619009, 0)",2026-05-28,3,0,10,1,0,1
"(1353114192, 1353114107, 0)",2026-07-09,3,0,10,0,0,2
"(1171157846, 1171157694, 0)",2026-07-16,3,0,14,1,1,7
"(1327149840, 1327149966, 0)",2026-06-12,4,1,15,1,1,2
"(1186425464, 1184975564, 0)",2026-05-05,1,0,16,1,1,8
"(6559065353, 6559065355, 0)",2026-07-17,4,1,9,0,1,3
"(2988813045, 1371671494, 0)",2026-05-24,6,0,10,0,0,1
"(6547969023, 5761923677, 0)",2026-07-09,3,0,20,0,0,3
"(12208471727, 12208928944, 0)",2026-07-02,3,0,23,0,0,2
"(6580927373, 6580961271, 0)",2026-05-30,5,1,21,0,0,7
"(1348960214, 1348960243, 0)",2026-07-05,6,0,13,0,0,1
"(721619073, 1334295727, 0)",2026-06-26,4,1,10,1,0,1
"(1356243636, 1356243715, 0)",2026-05-25,0,0,15,0,1,8
"(6631173960, 6631708296, 0)",2026-07-26,6,0,14,2,1,9
"(1352193566, 1352193540, 0)",2026-07-02,3,0,7,0,1,5
"(6640700587, 1349781203, 0)",2026-07-06,0,0,8,0,1,7
"(1380541242, 1380541236, 0)",2026-05-07,3,0,20,0,0,3
"(1324181494, 6622601720, 0)",2026-05-16,5,1,17,0,0,2
"(6541526356, 6530711225, 0)",2026-05-06,2,0,11,0,0,3
"(9407471693, 6630522620, 0)",2026-07-23,3,0,16,2,1,10
"(1327186259, 1327186566, 0)",2026-07-20,0,0,20,1,0,3
"(1371956302, 1371956554, 0)",2026-06-25,3,0,23,0,0,1
"(1184065373, 1184065322, 0)",2026-07-16,3,0,15,1,1,7
"(1334014231, 6754562268, 0)",2026-07-28,1,0,22,0,0,3
"(12202083138, 12202083141, 0)",2026-05-05,1,0,13,1,0,3
"(1374279176, 1374279464, 0)",2026-07-02,3,0,13,0,0,2
"(1347137543, 1347137628, 0)",2026-07-02,3,0,18,0,0,2
"(1324408890, 1324408701, 0)",2026-06-10,2,0,19,0,0,3
"(1367529816, 1367529601, 0)",2026-06-24,2,0,11,1,0,3
"(6557376736, 3111984021, 0)",2026-05-17,6,0,17,0,0,1
"(2988710800, 6588133421, 0)",2026-06-16,1,0,17,0,0,1
"(6580927373, 6580961271, 0)",2026-07-08,2,0,21,0,0,3
"(1331244808, 1331245774, 0)",2026-07-09,3,0,23,0,0,2
"(1178236650, 1178236811, 0)",2026-07-01,2,0,11,0,0,2
"(1346847673, 1346779125, 0)",2026-05-03,6,0,13,2,0,5
"(5800294569, 1374129691, 0)",2026-05-04,0,0,19,0,0,2
"(1329637969, 6581812753, 0)",2026-05-13,2,0,15,0,1,9
"(1806914836, 1323345311, 0)",2026-06-06,5,1,13,0,0,2
"(8278633101, 6558106796, 0)",2026-05-07,3,0,13,0,0,2
"(1373281684, 1373281574, 0)",2026-07-27,0,0,7,0,1,5
"(13980225467, 13980225457, 0)",2026-05-05,1,0,21,1,0,1
"(6556986422, 5766243919, 0)",2026-06-12,4,1,7,1,1,2
"(1418770624, 1418728209, 0)",2026-05-09,5,1,7,0,1,2
"(1360982415, 1804724846, 0)",2026-05-10,6,0,7,0,1,6
"(6775165202, 6775165196, 0)",2026-07-15,2,0,6,0,0,3
"(6547601254, 6547601237, 0)",2026-06-24,2,0,19,1,0,2
"(6772044502, 1394212414, 0)",2026-07-18,5,1,12,0,0,1
"(1334046976, 1334047484, 0)",2026-05-06,2,0,16,0,1,9
"(9407471693, 6630522620, 0)",2026-06-02,1,0,8,0,1,7
"(6577216619, 1367530046, 0)",2026-05-14,3,0,12,0,0,1
"(1361117286, 1361117571, 0)",2026-06-16,1,0,18,0,0,3
"(1324181534, 1324181481, 0)",2026-06-26,4,1,7,1,1,3
"(1329345222, 1327186562, 0)",2026-05-29,4,1,11,0,0,3
"(1347137629, 1347137196, 0)",2026-05-08,4,1,10,1,0,2
"(11953619597, 11953619598, 0)",2026-05-22,4,1,19,1,0,8
"(1326941345, 1326941569, 0)",2026-05-14,3,0,8,0,1,8
"(1380541242, 1380541236, 0)",2026-07-03,4,1,8,0,1,3
"(1350752656, 6602350580, 0)",2026-07-15,2,0,9,0,1,5
"(6587835836, 1329148725, 0)",2026-05-04,0,0,14,0,1,7
"(12237200017, 1361117364, 0)",2026-05-14,3,0,6,0,0,3
"(1418770624, 1418728209, 0)",2026-05-05,1,0,8,1,1,6
"(2988710800, 6588133421, 0)",2026-06-19,4,1,20,0,0,4
"(1357399489, 1357399332, 0)",2026-07-27,0,0,6,0,0,3
"(1185026376, 1184942947, 0)",2026-07-09,3,0,19,0,0,1
"(1347137271, 1347137638, 0)",2026-05-22,4,1,19,1,0,7
"(1324408803, 1324408994, 0)",2026-05-25,0,0,7,0,1,7
"(1328079405, 6581812777, 0)",2026-05-31,6,0,15,1,1,7
"(6587228308, 5754433201, 0)",2026-06-27,5,1,22,2,0,6
"(1324408994, 1324408803, 0)",2026-07-19,6,0,6,0,0,3
"(1353114130, 1353114171, 0)",2026-06-16,1,0,12,0,0,3
"(1174524594, 5754846394, 0)",2026-06-27,5,1,23,2,0,5
"(1323698491, 1323698546, 0)",2026-06-01,0,0,7,0,1,7
"(1350752669, 1350753400, 0)",2026-07-10,4,1,16,2,1,3
"(1329345222, 1327186562, 0)",2026-05-16,5,1,9,0,1,2
"(6576721831, 3250738467, 0)",2026-07-27,0,0,15,0,1,7
"(6775370153, 6775370130, 0)",2026-05-13,2,0,22,0,0,2
"(1346612860, 1346612090, 0)",2026-06-11,3,0,13,1,0,2
"(1324408906, 1324408750, 0)",2026-05-14,3,0,23,0,0,1
"(6637789301, 6637789305, 0)",2026-05-23,5,1,15,0,1,2
"(1329698771, 1329698284, 0)",2026-05-12,1,0,13,1,0,3
"(1323895380, 1323895286, 0)",2026-05-05,1,0,23,1,0,2
"(6304487276, 1322981701, 0)",2026-07-21,1,0,21,1,0,1
"(1380076849, 1380076927, 0)",2026-07-19,6,0,17,0,0,3
"(6557653945, 6557653962, 0)",2026-07-01,2,0,20,0,0,2
"(1329345260, 1329345231, 0)",2026-07-19,6,0,17,0,0,3
"(1346216734, 1346612349, 0)",2026-06-09,1,0,11,0,0,2
"(1174154997, 1174154743, 0)",2026-05-27,2,0,6,0,0,3
"(1374279064, 1374279335, 0)",2026-07-16,3,0,16,1,1,7
"(6553484552, 1364174103, 0)",2026-07-25,5,1,7,0,1,1
"(1329637995, 6576900738, 0)",2026-07-27,0,0,9,0,1,7
"(1348960214, 1348960243, 0)",2026-06-01,0,0,18,0,0,3
"(1348960214, 1348960243, 0)",2026-05-12,1,0,19,1,0,2
"(1393170581, 1393416370, 0)",2026-06-12,4,1,16,1,1,2
"(6538590950, 6545048995, 0)",2026-07-15,2,0,7,0,1,6
"(1374279617, 6584639024, 0)",2026-07-26,6,0,20,2,0,3
"(1379368400, 1379368402, 0)",2026-07-14,1,0,20,0,0,2
"(6543942506, 6543942517, 0)",2026-07-02,3,0,21,0,0,3
"(1334046976, 1334047484, 0)",2026-05-09,5,1,20,0,0,6
"(331561175, 6600683484, 0)",2026-06-04,3,0,6,0,0,2
"(1374129773, 1374129642, 0)",2026-05-24,6,0,22,0,0,1
"(1186889099, 1186546606, 0)",2026-07-20,0,0,7,1,1,8
"(6546989131, 1330820209, 0)",2026-06-04,3,0,17,0,0,1
"(6553621910, 1341691134, 0)",2026-07-26,6,0,8,2,1,10
"(1353448531, 1353448730, 0)",2026-07-17,4,1,15,0,1,1
"(6304508694, 6542865592, 0)",2026-05-19,1,0,8,0,1,9
"(1380078531, 1380078522, 0)",2026-06-05,4,1,11,0,0,2
"(6631173960, 6631708296, 0)",2026-06-03,2,0,17,0,0,3
"(1346613092, 1346612605, 0)",2026-07-15,2,0,15,0,1,6
"(1371671621, 1371671088, 0)",2026-07-08,2,0,18,0,0,2
"(6536439375, 6536588938, 0)",2026-06-08,0,0,12,1,0,1
"(1329637969, 6581812753, 0)",2026-07-25,5,1,23,0,0,1
"(6755854467, 1372487009, 1)",2026-05-02,5,1,7,0,1,2
"(1329637961, 1329637914, 0)",2026-06-19,4,1,15,0,1,3
"(6561114834, 1174066991, 0)",2026-05-05,1,0,16,1,1,8
"(6557974648, 1417561090, 0)",2026-07-08,2,0,16,0,1,6
"(6600730979, 1418728240, 0)",2026-07-07,1,0,21,0,0,1
"(6557737125, 6557737126, 0)",2026-05-01,4,1,20,1,0,5
"(1396443192, 6771620989, 0)",2026-07-04,5,1,16,0,1,2
"(6543942506, 6543942517, 0)",2026-05-22,4,1,9,1,1,1
"(1323672609, 1323672760, 0)",2026-05-22,4,1,20,1,0,6
"(6591306604, 13980225453, 0)",2026-07-17,4,1,19,0,0,8
"(1354129491, 1354129442, 0)",2026-06-24,2,0,10,1,0,2
"(6755854467, 1372487009, 1)",2026-06-11,3,0,22,1,0,1
"(1356917776, 1356920642, 0)",2026-06-12,4,1,19,1,0,8
"(13980225467, 13980225457, 0)",2026-07-24,4,1,20,0,0,8
"(6628867004, 6628867044, 0)",2026-05-28,3,0,19,1,0,1
"(1330820105, 1330820244, 0)",2026-06-22,0,0,6,0,0,1
"(1347137399, 1347137564, 0)",2026-05-26,1,0,22,0,0,1
"(6541873169, 6541873170, 0)",2026-05-01,4,1,21,1,0,8
"(1347137543, 1347137628, 0)",2026-05-03,6,0,6,2,0,5
"(6304508694, 6542865592, 0)",2026-07-03,4,1,18,0,0,1
"(1355636386, 1355636743, 0)",2026-06-08,0,0,11,1,0,3
"(2988698289, 2988700223, 0)",2026-06-22,0,0,20,0,0,2
"(1349780764, 1370526533, 0)",2026-07-24,4,1,13,0,0,3
"(1330820321, 1330820182, 0)",2026-07-26,6,0,21,2,0,4
"(6547601254, 6547601237, 0)",2026-06-11,3,0,19,1,0,3
"(6587904379, 6587823232, 0)",2026-06-30,1,0,14,0,1,7
"(1330820321, 1330820182, 0)",2026-05-23,5,1,12,0,0,1
"(1330171400, 1329345386, 0)",2026-07-13,0,0,9,0,1,9
"(5755970972, 5755970962, 0)",2026-07-17,4,1,19,0,0,6
"(6629184675, 1324373501, 0)",2026-06-28,6,0,21,1,0,1
"(1356917776, 1356920642, 0)",2026-06-14,6,0,12,0,0,2
"(6628867004, 6628867044, 0)",2026-07-06,0,0,6,0,0,3
"(1323672567, 1323672729, 0)",2026-06-16,1,0,9,0,1,7
"(6552983852, 1346639031, 0)",2026-07-15,2,0,17,0,0,1
"(6738766745, 1324570438, 0)",2026-06-06,5,1,8,0,1,1
"(1184975499, 1185106853, 0)",2026-05-28,3,0,6,1,0,1
"(6541873169, 6541873170, 0)",2026-06-27,5,1,21,2,0,6
"(1371538688, 1371538805, 0)",2026-05-31,6,0,20,1,0,1
"(6601590979, 6601533325, 0)",2026-05-07,3,0,7,0,1,6
"(1184780232, 13206205862, 0)",2026-05-07,3,0,19,0,0,3
"(1324181418, 6545381135, 0)",2026-06-24,2,0,15,1,1,8
"(1353114130, 1353114171, 0)",2026-05-08,4,1,13,1,0,1
"(6587904379, 6587823232, 0)",2026-07-16,3,0,17,1,0,3
"(6757636101, 6756086743, 0)",2026-05-02,5,1,12,0,0,3
"(1325840066, 6296868940, 0)",2026-07-19,6,0,15,0,1,7
"(11953619597, 11953619598, 0)",2026-07-29,2,0,8,2,1,10
"(1323345669, 1323345355, 0)",2026-05-27,2,0,11,0,0,3
"(1175375033, 1175375993, 0)",2026-05-31,6,0,22,1,0,3
"(6584072707, 6584072708, 0)",2026-07-09,3,0,11,0,0,3
"(5800294569, 1374129691, 0)",2026-05-07,3,0,10,0,0,3
"(1352193566, 1352193540, 0)",2026-06-22,0,0,22,0,0,3
"(1178236650, 1178236811, 0)",2026-05-27,2,0,11,0,0,2
"(6600730979, 1418728240, 0)",2026-07-24,4,1,11,0,0,1
"(1179694693, 5761922487, 0)",2026-06-07,6,0,14,0,1,6
"(1372487710, 1372487151, 0)",2026-05-18,0,0,21,0,0,1
"(1323698491, 1323698546, 0)",2026-06-30,1,0,20,0,0,2
"(1330537648, 6554845384, 0)",2026-07-17,4,1,9,0,1,3
"(1328078896, 724730812, 0)",2026-07-22,2,0,20,0,0,1
"(1347137271, 1347137638, 0)",2026-06-25,3,0,20,0,0,3
"(1323345442, 1323345972, 0)",2026-07-24,4,1,15,0,1,3
"(1178236865, 1178236463, 0)",2026-07-09,3,0,14,0,1,6
"(1374279617, 6584639024, 0)",2026-06-09,1,0,23,0,0,1
"(6769188408, 6769188439, 1)",2026-07-22,2,0,7,0,1,7
"(1330170196, 1330171107, 0)",2026-05-17,6,0,13,0,0,1
"(6556485466, 1341718740, 0)",2026-06-17,2,0,11,0,0,2
"(1361117264, 1361117334, 0)",2026-07-24,4,1,23,0,0,3
"(6572664808, 6304571031, 0)",2026-05-08,4,1,12,1,0,2
"(6583043108, 1331082612, 0)",2026-07-13,0,0,7,0,1,8
"(1374245946, 1374246188, 0)",2026-05-22,4,1,15,1,1,2
"(1349527700, 1349527603, 0)",2026-05-27,2,0,10,0,0,2
"(6580964317, 1323345593, 0)",2026-06-06,5,1,16,0,1,3
"(6738766745, 1324570438, 0)",2026-05-08,4,1,8,1,1,2
"(1396443245, 1396443273, 0)",2026-05-08,4,1,21,1,0,6
"(6555924658, 6555791336, 0)",2026-07-29,2,0,17,2,0,4
"(1325840062, 1325839946, 0)",2026-06-30,1,0,16,0,1,8
"(1355636386, 1355636743, 0)",2026-06-20,5,1,16,1,1,3
"(1323345470, 1323345442, 0)",2026-06-18,3,0,7,0,1,8
"(1175876849, 1175876791, 0)",2026-07-26,6,0,23,2,0,6
"(1370526566, 1370526639, 0)",2026-07-11,5,1,14,0,1,1
"(6775165202, 6775165196, 0)",2026-06-09,1,0,20,0,0,3
"(6543952951, 6543952960, 0)",2026-05-03,6,0,12,2,0,3
"(1361117556, 1361117294, 0)",2026-06-15,0,0,15,0,1,6
"(6554445243, 11929623151, 0)",2026-05-28,3,0,17,1,0,3
"(1175375216, 1175373700, 0)",2026-05-03,6,0,15,2,1,9
"(1171186911, 1171186934, 0)",2026-05-04,0,0,16,0,1,6
"(1174524594, 5754846394, 0)",2026-07-15,2,0,10,0,0,3
"(6581279487, 6581279486, 0)",2026-06-03,2,0,10,0,0,2
"(5765103561, 6559093393, 0)",2026-07-14,1,0,22,0,0,2
"(1323754501, 1323754359, 0)",2026-06-05,4,1,21,0,0,8
"(6637789299, 6637789301, 0)",2026-05-02,5,1,17,0,0,1
"(1324181560, 1324181166, 0)",2026-05-23,5,1,21,0,0,5
"(6583043108, 1331082612, 0)",2026-07-14,1,0,16,0,1,8
"(1174524649, 6754562258, 0)",2026-07-09,3,0,11,0,0,2
"(1171186911, 1171186934, 0)",2026-06-22,0,0,12,0,0,1
"(1174066989, 1174446923, 0)",2026-05-16,5,1,22,0,0,8
"(1174524649, 6754562258, 0)",2026-07-04,5,1,14,0,1,2
"(1323346022, 6598161420, 0)",2026-07-22,2,0,10,0,0,3
"(719869622, 719869612, 0)",2026-06-16,1,0,13,0,0,3
"(1350752669, 1350753400, 0)",2026-05-23,5,1,14,0,1,3
"(5755970972, 5755970962, 0)",2026-07-27,0,0,15,0,1,6
"(6546611579, 12031564935, 0)",2026-07-29,2,0,20,2,0,4
"(1329735003, 2973460651, 0)",2026-06-04,3,0,9,0,1,9
"(6587904379, 6587823232, 0)",2026-07-25,5,1,20,0,0,5
"(1347137271, 1347137638, 0)",2026-05-01,4,1,16,1,1,2
"(1184975499, 1185106853, 0)",2026-05-22,4,1,16,1,1,2
"(1322981366, 12539090832, 0)",2026-07-19,6,0,7,0,1,6
"(1374435979, 1364174412, 0)",2026-06-07,6,0,20,0,0,2
"(1346847201, 1346156985, 0)",2026-06-13,5,1,9,0,1,1
"(1184863686, 6296933039, 0)",2026-07-03,4,1,21,0,0,6
"(7362442903, 1333236256, 0)",2026-06-19,4,1,14,0,1,2
"(6553252010, 6536363971, 0)",2026-06-22,0,0,8,0,1,5
"(6568974979, 6569018810, 0)",2026-06-16,1,0,20,0,0,1
"(6624547071, 6624573186, 0)",2026-06-01,0,0,21,0,0,3
"(5755970972, 5755970962, 0)",2026-07-01,2,0,7,0,1,7
"(1174066989, 1174446923, 0)",2026-05-20,2,0,6,0,0,2
"(2988673881, 2988674192, 0)",2026-07-01,2,0,17,0,0,1
"(3111983583, 6547342476, 0)",2026-05-06,2,0,23,0,0,1
"(1324181560, 1324181166, 0)",2026-05-18,0,0,6,0,0,3
"(1175877701, 1175876747, 0)",2026-05-17,6,0,19,0,0,3
"(6587904379, 6587823232, 0)",2026-06-16,1,0,19,0,0,1
"(1368366497, 1368366472, 0)",2026-05-11,0,0,13,0,0,2
"(6552183332, 5755970960, 0)",2026-07-27,0,0,16,0,1,6
"(1335496222, 1356243636, 0)",2026-07-15,2,0,8,0,1,7
"(6591306604, 13980225453, 0)",2026-06-19,4,1,10,0,0,1
"(1346216734, 1346612349, 0)",2026-07-06,0,0,8,0,1,8
"(11006104077, 11006104104, 0)",2026-07-21,1,0,15,1,1,6
"(1174524649, 6754562258, 0)",2026-07-15,2,0,17,0,0,3
"(2442418232, 1179694631, 0)",2026-07-07,1,0,20,0,0,2
"(1322981515, 5759060158, 0)",2026-05-31,6,0,13,1,0,3
"(1323345505, 1323345386, 0)",2026-05-18,0,0,9,0,1,8
"(1361117264, 1361117334, 0)",2026-07-12,6,0,14,0,1,6
"(1181366272, 1181365512, 0)",2026-06-10,2,0,14,0,1,6
"(1371671621, 1371671088, 0)",2026-06-05,4,1,13,0,0,3
"(1368366497, 1368366472, 0)",2026-05-22,4,1,11,1,0,2
"(1323430562, 5758954840, 0)",2026-07-14,1,0,15,0,1,8
"(1323672609, 1323672760, 0)",2026-05-17,6,0,18,0,0,3
"(1374245133, 1374245568, 0)",2026-06-10,2,0,23,0,0,1
"(1364174324, 1364174414, 0)",2026-06-09,1,0,18,0,0,1
"(6304508694, 6542865592, 0)",2026-06-27,5,1,7,2,1,5
"(1171186911, 1171186934, 0)",2026-07-22,2,0,20,0,0,1
"(1356920102, 6627437350, 0)",2026-05-16,5,1,22,0,0,7
"(6570316836, 1327150065, 0)",2026-06-09,1,0,21,0,0,1
"(1174154997, 1174154743, 0)",2026-06-25,3,0,9,0,1,5
"(1370526911, 6651595643, 0)",2026-07-01,2,0,9,0,1,7
"(1329345245, 1327186582, 0)",2026-06-01,0,0,23,0,0,3
"(1364900601, 6552023122, 0)",2026-06-20,5,1,9,1,1,3
"(2988813045, 1371671494, 0)",2026-05-19,1,0,13,0,0,2
"(6553484552, 1364174103, 0)",2026-07-01,2,0,14,0,1,7
"(1364900603, 1364900434, 0)",2026-07-13,0,0,19,0,0,2
"(1350774113, 1350774443, 0)",2026-05-12,1,0,8,1,1,7
"(6546989131, 1330820209, 0)",2026-05-10,6,0,10,0,0,1
"(6552362569, 6552362570, 0)",2026-05-12,1,0,16,1,1,8
"(1343821184, 1343821263, 0)",2026-07-23,3,0,15,2,1,9
"(1396425558, 1396425569, 0)",2026-05-22,4,1,22,1,0,5
"(1352194048, 6933986339, 0)",2026-05-12,1,0,7,1,1,8
"(5903235296, 1346639012, 0)",2026-07-10,4,1,6,2,0,5
"(6777870488, 6777868266, 0)",2026-07-15,2,0,15,0,1,7
"(6542839673, 3676454416, 0)",2026-06-23,1,0,6,0,0,2
"(6304487276, 1322981701, 0)",2026-05-07,3,0,17,0,0,2
"(6541505710, 1346779273, 0)",2026-06-19,4,1,17,0,0,1
"(1184975499, 1185106853, 0)",2026-06-15,0,0,9,0,1,5
"(11006104076, 11006104068, 0)",2026-06-30,1,0,14,0,1,7
"(5930720830, 6598993780, 0)",2026-07-29,2,0,9,2,1,10
"(6584072707, 6584072708, 0)",2026-07-29,2,0,20,2,0,3
"(1324181560, 1324181166, 0)",2026-06-15,0,0,6,0,0,1
"(1329637961, 1329637914, 0)",2026-05-28,3,0,17,1,0,2
"(6775165202, 6775165196, 0)",2026-07-12,6,0,13,0,0,1
"(2988813045, 1371671494, 0)",2026-06-05,4,1,13,0,0,3
"(1323345470, 1323345442, 0)",2026-05-23,5,1,8,0,1,3
"(1361117236, 1361117275, 0)",2026-05-23,5,1,9,0,1,1
"(1341718877, 1344168014, 0)",2026-06-18,3,0,8,0,1,5
"(1368366497, 1368366472, 0)",2026-06-25,3,0,12,0,0,1
"(1326941595, 1326941528, 0)",2026-07-24,4,1,15,0,1,3
"(6577216619, 1367530046, 0)",2026-06-25,3,0,19,0,0,1
"(1381026545, 1381026531, 0)",2026-06-16,1,0,19,0,0,2
"(1323345669, 1323345355, 0)",2026-06-06,5,1,17,0,0,3
"(1367529816, 1367529601, 0)",2026-06-11,3,0,14,1,1,7
"(1357399489, 1357399332, 0)",2026-06-20,5,1,16,1,1,1
"(1173885682, 6552332791, 0)",2026-05-22,4,1,6,1,0,3
"(6304273976, 6546822438, 0)",2026-05-09,5,1,17,0,0,2
"(5765103561, 6559093393, 0)",2026-07-13,0,0,16,0,1,6
"(1354670094, 1354670321, 0)",2026-05-08,4,1,21,1,0,4
"(1325839946, 1326062805, 0)",2026-07-07,1,0,8,0,1,7
"(6777684910, 1352193694, 0)",2026-07-12,6,0,6,0,0,3
"(1330171400, 1329345386, 0)",2026-05-25,0,0,11,0,0,3
"(6585521761, 6585521754, 0)",2026-05-10,6,0,14,0,1,6
"(1329345245, 1327186582, 0)",2026-07-24,4,1,21,0,0,6
"(1184065203, 1184065403, 0)",2026-05-22,4,1,22,1,0,5
"(1329637794, 1329637952, 0)",2026-06-19,4,1,16,0,1,1
"(1353114130, 1353114171, 0)",2026-05-14,3,0,13,0,0,3
"(6547601254, 6547601237, 0)",2026-07-02,3,0,14,0,1,7
"(1364829676, 1364829247, 0)",2026-05-16,5,1,8,0,1,1
"(1329698406, 1329698844, 0)",2026-05-15,4,1,23,1,0,1
"(1418770624, 1418728209, 0)",2026-07-26,6,0,21,2,0,4
"(1370526566, 1370526639, 0)",2026-06-14,6,0,18,0,0,3
"(6624547071, 6624573186, 0)",2026-05-30,5,1,18,0,0,1
"(6556485466, 1341718740, 0)",2026-07-25,5,1,17,0,0,2
"(1374279176, 1374279464, 0)",2026-06-01,0,0,8,0,1,9
"(1357399304, 1334014283, 0)",2026-07-05,6,0,22,0,0,3
"(1330170962, 1330171205, 0)",2026-07-08,2,0,11,0,0,2
"(1373281684, 1373281574, 0)",2026-07-11,5,1,7,0,1,2
"(1334047185, 1334047322, 0)",2026-06-03,2,0,13,0,0,2
"(6548212725, 6548212716, 0)",2026-07-11,5,1,18,0,0,1
"(1346216734, 1346612349, 0)",2026-06-27,5,1,9,2,1,4
"(6567047164, 6567047167, 0)",2026-06-27,5,1,15,2,1,6
"(1185579728, 1185579688, 0)",2026-07-14,1,0,14,0,1,7
"(6568974979, 6569018810, 0)",2026-07-19,6,0,13,0,0,2
"(6772044502, 1394212414, 0)",2026-07-21,1,0,7,1,1,5
"(2988698289, 2988700223, 0)",2026-06-16,1,0,15,0,1,6
"(1352193566, 1352193540, 0)",2026-06-29,0,0,21,0,0,1
"(6581442350, 6581442349, 0)",2026-07-08,2,0,6,0,0,2
"(1367529816, 1367529601, 0)",2026-05-13,2,0,12,0,0,2
"(6544627086, 6544627091, 0)",2026-06-22,0,0,13,0,0,1
"(1347569499, 1347410129, 0)",2026-06-02,1,0,8,0,1,6
"(1328079405, 6581812777, 0)",2026-07-14,1,0,18,0,0,2
"(6542333972, 6543093285, 0)",2026-06-04,3,0,11,0,0,1
"(1324570350, 6589563017, 0)",2026-07-04,5,1,12,0,0,1
"(1371614491, 1371614644, 0)",2026-05-21,3,0,7,0,1,8
"(6542903703, 6542903721, 0)",2026-05-12,1,0,14,1,1,8
"(1347137658, 6540243378, 0)",2026-05-01,4,1,19,1,0,6
"(1374245437, 1374245314, 0)",2026-05-11,0,0,16,0,1,7
"(6561114829, 1171724116, 0)",2026-06-25,3,0,8,0,1,7
"(1350752677, 1350752992, 0)",2026-07-21,1,0,18,1,0,1
"(1334047127, 1364900534, 0)",2026-05-02,5,1,15,0,1,3
"(1184943250, 1184942691, 0)",2026-07-16,3,0,21,1,0,3
"(6557974648, 1417561090, 0)",2026-07-26,6,0,12,2,0,5
"(2988710800, 6588133421, 0)",2026-07-03,4,1,8,0,1,2
"(6536439375, 6536588938, 0)",2026-05-13,2,0,8,0,1,6
"(6585611590, 6585611586, 0)",2026-06-07,6,0,22,0,0,2
"(1370526566, 1370526639, 0)",2026-05-19,1,0,13,0,0,1
"(5754489564, 1175374600, 0)",2026-05-25,0,0,6,0,0,3
"(1323672567, 1323672729, 0)",2026-05-05,1,0,17,1,0,3
"(12237200017, 1361117364, 0)",2026-06-30,1,0,20,0,0,3
"(1173885682, 6552332791, 0)",2026-06-30,1,0,14,0,1,6
"(1348960214, 1348960243, 0)",2026-06-18,3,0,6,0,0,2
"(331561175, 6600683484, 0)",2026-06-05,4,1,18,0,0,2
"(1323345505, 1323345386, 0)",2026-05-30,5,1,13,0,0,2
"(6623059680, 6623059676, 0)",2026-05-08,4,1,8,1,1,3
"(1175877701, 1175876747, 0)",2026-07-19,6,0,18,0,0,1
"(12208471727, 12208928944, 0)",2026-06-22,0,0,14,0,1,7
"(1352194048, 6933986339, 0)",2026-05-24,6,0,10,0,0,2
"(6559240104, 6559240107, 0)",2026-05-01,4,1,9,1,1,1
"(5756734424, 5756734434, 0)",2026-07-17,4,1,7,0,1,2
"(1350774512, 2988947194, 0)",2026-07-26,6,0,10,2,0,4
"(6576721831, 3250738467, 0)",2026-05-27,2,0,21,0,0,2
"(5754489564, 1175374600, 0)",2026-05-07,3,0,21,0,0,3
"(1364900603, 1364900434, 0)",2026-05-29,4,1,7,0,1,3
"(1356520047, 6615870733, 0)",2026-06-29,0,0,20,0,0,1
"(1329345383, 1329345410, 0)",2026-07-21,1,0,20,1,0,3
"(1381026352, 1381026372, 0)",2026-07-19,6,0,6,0,0,1
"(1329735003, 2973460651, 0)",2026-06-13,5,1,12,0,0,2
"(1334996016, 1379369291, 0)",2026-07-18,5,1,10,0,0,2
"(1348960214, 1348960243, 0)",2026-05-02,5,1,20,0,0,6
"(1347409972, 6530844087, 0)",2026-05-13,2,0,8,0,1,5
"(6576721831, 3250738467, 0)",2026-05-20,2,0,6,0,0,2
"(1347137654, 1174967539, 0)",2026-07-12,6,0,20,0,0,1
"(6547182834, 6547182832, 0)",2026-05-04,0,0,9,0,1,6
"(1363882222, 1363883477, 0)",2026-07-28,1,0,16,0,1,5
"(6552183332, 5755970960, 0)",2026-06-07,6,0,18,0,0,1
"(6604359199, 6582026236, 0)",2026-05-08,4,1,13,1,0,1
"(1347137271, 1347137638, 0)",2026-06-11,3,0,19,1,0,2
"(6553252033, 1184975571, 0)",2026-07-14,1,0,18,0,0,2
"(6735485653, 392257875, 0)",2026-07-15,2,0,13,0,0,3
"(6777684910, 1352193694, 0)",2026-07-06,0,0,15,0,1,8
"(6577216619, 1367530046, 0)",2026-07-25,5,1,15,0,1,3
"(1357216546, 1357216432, 0)",2026-06-30,1,0,12,0,0,3
"(2988811356, 6775377328, 0)",2026-06-09,1,0,20,0,0,3
"(1396425564, 6618274974, 0)",2026-06-20,5,1,18,1,0,3
"(1342637342, 1342637240, 0)",2026-05-10,6,0,17,0,0,2
"(1334996016, 1379369291, 0)",2026-05-28,3,0,23,1,0,1
"(1175877701, 1175876747, 0)",2026-06-17,2,0,22,0,0,1
"(6556986422, 5766243919, 0)",2026-07-24,4,1,23,0,0,2
"(6304508694, 6542865592, 0)",2026-06-27,5,1,16,2,1,5
"(6581279487, 6581279486, 0)",2026-05-30,5,1,20,0,0,6
"(1346639125, 6553140114, 0)",2026-06-28,6,0,13,1,0,3
"(6581442350, 6581442349, 0)",2026-07-21,1,0,13,1,0,3
"(6542903703, 6542903721, 0)",2026-05-05,1,0,18,1,0,3
"(1361117556, 1361117294, 0)",2026-07-04,5,1,8,0,1,3
"(1175877023, 5755845306, 0)",2026-06-05,4,1,16,0,1,3
"(6577216619, 1367530046, 0)",2026-05-19,1,0,16,0,1,8
"(1396443245, 1396443273, 0)",2026-07-03,4,1,20,0,0,4
"(1381026352, 1381026372, 0)",2026-05-13,2,0,10,0,0,2
"(1174524594, 5754846394, 0)",2026-05-25,0,0,9,0,1,8
"(6543100400, 1174966893, 0)",2026-06-16,1,0,9,0,1,8
"(1364829529, 1364829688, 0)",2026-07-08,2,0,19,0,0,1
"(6750036709, 6750036706, 0)",2026-05-13,2,0,11,0,0,3
"(1329637794, 1329637952, 0)",2026-07-06,0,0,21,0,0,3
"(1396443192, 6771620989, 0)",2026-06-12,4,1,10,1,0,3
"(6542903703, 6542903721, 0)",2026-05-02,5,1,22,0,0,8
"(3467985851, 1184975449, 0)",2026-07-20,0,0,22,1,0,1
"(1374279064, 1374279335, 0)",2026-07-20,0,0,16,1,1,7
"(1186889099, 1186546606, 0)",2026-06-12,4,1,12,1,0,1
"(6569975864, 6598107139, 0)",2026-05-19,1,0,13,0,0,2
"(1374129709, 6631219361, 0)",2026-05-19,1,0,9,0,1,5
"(6631172448, 1324408982, 0)",2026-05-29,4,1,8,0,1,2
"(1354670094, 1354670321, 0)",2026-06-09,1,0,17,0,0,1
"(2988813045, 1371671494, 0)",2026-06-22,0,0,14,0,1,8
"(1380541785, 1380541789, 0)",2026-07-11,5,1,14,0,1,2
"(1178236650, 1178236811, 0)",2026-05-08,4,1,23,1,0,1
"(1343821184, 1343821263, 0)",2026-07-04,5,1,8,0,1,2
"(1329345245, 1327186582, 0)",2026-07-28,1,0,16,0,1,8
"(1354670094, 1354670321, 0)",2026-05-31,6,0,20,1,0,2
"(6631173960, 6631708296, 0)",2026-07-05,6,0,10,0,0,1
"(6588133470, 721619009, 0)",2026-06-22,0,0,23,0,0,3
"(1416742216, 266215164, 0)",2026-06-07,6,0,9,0,1,8
"(1380541785, 1380541789, 0)",2026-05-24,6,0,13,0,0,1
"(1329735003, 2973460651, 0)",2026-07-07,1,0,22,0,0,2
"(1416742216, 266215164, 0)",2026-06-21,6,0,17,0,0,1
"(1178236650, 1178236811, 0)",2026-07-01,2,0,7,0,1,9
"(1344168045, 1344168110, 0)",2026-05-27,2,0,10,0,0,3
"(1324408906, 1324408750, 0)",2026-06-02,1,0,7,0,1,6
"(6556986422, 5766243919, 0)",2026-06-05,4,1,23,0,0,1
"(1330820321, 1330820182, 0)",2026-06-10,2,0,6,0,0,2
"(1380078531, 1380078522, 0)",2026-07-29,2,0,21,2,0,5
"(1333236229, 6586890510, 0)",2026-05-18,0,0,13,0,0,1
"(11006104077, 11006104104, 0)",2026-07-17,4,1,20,0,0,5
"(1175160040, 1175161081, 0)",2026-07-18,5,1,14,0,1,2
"(1370526613, 1370526548, 0)",2026-06-04,3,0,6,0,0,2
"(1185579728, 1185579688, 0)",2026-05-23,5,1,20,0,0,6
"(1183596438, 1183596411, 0)",2026-05-19,1,0,7,0,1,5
"(6588574721, 6588574723, 0)",2026-07-22,2,0,8,0,1,8
"(6757013374, 6757013360, 0)",2026-06-25,3,0,17,0,0,3
"(6623059680, 6623059676, 0)",2026-05-06,2,0,18,0,0,1
"(1350752656, 6602350580, 0)",2026-05-23,5,1,10,0,0,2
"(6576721831, 3250738467, 0)",2026-05-30,5,1,21,0,0,5
"(1374245133, 1374245568, 0)",2026-05-17,6,0,8,0,1,8
"(1175373522, 1175375870, 0)",2026-06-28,6,0,13,1,0,2
"(1363883359, 1363882222, 0)",2026-06-02,1,0,11,0,0,2
"(1380076849, 1380076927, 0)",2026-07-03,4,1,18,0,0,2
"(6624547084, 6624573185, 0)",2026-06-29,0,0,14,0,1,9
"(1364829676, 1364829247, 0)",2026-06-08,0,0,10,1,0,2
"(1335496222, 1356243636, 0)",2026-05-28,3,0,19,1,0,1
"(6552768140, 1330947542, 0)",2026-05-20,2,0,23,0,0,1
"(6552417220, 6559364630, 0)",2026-05-17,6,0,6,0,0,1
"(6630780297, 6636019481, 0)",2026-07-17,4,1,22,0,0,6
"(3467985821, 3467985833, 0)",2026-06-02,1,0,11,0,0,3
"(1396443192, 6771620989, 0)",2026-06-01,0,0,20,0,0,2
"(5930720830, 6598993780, 0)",2026-06-26,4,1,10,1,0,3
"(1184943250, 1184942691, 0)",2026-06-23,1,0,9,0,1,5
"(1334303469, 1334303430, 0)",2026-06-29,0,0,19,0,0,2
"(13037817967, 13037817968, 0)",2026-06-29,0,0,9,0,1,7
"(1347293015, 1347293062, 0)",2026-05-21,3,0,7,0,1,7
"(6769902214, 1379368792, 0)",2026-06-20,5,1,15,1,1,3
"(1351057242, 331562252, 0)",2026-07-29,2,0,14,2,1,10
"(331561175, 6600683484, 0)",2026-05-19,1,0,9,0,1,7
"(1174525096, 1174524924, 0)",2026-06-27,5,1,16,2,1,4
"(1612356756, 3775034738, 0)",2026-05-06,2,0,12,0,0,1
"(1346638950, 1346639133, 0)",2026-06-19,4,1,17,0,0,1
"(1334047122, 1334047056, 0)",2026-05-14,3,0,12,0,0,3
"(6604359199, 6582026236, 0)",2026-07-29,2,0,14,2,1,8
"(1342637342, 1342637240, 0)",2026-06-10,2,0,13,0,0,3
"(6547790611, 6547790609, 0)",2026-06-09,1,0,16,0,1,9
"(6610375755, 6738772299, 0)",2026-05-18,0,0,9,0,1,6
"(6546611579, 12031564935, 0)",2026-05-15,4,1,23,1,0,1
"(1324181560, 1324181166, 0)",2026-05-16,5,1,10,0,0,1
"(1331244808, 1331245774, 0)",2026-06-29,0,0,22,0,0,2
"(1374129709, 6631219361, 0)",2026-06-19,4,1,12,0,0,1
"(1361117697, 1361117344, 0)",2026-06-03,2,0,15,0,1,7
"(1363883359, 1363882222, 0)",2026-05-15,4,1,17,1,0,2
"(1327186259, 1327186566, 0)",2026-06-12,4,1,14,1,1,2
"(1326941595, 1326941528, 0)",2026-05-29,4,1,7,0,1,3
"(1323345183, 6552242977, 0)",2026-07-16,3,0,14,1,1,6
"(2442418232, 1179694631, 0)",2026-07-17,4,1,19,0,0,5
"(1371955805, 1371955991, 0)",2026-05-16,5,1,13,0,0,3
"(6757354948, 1332017603, 0)",2026-06-19,4,1,14,0,1,2
"(1341718877, 1344168014, 0)",2026-06-30,1,0,6,0,0,1
"(6572664808, 6304571031, 0)",2026-05-15,4,1,12,1,0,3
"(9407387382, 1185579794, 0)",2026-07-24,4,1,19,0,0,6
"(1347137619, 1347137659, 0)",2026-05-29,4,1,11,0,0,2
"(1325840066, 6296868940, 0)",2026-07-22,2,0,7,0,1,7
"(1185579728, 1185579688, 0)",2026-05-07,3,0,22,0,0,3
"(6541873169, 6541873170, 0)",2026-05-05,1,0,17,1,0,2
"(1335496467, 1335496670, 0)",2026-06-16,1,0,12,0,0,3
"(3467985821, 3467985833, 0)",2026-07-02,3,0,11,0,0,1
"(1371544145, 1371544159, 0)",2026-07-20,0,0,16,1,1,6
"(5930720830, 6598993780, 0)",2026-05-27,2,0,17,0,0,2
"(1374279617, 6584639024, 0)",2026-07-27,0,0,6,0,0,1
"(1171186911, 1171186934, 0)",2026-07-23,3,0,20,2,0,3
"(1175877701, 1175876747, 0)",2026-07-02,3,0,11,0,0,1
"(1396425558, 1396425569, 0)",2026-07-07,1,0,6,0,0,1
"(1323754577, 1323754198, 0)",2026-06-12,4,1,11,1,0,1
"(1347293015, 1347293062, 0)",2026-05-04,0,0,18,0,0,2
"(6543942547, 6543919956, 0)",2026-06-27,5,1,21,2,0,10
"(1331082569, 6749667095, 0)",2026-05-25,0,0,15,0,1,5
"(1334303469, 1334303430, 0)",2026-06-14,6,0,14,0,1,8
"(1341987090, 1342945811, 0)",2026-06-24,2,0,13,1,0,2
"(6624547084, 6624573185, 0)",2026-05-22,4,1,6,1,0,2
"(1371538812, 6769787795, 0)",2026-07-28,1,0,10,0,0,3
"(1368366511, 1368366365, 0)",2026-07-18,5,1,8,0,1,2
"(6738766745, 1324570438, 0)",2026-05-03,6,0,12,2,0,6
"(1175160040, 1175161081, 0)",2026-06-08,0,0,16,1,1,7
"(1184065373, 1184065322, 0)",2026-05-04,0,0,18,0,0,2
"(1396425400, 6775359719, 0)",2026-07-16,3,0,10,1,0,3
"(1381026405, 1381026406, 0)",2026-06-18,3,0,18,0,0,2
"(1350029522, 1350029611, 0)",2026-07-11,5,1,8,0,1,1
"(1357399304, 1334014283, 0)",2026-07-25,5,1,9,0,1,3
"(1373281684, 1373281574, 0)",2026-05-06,2,0,13,0,0,2
"(1364174324, 1364174414, 0)",2026-05-21,3,0,15,0,1,6
"(1324181616, 1324181571, 0)",2026-06-02,1,0,13,0,0,3
"(1381026352, 1381026372, 0)",2026-06-10,2,0,13,0,0,1
"(1323345650, 1323345329, 0)",2026-07-06,0,0,22,0,0,3
"(5903235296, 1346639012, 0)",2026-07-11,5,1,14,0,1,1
"(1327149840, 1327149966, 0)",2026-07-27,0,0,17,0,0,3
"(2988909845, 2988913654, 0)",2026-07-13,0,0,20,0,0,2
"(1379368400, 1379368402, 0)",2026-05-01,4,1,21,1,0,6
"(12237200017, 1361117364, 0)",2026-06-21,6,0,15,0,1,8
"(1356918579, 1356919507, 0)",2026-06-03,2,0,18,0,0,2
"(5754411776, 331541812, 0)",2026-07-27,0,0,12,0,0,3
"(1347137658, 6540243378, 0)",2026-05-15,4,1,9,1,1,2
"(6588133470, 721619009, 0)",2026-05-19,1,0,9,0,1,5
"(6557376729, 6557376724, 0)",2026-06-19,4,1,16,0,1,1
"(1183596438, 1183596411, 0)",2026-07-07,1,0,10,0,0,3
"(3467985821, 3467985833, 0)",2026-05-02,5,1,11,0,0,1
"(1361117236, 1361117275, 0)",2026-06-03,2,0,6,0,0,1
"(1330171637, 1330170399, 0)",2026-05-11,0,0,14,0,1,8
"(6669853392, 6670102510, 0)",2026-07-16,3,0,14,1,1,9
"(6542839673, 3676454416, 0)",2026-06-15,0,0,8,0,1,7
"(6553484552, 1364174103, 0)",2026-07-01,2,0,8,0,1,7
"(1173885682, 6552332791, 0)",2026-07-20,0,0,6,1,0,1
"(1356520047, 6615870733, 0)",2026-05-11,0,0,17,0,0,3
"(1346611894, 1346612802, 0)",2026-06-22,0,0,17,0,0,3
"(1346638950, 1346639133, 0)",2026-06-29,0,0,9,0,1,6
"(1356920102, 6627437350, 0)",2026-07-18,5,1,18,0,0,3
"(1363883359, 1363882222, 0)",2026-07-16,3,0,9,1,1,8
"(1350752740, 1350753292, 0)",2026-05-02,5,1,10,0,0,3
"(1344168045, 1344168110, 0)",2026-05-14,3,0,6,0,0,3
"(6735485653, 392257875, 0)",2026-06-09,1,0,11,0,0,1
"(3676305214, 3676304507, 0)",2026-06-20,5,1,11,1,0,1
"(1356243636, 1356243715, 0)",2026-06-30,1,0,14,0,1,6
"(6538590906, 6538590907, 0)",2026-07-20,0,0,19,1,0,1
"(6738710309, 6738506445, 0)",2026-06-10,2,0,16,0,1,5
"(1324181560, 1324181166, 0)",2026-06-22,0,0,16,0,1,5
"(6769188408, 6769188439, 1)",2026-07-20,0,0,12,1,0,2
"(1184975499, 1185106853, 0)",2026-06-16,1,0,12,0,0,1
"(13087366601, 1329433896, 0)",2026-05-06,2,0,17,0,0,3
"(1184943250, 1184942691, 0)",2026-05-03,6,0,21,2,0,4
"(6628867004, 6628867044, 0)",2026-06-07,6,0,18,0,0,1
"(1356917776, 1356920642, 0)",2026-05-16,5,1,17,0,0,2
"(1330820105, 1330820244, 0)",2026-07-21,1,0,19,1,0,1
"(6543942547, 6543919956, 0)",2026-05-08,4,1,7,1,1,2
"(1346612566, 1346611975, 0)",2026-07-17,4,1,23,0,0,1
"(1350752677, 1350752992, 0)",2026-05-05,1,0,15,1,1,7
"(8278633101, 6558106796, 0)",2026-06-22,0,0,7,0,1,7
"(1325840066, 6296868940, 0)",2026-07-19,6,0,11,0,0,2
"(1325840062, 1325839946, 0)",2026-05-04,0,0,23,0,0,1
"(1347293015, 1347293062, 0)",2026-05-16,5,1,8,0,1,1
"(1174524594, 5754846394, 0)",2026-07-24,4,1,22,0,0,6
"(6769188408, 6769188439, 1)",2026-05-22,4,1,23,1,0,3
"(1374129709, 6631219361, 0)",2026-06-05,4,1,13,0,0,2
"(3676305214, 3676304507, 0)",2026-07-05,6,0,16,0,1,6
"(5766243573, 1331024008, 0)",2026-06-01,0,0,6,0,0,3
"(1358332446, 1358332351, 0)",2026-05-08,4,1,11,1,0,3
"(5930720830, 6598993780, 0)",2026-07-15,2,0,16,0,1,6
"(1396508515, 1396508522, 0)",2026-07-10,4,1,22,2,0,8
"(1347569499, 1347410129, 0)",2026-05-16,5,1,16,0,1,2
"(1323430562, 5758954840, 0)",2026-05-10,6,0,15,0,1,5
"(1329345383, 1329345410, 0)",2026-05-07,3,0,7,0,1,8
"(13980225467, 13980225457, 0)",2026-07-13,0,0,10,0,0,1
"(1371955805, 1371955991, 0)",2026-05-19,1,0,13,0,0,1
"(5756734424, 5756734434, 0)",2026-06-19,4,1,11,0,0,3
"(1174525096, 1174524924, 0)",2026-06-13,5,1,12,0,0,1
"(1366234574, 1366234660, 0)",2026-06-19,4,1,22,0,0,7
"(1328079405, 6581812777, 0)",2026-05-19,1,0,7,0,1,7
"(6557376729, 6557376724, 0)",2026-05-29,4,1,12,0,0,3
"(1352193762, 1352193549, 0)",2026-05-17,6,0,17,0,0,1
"(1381026313, 6570667566, 0)",2026-06-17,2,0,12,0,0,2
"(1346639125, 6553140114, 0)",2026-06-19,4,1,21,0,0,6
"(6620749493, 6620749498, 0)",2026-05-07,3,0,15,0,1,7
"(1329637995, 6576900738, 0)",2026-07-06,0,0,16,0,1,7
"(5903235296, 1346639012, 0)",2026-07-23,3,0,17,2,0,4
"(1185026243, 1185026346, 0)",2026-05-09,5,1,8,0,1,3
"(2988915683, 6552088459, 0)",2026-05-13,2,0,12,0,0,3
"(1350752740, 1350753292, 0)",2026-05-05,1,0,11,1,0,3
"(12208471727, 12208928944, 0)",2026-07-05,6,0,21,0,0,2
"(1324570374, 1324570421, 0)",2026-06-01,0,0,15,0,1,8
"(6557737125, 6557737126, 0)",2026-06-01,0,0,6,0,0,2
"(2988673881, 2988674192, 0)",2026-05-18,0,0,8,0,1,9
"(1333236267, 6640086937, 0)",2026-05-22,4,1,23,1,0,2
"(1175877787, 1176476706, 0)",2026-05-23,5,1,17,0,0,2
"(1328079405, 6581812777, 0)",2026-06-27,5,1,9,2,1,6
"(2988673881, 2988674192, 0)",2026-07-13,0,0,14,0,1,7
"(1329698748, 1329698691, 0)",2026-05-07,3,0,23,0,0,2
"(6583043108, 1331082612, 0)",2026-06-07,6,0,10,0,0,3
"(1371382516, 6630661890, 0)",2026-06-29,0,0,23,0,0,2
"(1186524341, 1186524464, 0)",2026-07-16,3,0,17,1,0,3
"(13980225467, 13980225457, 0)",2026-05-17,6,0,20,0,0,1
"(2988775567, 1374245347, 0)",2026-06-18,3,0,23,0,0,2
"(1184943250, 1184942691, 0)",2026-07-12,6,0,10,0,0,2
"(1329637995, 6576900738, 0)",2026-06-23,1,0,7,0,1,5
"(6757354948, 1332017603, 0)",2026-05-28,3,0,14,1,1,7
"(1346611894, 1346612802, 0)",2026-07-20,0,0,11,1,0,3
"(6598726196, 6596766163, 0)",2026-06-19,4,1,8,0,1,2
"(1174524649, 6754562258, 0)",2026-05-16,5,1,19,0,0,6
"(6572664808, 6304571031, 0)",2026-06-07,6,0,7,0,1,8
"(1364829676, 1364829247, 0)",2026-07-15,2,0,17,0,0,3
"(6561114834, 1174066991, 0)",2026-07-04,5,1,16,0,1,1
"(1332724217, 1332724480, 0)",2026-06-12,4,1,10,1,0,3
"(12920669869, 1186889231, 0)",2026-07-13,0,0,14,0,1,9
"(6620749493, 6620749498, 0)",2026-05-02,5,1,15,0,1,1
"(6304273976, 6546822438, 0)",2026-07-19,6,0,14,0,1,7
"(1331613509, 1331613269, 0)",2026-06-22,0,0,16,0,1,5
"(1346157096, 6557798743, 0)",2026-05-26,1,0,20,0,0,2
"(1175876849, 1175876791, 0)",2026-05-03,6,0,11,2,0,3
"(6600730979, 1418728240, 0)",2026-06-13,5,1,22,0,0,6
"(1330820105, 1330820244, 0)",2026-05-21,3,0,7,0,1,8
"(1331244754, 1331244877, 0)",2026-06-07,6,0,6,0,0,2
"(1393170581, 1393416370, 0)",2026-07-29,2,0,14,2,1,9
"(12208471727, 12208928944, 0)",2026-05-21,3,0,21,0,0,1
"(6547790611, 6547790609, 0)",2026-06-27,5,1,8,2,1,5
"(719869622, 719869612, 0)",2026-06-02,1,0,14,0,1,8
"(6669853392, 6670102510, 0)",2026-05-13,2,0,13,0,0,3
"(1327149840, 1327149966, 0)",2026-06-19,4,1,7,0,1,3
"(3467985851, 1184975449, 0)",2026-06-18,3,0,19,0,0,2
"(1329698771, 1329698284, 0)",2026-07-05,6,0,23,0,0,3
"(1342637342, 1342637240, 0)",2026-06-29,0,0,20,0,0,3
"(6541873169, 6541873170, 0)",2026-05-08,4,1,15,1,1,2
"(1364900835, 719869622, 0)",2026-06-23,1,0,23,0,0,2
"(6746280124, 6618274870, 0)",2026-07-20,0,0,23,1,0,2
"(6557737125, 6557737126, 0)",2026-06-26,4,1,9,1,1,2
"(6586987099, 6586987098, 0)",2026-05-26,1,0,7,0,1,5
"(6548147776, 6542110941, 0)",2026-05-18,0,0,19,0,0,2
"(1347569499, 1347410129, 0)",2026-05-27,2,0,20,0,0,1
"(6541505710, 1346779273, 0)",2026-06-24,2,0,10,1,0,2
"(1346216734, 1346612349, 0)",2026-05-14,3,0,6,0,0,3
"(6610375755, 6738772299, 0)",2026-07-09,3,0,20,0,0,1
"(1416742216, 266215164, 0)",2026-07-24,4,1,21,0,0,7
"(1381026313, 6570667566, 0)",2026-07-06,0,0,9,0,1,9
"(1330171637, 1330170399, 0)",2026-05-10,6,0,17,0,0,2
"(1364900687, 6545606375, 0)",2026-05-26,1,0,21,0,0,2
"(1175876731, 1175878154, 0)",2026-06-08,0,0,23,1,0,1
"(1346847308, 1346847645, 0)",2026-07-08,2,0,21,0,0,2
"(6624547071, 6624573186, 0)",2026-06-26,4,1,12,1,0,3
"(6569018819, 1380541980, 0)",2026-06-19,4,1,19,0,0,5
"(6772044486, 6772029084, 0)",2026-05-01,4,1,16,1,1,1
"(1346613092, 1346612605, 0)",2026-06-12,4,1,7,1,1,3
"(6543952951, 6543952960, 0)",2026-05-05,1,0,10,1,0,2
"(1363882222, 1363883477, 0)",2026-07-27,0,0,12,0,0,1
"(1346612565, 1346612081, 0)",2026-05-21,3,0,9,0,1,6
"(1349780764, 1370526533, 0)",2026-06-30,1,0,7,0,1,8
"(6568974979, 6569018810, 0)",2026-06-25,3,0,7,0,1,6
"(1323345322, 1323345842, 0)",2026-07-05,6,0,11,0,0,2
"(1352193566, 1352193540, 0)",2026-07-02,3,0,16,0,1,8
"(1349527741, 6552015853, 0)",2026-06-11,3,0,12,1,0,1
"(1185579728, 1185579688, 0)",2026-06-09,1,0,11,0,0,3
"(1371382516, 6630661890, 0)",2026-06-09,1,0,23,0,0,1
"(1368366511, 1368366365, 0)",2026-07-04,5,1,11,0,0,2
"(1186889099, 1186546606, 0)",2026-05-03,6,0,7,2,1,10
"(1184780232, 13206205862, 0)",2026-05-19,1,0,16,0,1,5
"(1355636386, 1355636743, 0)",2026-06-06,5,1,18,0,0,2
"(1349527623, 1349527724, 0)",2026-06-14,6,0,17,0,0,2
"(1346612565, 1346612081, 0)",2026-07-02,3,0,13,0,0,2
"(1371956399, 1371956539, 0)",2026-07-07,1,0,11,0,0,3
"(1359004421, 1359004039, 0)",2026-05-28,3,0,21,1,0,2
"(5754411776, 331541812, 0)",2026-07-07,1,0,15,0,1,7
"(721619180, 1380541148, 0)",2026-05-26,1,0,17,0,0,2
"(1371955805, 1371955991, 0)",2026-05-11,0,0,8,0,1,9
"(6588133470, 721619009, 0)",2026-07-07,1,0,20,0,0,2
"(1364829529, 1364829688, 0)",2026-06-26,4,1,17,1,0,2
"(1327186259, 1327186566, 0)",2026-06-04,3,0,14,0,1,8
"(6543100400, 1174966893, 0)",2026-05-23,5,1,11,0,0,2
"(6557315806, 12468747074, 0)",2026-07-02,3,0,9,0,1,7
"(1352193762, 1352193549, 0)",2026-07-25,5,1,9,0,1,1
"(5755970972, 5755970962, 0)",2026-05-28,3,0,22,1,0,2
"(1353448531, 1353448730, 0)",2026-05-05,1,0,16,1,1,8
"(1368366511, 1368366365, 0)",2026-07-18,5,1,11,0,0,1
"(6777684910, 1352193694, 0)",2026-05-08,4,1,14,1,1,1
"(1374245565, 1374245525, 0)",2026-07-12,6,0,7,0,1,7
"(1179694975, 1179694218, 0)",2026-07-22,2,0,15,0,1,8
"(6561114829, 1171724116, 0)",2026-05-12,1,0,21,1,0,3
"(6604359199, 6582026236, 0)",2026-07-27,0,0,19,0,0,1
"(1330820321, 1330820182, 0)",2026-05-28,3,0,12,1,0,3
"(1333236267, 6640086937, 0)",2026-06-14,6,0,7,0,1,7
"(1330820105, 1330820244, 0)",2026-06-19,4,1,22,0,0,8
"(1354670094, 1354670321, 0)",2026-06-07,6,0,18,0,0,1
"(1332724217, 1332724480, 0)",2026-07-29,2,0,21,2,0,4
"(1171724079, 1175374597, 0)",2026-06-11,3,0,6,1,0,3
"(3676443887, 3676443901, 0)",2026-05-13,2,0,21,0,0,1
"(1364829529, 1364829688, 0)",2026-06-23,1,0,23,0,0,3
"(1352194048, 6933986339, 0)",2026-07-24,4,1,7,0,1,2
"(1323430533, 1323754188, 0)",2026-06-14,6,0,15,0,1,6
"(1347293046, 1347292957, 0)",2026-07-04,5,1,22,0,0,5
"(6738766745, 1324570438, 0)",2026-05-21,3,0,18,0,0,1
"(1175375216, 1175373700, 0)",2026-06-01,0,0,19,0,0,2
"(2988673881, 2988674192, 0)",2026-05-02,5,1,11,0,0,1
"(6568974979, 6569018810, 0)",2026-07-17,4,1,21,0,0,4
"(1327186259, 1327186566, 0)",2026-05-11,0,0,7,0,1,6
"(11006104077, 11006104104, 0)",2026-06-05,4,1,13,0,0,1
"(1347137658, 6540243378, 0)",2026-06-24,2,0,20,1,0,1
"(6304487276, 1322981701, 0)",2026-05-19,1,0,6,0,0,3
"(1322982054, 6580856314, 0)",2026-06-30,1,0,20,0,0,1
"(1323754501, 1323754359, 0)",2026-05-10,6,0,22,0,0,2
"(6624547071, 6624573186, 0)",2026-06-01,0,0,9,0,1,8
"(1335496222, 1356243636, 0)",2026-06-03,2,0,8,0,1,6
"(6775370153, 6775370130, 0)",2026-07-06,0,0,12,0,0,3
"(1364829713, 6544339896, 0)",2026-05-15,4,1,8,1,1,1
"(1374279064, 1374279335, 0)",2026-06-21,6,0,16,0,1,9
"(3467985851, 1184975449, 0)",2026-05-03,6,0,17,2,0,4
"(6637789301, 6637789305, 0)",2026-07-06,0,0,16,0,1,8
"(6576721831, 3250738467, 0)",2026-05-25,0,0,12,0,0,1
"(1364829713, 6544339896, 0)",2026-07-18,5,1,23,0,0,1
"(6543942547, 6543919956, 0)",2026-07-11,5,1,18,0,0,1
"(1352194048, 6933986339, 0)",2026-05-31,6,0,15,1,1,8
"(1323754577, 1323754198, 0)",2026-07-06,0,0,17,0,0,2
"(6552983852, 1346639031, 0)",2026-05-07,3,0,21,0,0,3
"(1346612566, 1346611975, 0)",2026-06-29,0,0,23,0,0,2
"(5754411776, 331541812, 0)",2026-06-26,4,1,15,1,1,1
"(6777870488, 6777868266, 0)",2026-05-03,6,0,20,2,0,3
"(1329637961, 1329637914, 0)",2026-07-27,0,0,18,0,0,3
"(5761923664, 1368366565, 0)",2026-07-04,5,1,12,0,0,3
"(6538590906, 6538590907, 0)",2026-06-16,1,0,20,0,0,1
"(1379368400, 1379368402, 0)",2026-05-23,5,1,19,0,0,6
"(6587228308, 5754433201, 0)",2026-06-01,0,0,18,0,0,1
"(1174524649, 6754562258, 0)",2026-06-10,2,0,6,0,0,1
"(6588463544, 6588463537, 0)",2026-07-22,2,0,12,0,0,1
"(1346778840, 1346779524, 0)",2026-07-03,4,1,11,0,0,1
"(6755854467, 1372487009, 1)",2026-07-25,5,1,16,0,1,2
"(721619180, 1380541148, 0)",2026-06-19,4,1,15,0,1,3
"(1350752669, 1350753400, 0)",2026-05-23,5,1,19,0,0,4
"(1361117556, 1361117294, 0)",2026-07-26,6,0,11,2,0,5
"(6541243906, 6530776895, 0)",2026-06-24,2,0,21,1,0,2
"(1335496467, 1335496670, 0)",2026-06-14,6,0,13,0,0,3
"(1329637794, 1329637952, 0)",2026-05-21,3,0,8,0,1,5
"(1184065203, 1184065403, 0)",2026-07-21,1,0,10,1,0,2
"(6588463544, 6588463537, 0)",2026-07-29,2,0,10,2,0,5
"(1346847673, 1346779125, 0)",2026-06-17,2,0,11,0,0,1
"(6588574721, 6588574723, 0)",2026-07-16,3,0,17,1,0,1
"(1329345245, 1327186582, 0)",2026-06-26,4,1,13,1,0,3
"(1371671621, 1371671088, 0)",2026-06-18,3,0,19,0,0,1
"(1344168045, 1344168110, 0)",2026-05-07,3,0,20,0,0,1
"(1381026405, 1381026406, 0)",2026-06-19,4,1,9,0,1,3
"(6554335446, 1172905052, 0)",2026-06-09,1,0,14,0,1,5
"(1344168240, 266215378, 0)",2026-05-27,2,0,15,0,1,8
"(3111983583, 6547342476, 0)",2026-07-29,2,0,15,2,1,10
"(6757354948, 1332017603, 0)",2026-07-21,1,0,9,1,1,8
"(1360982415, 1804724846, 0)",2026-07-23,3,0,11,2,0,4
"(6557376736, 3111984021, 0)",2026-05-10,6,0,10,0,0,1
"(6591306604, 13980225453, 0)",2026-07-15,2,0,9,0,1,7
"(6541820282, 1343821122, 0)",2026-06-25,3,0,20,0,0,2
"(1343821184, 1343821263, 0)",2026-07-25,5,1,13,0,0,2
"(1184780197, 1184780190, 0)",2026-06-10,2,0,17,0,0,3
"(6568974979, 6569018810, 0)",2026-06-18,3,0,20,0,0,1
"(1356920102, 6627437350, 0)",2026-07-06,0,0,6,0,0,3
"(1324373626, 1324373548, 0)",2026-07-19,6,0,17,0,0,3
"(1374129773, 1374129642, 0)",2026-05-20,2,0,15,0,1,8
"(1184864093, 1184863233, 0)",2026-06-18,3,0,15,0,1,6
"(6581279487, 6581279486, 0)",2026-07-19,6,0,21,0,0,1
"(1380541785, 1380541789, 0)",2026-07-05,6,0,9,0,1,7
"(1175877023, 5755845306, 0)",2026-05-04,0,0,23,0,0,3
"(1347409972, 6530844087, 0)",2026-05-07,3,0,23,0,0,3
"(5766243573, 1331024008, 0)",2026-07-21,1,0,22,1,0,3
"(1186889099, 1186546606, 0)",2026-05-03,6,0,22,2,0,4
"(2988909845, 2988913654, 0)",2026-06-28,6,0,19,1,0,1
"(6541820282, 1343821122, 0)",2026-05-30,5,1,11,0,0,3
"(1347409972, 6530844087, 0)",2026-05-24,6,0,17,0,0,1
"(1380541242, 1380541236, 0)",2026-07-24,4,1,15,0,1,2
"(6541873169, 6541873170, 0)",2026-05-12,1,0,14,1,1,6
"(1371955805, 1371955991, 0)",2026-05-01,4,1,9,1,1,1
"(1325840066, 6296868940, 0)",2026-07-10,4,1,20,2,0,7
"(6586987099, 6586987098, 0)",2026-07-24,4,1,11,0,0,1
"(1171157846, 1171157694, 0)",2026-05-04,0,0,14,0,1,7
"(2988909845, 2988913654, 0)",2026-06-15,0,0,18,0,0,3
"(1380541242, 1380541236, 0)",2026-06-04,3,0,19,0,0,3
"(1322981947, 1322981470, 0)",2026-06-02,1,0,18,0,0,1
"(2988775567, 1374245347, 0)",2026-05-25,0,0,9,0,1,8
"(1330947296, 1330820257, 0)",2026-05-27,2,0,16,0,1,5
"(1368366497, 1368366472, 0)",2026-07-21,1,0,22,1,0,3
"(1324181418, 6545381135, 0)",2026-07-01,2,0,18,0,0,1
"(1381026545, 1381026531, 0)",2026-06-19,4,1,10,0,0,2
"(1370583961, 1370584066, 0)",2026-07-05,6,0,17,0,0,1
"(331565003, 331565002, 0)",2026-06-03,2,0,7,0,1,9
"(1178236865, 1178236463, 0)",2026-07-03,4,1,21,0,0,5
"(331561175, 6600683484, 0)",2026-05-04,0,0,22,0,0,1
"(6304273976, 6546822438, 0)",2026-05-27,2,0,13,0,0,3
"(1324181494, 6622601720, 0)",2026-05-25,0,0,11,0,0,1
"(1323345861, 1323345984, 0)",2026-07-26,6,0,13,2,0,4
"(1325840095, 1325839862, 0)",2026-05-05,1,0,6,1,0,1
"(6610375755, 6738772299, 0)",2026-07-27,0,0,17,0,0,2
"(1346613092, 1346612605, 0)",2026-06-16,1,0,10,0,0,3
"(1370526769, 1370526928, 0)",2026-07-02,3,0,6,0,0,1
"(1179694975, 1179694218, 0)",2026-05-26,1,0,18,0,0,3
"(1396443192, 6771620989, 0)",2026-07-09,3,0,10,0,0,3
"(1346847201, 1346156985, 0)",2026-06-08,0,0,14,1,1,6
"(2988815667, 1366378749, 0)",2026-05-05,1,0,20,1,0,2
"(6553252010, 6536363971, 0)",2026-06-08,0,0,10,1,0,2
"(6573704012, 6573704007, 0)",2026-06-20,5,1,23,1,0,3
"(1380541227, 1380541141, 0)",2026-07-23,3,0,20,2,0,4
"(1361117241, 1361117586, 0)",2026-05-25,0,0,15,0,1,7
"(6296893347, 6296893346, 0)",2026-07-02,3,0,15,0,1,7
"(6542903703, 6542903721, 0)",2026-06-06,5,1,21,0,0,5
"(1356520047, 6615870733, 0)",2026-05-11,0,0,7,0,1,5
"(1356460312, 1356460609, 0)",2026-06-17,2,0,18,0,0,1
"(3111983583, 6547342476, 0)",2026-07-24,4,1,15,0,1,1
"(1353114192, 1353114107, 0)",2026-07-29,2,0,12,2,0,4
"(6769787807, 1349781643, 0)",2026-07-07,1,0,13,0,0,2
"(1806914836, 1323345311, 0)",2026-05-21,3,0,16,0,1,7
"(1186425464, 1184975564, 0)",2026-06-10,2,0,17,0,0,2
"(6557315806, 12468747074, 0)",2026-07-06,0,0,7,0,1,9
"(1184780197, 1184780190, 0)",2026-07-13,0,0,14,0,1,5
"(6558050360, 6538858465, 0)",2026-07-10,4,1,11,2,0,5
"(1371538812, 6769787795, 0)",2026-07-25,5,1,13,0,0,3
"(1347137619, 1347137659, 0)",2026-07-12,6,0,10,0,0,1
"(1322981366, 12539090832, 0)",2026-05-24,6,0,9,0,1,5
"(1363883359, 1363882222, 0)",2026-06-08,0,0,21,1,0,1
"(719869622, 719869612, 0)",2026-07-19,6,0,6,0,0,3
"(1371955805, 1371955991, 0)",2026-07-24,4,1,15,0,1,1
"(1374245946, 1374246188, 0)",2026-07-06,0,0,23,0,0,2
"(1374245133, 1374245568, 0)",2026-05-16,5,1,8,0,1,1
"(1323346022, 6598161420, 0)",2026-06-08,0,0,23,1,0,3
"(6588574695, 6588574696, 0)",2026-06-11,3,0,16,1,1,7
"(6772044502, 1394212414, 0)",2026-05-02,5,1,9,0,1,3
"(6554445243, 11929623151, 0)",2026-07-11,5,1,7,0,1,1
"(6738710336, 6738710330, 0)",2026-05-30,5,1,21,0,0,7
"(1396425564, 6618274974, 0)",2026-06-14,6,0,10,0,0,2
"(1186425464, 1184975564, 0)",2026-06-08,0,0,21,1,0,1
"(1180288747, 1180288772, 0)",2026-06-27,5,1,17,2,0,3
"(1330820321, 1330820182, 0)",2026-07-08,2,0,17,0,0,3
"(1323345861, 1323345984, 0)",2026-06-27,5,1,13,2,0,5
"(1335496222, 1356243636, 0)",2026-05-07,3,0,15,0,1,7
"(6567047164, 6567047167, 0)",2026-07-24,4,1,16,0,1,2
"(6567047164, 6567047167, 0)",2026-05-17,6,0,21,0,0,3
"(1332669891, 6628697084, 0)",2026-07-05,6,0,14,0,1,7
"(1323754577, 1323754198, 0)",2026-05-04,0,0,13,0,0,2
"(6738766745, 1324570438, 0)",2026-07-14,1,0,8,0,1,7
"(1323346022, 6598161420, 0)",2026-06-04,3,0,19,0,0,1
"(6569975864, 6598107139, 0)",2026-07-18,5,1,19,0,0,7
"(1357399489, 1357399332, 0)",2026-06-06,5,1,12,0,0,3
"(1364900682, 6542236950, 0)",2026-06-16,1,0,7,0,1,5
"(1358332446, 1358332351, 0)",2026-05-01,4,1,6,1,0,3
"(6772044486, 6772029084, 0)",2026-05-05,1,0,17,1,0,2
"(1332017826, 1332017777, 0)",2026-07-07,1,0,12,0,0,2
"(1323672609, 1323672760, 0)",2026-05-26,1,0,13,0,0,3
"(6559065353, 6559065355, 0)",2026-06-10,2,0,15,0,1,9
"(1175373522, 1175375870, 0)",2026-07-05,6,0,23,0,0,2
"(1372020716, 1372021151, 0)",2026-06-26,4,1,9,1,1,2
"(6570316836, 1327150065, 0)",2026-07-27,0,0,18,0,0,2
"(6553252010, 6536363971, 0)",2026-06-19,4,1,11,0,0,2
"(6556986422, 5766243919, 0)",2026-06-14,6,0,18,0,0,1
"(6588574721, 6588574723, 0)",2026-07-26,6,0,6,2,0,3
"(6541243906, 6530776895, 0)",2026-05-05,1,0,20,1,0,2
"(1347137399, 1347137564, 0)",2026-05-09,5,1,19,0,0,5
"(1175876731, 1175878154, 0)",2026-05-07,3,0,10,0,0,1
"(5761923664, 1368366565, 0)",2026-05-15,4,1,7,1,1,2
"(1350774257, 1350774330, 0)",2026-05-24,6,0,11,0,0,1
"(6541505710, 1346779273, 0)",2026-06-17,2,0,19,0,0,1
"(1374279064, 1374279335, 0)",2026-05-27,2,0,7,0,1,9
"(6629184675, 1324373501, 0)",2026-06-15,0,0,10,0,0,2
"(1349779720, 1356919050, 0)",2026-05-14,3,0,8,0,1,9
"(1356243636, 1356243715, 0)",2026-07-20,0,0,10,1,0,1
"(6546611579, 12031564935, 0)",2026-06-15,0,0,17,0,0,3
"(9407387382, 1185579794, 0)",2026-05-05,1,0,10,1,0,1
"(1175876849, 1175876791, 0)",2026-06-05,4,1,20,0,0,7
"(1334014187, 1358046381, 0)",2026-07-22,2,0,16,0,1,8
"(1327186259, 1327186566, 0)",2026-05-05,1,0,20,1,0,2
"(1323345861, 1323345984, 0)",2026-06-03,2,0,7,0,1,7
"(1335496222, 1356243636, 0)",2026-07-06,0,0,11,0,0,2
"(6669853392, 6670102510, 0)",2026-07-26,6,0,10,2,0,4
"(1324181560, 1324181166, 0)",2026-07-29,2,0,13,2,0,6
"(1353114192, 1353114107, 0)",2026-07-21,1,0,20,1,0,1
"(1329637961, 1329637914, 0)",2026-05-16,5,1,13,0,0,2
"(6557974648, 1417561090, 0)",2026-07-14,1,0,23,0,0,2
"(6553169892, 6553169905, 0)",2026-05-02,5,1,23,0,0,1
"(1323345322, 1323345842, 0)",2026-07-11,5,1,19,0,0,7
"(1374245565, 1374246035, 0)",2026-07-27,0,0,8,0,1,9
"(1329345383, 1329345410, 0)",2026-06-06,5,1,17,0,0,2
"(6640233021, 6640233022, 0)",2026-07-19,6,0,18,0,0,3
"(1343821184, 1343821263, 0)",2026-06-13,5,1,8,0,1,3
"(1364900603, 1364900434, 0)",2026-07-02,3,0,22,0,0,2
"(1364900835, 719869622, 0)",2026-06-19,4,1,11,0,0,1
"(6584186546, 5760617328, 0)",2026-06-12,4,1,15,1,1,3
"(1343821200, 1343821239, 0)",2026-07-03,4,1,14,0,1,1
"(1350752656, 6602350580, 0)",2026-07-07,1,0,19,0,0,2
"(1343821184, 1343821263, 0)",2026-07-21,1,0,19,1,0,1
"(1173885682, 6552332791, 0)",2026-07-05,6,0,22,0,0,3
"(1330171652, 6581353529, 0)",2026-05-23,5,1,13,0,0,2
"(1371956399, 1371956539, 0)",2026-06-24,2,0,16,1,1,9
"(1396425400, 6775359719, 0)",2026-05-15,4,1,19,1,0,6
"(1327149840, 1327149966, 0)",2026-06-16,1,0,21,0,0,2
"(1349527623, 1349527724, 0)",2026-06-23,1,0,14,0,1,6
"(1184065373, 1184065322, 0)",2026-05-11,0,0,20,0,0,2
"(6543942506, 6543942517, 0)",2026-06-07,6,0,8,0,1,7
"(6598161400, 6598348640, 0)",2026-05-21,3,0,15,0,1,6
"(1381026405, 1381026406, 0)",2026-07-14,1,0,17,0,0,2
"(6557825399, 1175373862, 0)",2026-07-02,3,0,7,0,1,9
"(1395429860, 1395429882, 0)",2026-05-05,1,0,16,1,1,6
"(6580927373, 6580961271, 0)",2026-05-24,6,0,8,0,1,9
"(6547182834, 6547182832, 0)",2026-05-09,5,1,10,0,0,2
"(1334047127, 1364900534, 0)",2026-05-01,4,1,6,1,0,1
"(6581442350, 6581442349, 0)",2026-06-03,2,0,10,0,0,2
"(1370526911, 6651595643, 0)",2026-05-24,6,0,23,0,0,1
"(6583043108, 1331082612, 0)",2026-05-15,4,1,14,1,1,3
"(6556986422, 5766243919, 0)",2026-07-07,1,0,20,0,0,2
"(6588574695, 6588574696, 0)",2026-07-07,1,0,13,0,0,2
"(1171157754, 1171157949, 0)",2026-06-21,6,0,21,0,0,1
"(1330170962, 1330171205, 0)",2026-06-30,1,0,10,0,0,1
"(6630780297, 6636019481, 0)",2026-05-10,6,0,6,0,0,2
"(1173885926, 6573897495, 0)",2026-07-07,1,0,19,0,0,1
"(2988813045, 1371671494, 0)",2026-07-04,5,1,15,0,1,1
"(2988775567, 1374245347, 0)",2026-06-30,1,0,11,0,0,2
"(1341691045, 6545091979, 0)",2026-07-10,4,1,12,2,0,3
"(1395429860, 1395429882, 0)",2026-05-27,2,0,12,0,0,3
"(1174446973, 1174066983, 0)",2026-07-16,3,0,22,1,0,1
"(1323895307, 1323895309, 0)",2026-06-12,4,1,11,1,0,2
"(1349779720, 1356919050, 0)",2026-06-19,4,1,23,0,0,1
"(1334047127, 1364900534, 0)",2026-05-01,4,1,19,1,0,6
"(1346613092, 1346612605, 0)",2026-07-12,6,0,10,0,0,2
"(1361117264, 1361117334, 0)",2026-05-31,6,0,22,1,0,1
"(1174524594, 5754846394, 0)",2026-06-21,6,0,11,0,0,1
"(1344168240, 266215378, 0)",2026-07-20,0,0,14,1,1,6
"(12202083138, 12202083141, 0)",2026-06-20,5,1,7,1,1,3
"(5930720830, 6598993780, 0)",2026-05-11,0,0,23,0,0,2
"(1178236745, 1178236855, 0)",2026-07-11,5,1,23,0,0,3
"(6557376729, 6557376724, 0)",2026-05-18,0,0,19,0,0,3
"(1371544145, 1371544159, 0)",2026-07-10,4,1,11,2,0,3
"(1352193762, 1352193549, 0)",2026-06-17,2,0,8,0,1,9
"(6600730979, 1418728240, 0)",2026-05-13,2,0,12,0,0,3
"(6546989131, 1330820209, 0)",2026-05-08,4,1,14,1,1,3
"(1329345260, 1329345231, 0)",2026-06-25,3,0,16,0,1,5
"(1185026243, 1185026346, 0)",2026-07-11,5,1,7,0,1,1
"(1371538920, 1371538659, 0)",2026-05-21,3,0,18,0,0,3
"(6555924658, 6555791336, 0)",2026-05-10,6,0,11,0,0,3
"(6553621910, 1341691134, 0)",2026-07-20,0,0,7,1,1,7
"(1371538812, 6769787795, 0)",2026-07-23,3,0,15,2,1,9
"(1381026352, 1381026372, 0)",2026-07-03,4,1,7,0,1,3
"(1346638950, 1346639133, 0)",2026-05-22,4,1,10,1,0,1
"(1346847673, 1346779125, 0)",2026-06-24,2,0,8,1,1,7
"(331561175, 6600683484, 0)",2026-07-12,6,0,20,0,0,1
"(6552362569, 6552362570, 0)",2026-05-21,3,0,16,0,1,6
"(1364900682, 6542236950, 0)",2026-07-04,5,1,13,0,0,3
"(6541243906, 6530776895, 0)",2026-05-20,2,0,19,0,0,2
"(1396508515, 1396508522, 0)",2026-07-15,2,0,15,0,1,9
"(1346612566, 1346611975, 0)",2026-07-10,4,1,10,2,0,4
"(1327149840, 1327149966, 0)",2026-05-12,1,0,14,1,1,9
"(1380541227, 1380541141, 0)",2026-05-02,5,1,17,0,0,3
"(1359003946, 1359004437, 0)",2026-07-26,6,0,17,2,0,4
"(6557653945, 6557653962, 0)",2026-05-23,5,1,7,0,1,3
"(1374279064, 1374279335, 0)",2026-06-05,4,1,10,0,0,3
"(1361117286, 1361117571, 0)",2026-06-27,5,1,18,2,0,4
"(1352194048, 6933986339, 0)",2026-05-07,3,0,7,0,1,7
"(6581442350, 6581442349, 0)",2026-06-18,3,0,15,0,1,9
"(6637789299, 6637789301, 0)",2026-06-14,6,0,21,0,0,1
"(1380541227, 1380541141, 0)",2026-05-29,4,1,19,0,0,5
"(1323345183, 6552242977, 0)",2026-05-18,0,0,12,0,0,2
"(1334014187, 1358046381, 0)",2026-07-12,6,0,9,0,1,8
"(1323430533, 1323754188, 0)",2026-05-08,4,1,19,1,0,8
"(1323672567, 1323672729, 0)",2026-06-24,2,0,12,1,0,1
"(6559065353, 6559065355, 0)",2026-05-26,1,0,9,0,1,7
"(6777870488, 6777868266, 0)",2026-05-13,2,0,8,0,1,7
"(1359004421, 1359004039, 0)",2026-05-14,3,0,10,0,0,1
"(1334047122, 1334047056, 0)",2026-07-20,0,0,11,1,0,1
"(1364900687, 6545606375, 0)",2026-05-31,6,0,21,1,0,3
"(1324373626, 1324373548, 0)",2026-07-22,2,0,17,0,0,3
"(6598691631, 6596790435, 0)",2026-06-16,1,0,23,0,0,2
"(6630522679, 6630522676, 0)",2026-07-12,6,0,19,0,0,3
"(1323895380, 1323895286, 0)",2026-07-21,1,0,15,1,1,6
"(6738710336, 6738710330, 0)",2026-05-29,4,1,14,0,1,2
"(6554335446, 1172905052, 0)",2026-06-03,2,0,21,0,0,1
"(1363882222, 1363883477, 0)",2026-05-16,5,1,14,0,1,1
"(5755970972, 5755970962, 0)",2026-06-24,2,0,15,1,1,5
"(6296893347, 6296893346, 0)",2026-05-11,0,0,20,0,0,1
"(6586987099, 6586987098, 0)",2026-06-11,3,0,13,1,0,3
"(6577216619, 1367530046, 0)",2026-07-24,4,1,21,0,0,7
"(6769188408, 6769188439, 1)",2026-05-30,5,1,6,0,0,1
"(1364900687, 6545606375, 0)",2026-06-14,6,0,10,0,0,1
"(1396443245, 1396443273, 0)",2026-06-17,2,0,20,0,0,1
"(1323345183, 6552242977, 0)",2026-05-21,3,0,16,0,1,6
"(1372020716, 1372021151, 0)",2026-05-21,3,0,8,0,1,7
"(6543942506, 6543942517, 0)",2026-07-25,5,1,14,0,1,2
"(1178236650, 1178236811, 0)",2026-05-25,0,0,12,0,0,2
"(1329698771, 1329698284, 0)",2026-06-30,1,0,9,0,1,7
"(1356520047, 6615870733, 0)",2026-07-07,1,0,10,0,0,3
"(1356243636, 1356243715, 0)",2026-07-20,0,0,6,1,0,3
"(6600730979, 1418728240, 0)",2026-05-31,6,0,19,1,0,2
"(1184065203, 1184065403, 0)",2026-05-15,4,1,23,1,0,1
"(1328079405, 6581812777, 0)",2026-07-09,3,0,6,0,0,1
"(1175876849, 1175876791, 0)",2026-07-12,6,0,13,0,0,3
"(6536439375, 6536588938, 0)",2026-06-27,5,1,9,2,1,5
"(1330170962, 1330171205, 0)",2026-05-15,4,1,22,1,0,6
"(1352193870, 1352193896, 0)",2026-06-09,1,0,15,0,1,6
"(1175876849, 1175876791, 0)",2026-07-25,5,1,18,0,0,2
"(1330947296, 1330820257, 0)",2026-05-14,3,0,12,0,0,3
"(3526130192, 3526130191, 0)",2026-05-18,0,0,22,0,0,2
"(1331244983, 1331245676, 0)",2026-06-06,5,1,17,0,0,3
"(13980225467, 13980225457, 0)",2026-05-07,3,0,8,0,1,5
"(1175375216, 1175373700, 0)",2026-07-18,5,1,8,0,1,2
"(1371538812, 6769787795, 0)",2026-07-25,5,1,23,0,0,2
"(1371955805, 1371955991, 0)",2026-05-05,1,0,20,1,0,2
"(6622549169, 6304487990, 0)",2026-07-23,3,0,9,2,1,9
"(1323345322, 1323345842, 0)",2026-07-28,1,0,14,0,1,6
"(1323345690, 1323345352, 0)",2026-05-19,1,0,8,0,1,8
"(6547969023, 5761923677, 0)",2026-06-08,0,0,15,1,1,8
"(1371538688, 1371538805, 0)",2026-05-12,1,0,8,1,1,8
"(11953619597, 11953619598, 0)",2026-05-28,3,0,12,1,0,1
"(5755970972, 5755970962, 0)",2026-07-17,4,1,12,0,0,1
"(1174066989, 1174446923, 0)",2026-07-20,0,0,10,1,0,1
"(1356917806, 1356918903, 0)",2026-07-13,0,0,13,0,0,2
"(1368366497, 1368366472, 0)",2026-07-12,6,0,8,0,1,6
"(1175373522, 1175375870, 0)",2026-07-11,5,1,18,0,0,3
"(1361117236, 1361117275, 0)",2026-07-09,3,0,6,0,0,1
"(6606955214, 6607646372, 0)",2026-06-22,0,0,13,0,0,3
"(1366234574, 1366234660, 0)",2026-07-10,4,1,16,2,1,5
"(1334046976, 1334047484, 0)",2026-05-15,4,1,17,1,0,3
"(1334014187, 1358046381, 0)",2026-07-25,5,1,17,0,0,1
"(1330537648, 6554845384, 0)",2026-07-03,4,1,9,0,1,1
"(1370526911, 6651595643, 0)",2026-05-28,3,0,15,1,1,9
"(1356460312, 1356460609, 0)",2026-05-04,0,0,8,0,1,9
"(6548147776, 6542110941, 0)",2026-05-12,1,0,20,1,0,2
"(11953619597, 11953619598, 0)",2026-05-21,3,0,14,0,1,5
"(1323345833, 1341987054, 0)",2026-05-13,2,0,10,0,0,1
"(1356460312, 1356460609, 0)",2026-07-18,5,1,13,0,0,2
"(6738766745, 1324570438, 0)",2026-05-03,6,0,7,2,1,8
"(1325840062, 1325839946, 0)",2026-07-11,5,1,19,0,0,8
"(6561114834, 1174066991, 0)",2026-05-24,6,0,17,0,0,1
"(6556485466, 1341718740, 0)",2026-07-01,2,0,20,0,0,3
"(1329698406, 1329698844, 0)",2026-07-03,4,1,14,0,1,3
"(6557376752, 6557597643, 0)",2026-06-22,0,0,18,0,0,1
"(6304273976, 6546822438, 0)",2026-07-21,1,0,19,1,0,1
"(12293292105, 12293228200, 0)",2026-05-12,1,0,22,1,0,1
"(1393170581, 1393416370, 0)",2026-05-28,3,0,21,1,0,1
"(6628867004, 6628867044, 0)",2026-06-11,3,0,13,1,0,2
"(6598161400, 6598348640, 0)",2026-06-02,1,0,21,0,0,1
"(1371614491, 1371614644, 0)",2026-05-13,2,0,8,0,1,7
"(1381026405, 1381026406, 0)",2026-05-18,0,0,20,0,0,3
"(6769188408, 6769188439, 1)",2026-07-19,6,0,19,0,0,3
"(1371671621, 1371671088, 0)",2026-07-01,2,0,15,0,1,8
"(1186425464, 1184975564, 0)",2026-06-01,0,0,9,0,1,5
"(1371955805, 1371955991, 0)",2026-06-01,0,0,11,0,0,1
"(6587835836, 1329148725, 0)",2026-07-28,1,0,22,0,0,1
"(6553252033, 1184975571, 0)",2026-06-29,0,0,14,0,1,7
"(1371956399, 1371956539, 0)",2026-05-06,2,0,6,0,0,2
"(1371671621, 1371671088, 0)",2026-07-24,4,1,8,0,1,1
"(1335496222, 1356243636, 0)",2026-05-09,5,1,7,0,1,3
"(6557376736, 3111984021, 0)",2026-05-09,5,1,16,0,1,2
"(1183596438, 1183596411, 0)",2026-05-11,0,0,9,0,1,8
"(1396443245, 1396443273, 0)",2026-06-01,0,0,17,0,0,3
"(1396425564, 6618274974, 0)",2026-07-02,3,0,12,0,0,3
"(1346612565, 1346612081, 0)",2026-07-21,1,0,13,1,0,1
"(9407387382, 1185579794, 0)",2026-05-31,6,0,22,1,0,3
"(1331082569, 6749667095, 0)",2026-06-21,6,0,16,0,1,6
"(6587835836, 1329148725, 0)",2026-07-07,1,0,19,0,0,3
"(1347569397, 1347569473, 0)",2026-07-08,2,0,6,0,0,1
"(1175877680, 1175876658, 0)",2026-07-17,4,1,12,0,0,2
"(1370526903, 1370526980, 0)",2026-07-08,2,0,23,0,0,1
"(6637789301, 6637789305, 0)",2026-06-03,2,0,14,0,1,6
"(1329637969, 6581812753, 0)",2026-07-19,6,0,7,0,1,8
"(1379372182, 1379372190, 0)",2026-06-24,2,0,14,1,1,7
"(1356917806, 1356918903, 0)",2026-05-16,5,1,15,0,1,1
"(1324181418, 6545381135, 0)",2026-07-21,1,0,20,1,0,1
"(6598161400, 6598348640, 0)",2026-07-14,1,0,22,0,0,3
"(1374245133, 1374245568, 0)",2026-06-15,0,0,8,0,1,9
"(1350752669, 1350753400, 0)",2026-07-09,3,0,8,0,1,8
"(6558050360, 6538858465, 0)",2026-06-15,0,0,8,0,1,5
"(6624547084, 6624573185, 0)",2026-06-09,1,0,18,0,0,2
"(2442418232, 1179694631, 0)",2026-06-27,5,1,7,2,1,6
"(6554445243, 11929623151, 0)",2026-07-16,3,0,10,1,0,1
"(6559240104, 6559240107, 0)",2026-05-10,6,0,19,0,0,1
"(1342637342, 1342637240, 0)",2026-05-11,0,0,7,0,1,5
"(6542903703, 6542903721, 0)",2026-07-17,4,1,21,0,0,6
"(6586987099, 6586987098, 0)",2026-06-20,5,1,14,1,1,2
"(1331244754, 1331244877, 0)",2026-06-23,1,0,17,0,0,1
"(1381026352, 1381026372, 0)",2026-07-14,1,0,22,0,0,2
"(1174524594, 5754846394, 0)",2026-06-16,1,0,10,0,0,2
"(1381026545, 1381026531, 0)",2026-07-06,0,0,7,0,1,8
"(1356519875, 6769076215, 0)",2026-07-15,2,0,22,0,0,2
"(6541820282, 1343821122, 0)",2026-07-14,1,0,13,0,0,1
"(1329637995, 6576900738, 0)",2026-07-25,5,1,22,0,0,5
"(1361117236, 1361117275, 0)",2026-06-10,2,0,17,0,0,1
"(1346612566, 1346611975, 0)",2026-07-12,6,0,9,0,1,7
"(1374245437, 1374245314, 0)",2026-06-21,6,0,14,0,1,6
"(1374245133, 1374245568, 0)",2026-07-08,2,0,21,0,0,3
"(6543942547, 6543919956, 0)",2026-06-09,1,0,10,0,0,1
"(1329637969, 6581812753, 0)",2026-07-17,4,1,7,0,1,1
"(1396443192, 6771620989, 0)",2026-07-26,6,0,18,2,0,6
"(1323346022, 6598161420, 0)",2026-05-08,4,1,9,1,1,1
"(1372487710, 1372487151, 0)",2026-05-12,1,0,8,1,1,7
"(3111984079, 9366943157, 0)",2026-07-02,3,0,20,0,0,3
"(6587835836, 1329148725, 0)",2026-05-30,5,1,15,0,1,1
"(1363883359, 1363882222, 0)",2026-06-05,4,1,11,0,0,1
"(1370526769, 1370526928, 0)",2026-05-20,2,0,21,0,0,1
"(1347569397, 1347569473, 0)",2026-05-30,5,1,23,0,0,1
"(1346612860, 1346612090, 0)",2026-05-20,2,0,9,0,1,7
"(1418770624, 1418728209, 0)",2026-07-24,4,1,6,0,0,1
"(1186425464, 1184975564, 0)",2026-05-29,4,1,9,0,1,1
"(721619073, 1334295727, 0)",2026-05-03,6,0,20,2,0,6
"(1324408906, 1324408750, 0)",2026-05-22,4,1,11,1,0,3
"(1358332446, 1358332351, 0)",2026-06-05,4,1,15,0,1,2
"(1347137271, 1347137638, 0)",2026-06-16,1,0,12,0,0,3
"(1183596438, 1183596411, 0)",2026-05-05,1,0,6,1,0,3
"(12202083138, 12202083141, 0)",2026-06-09,1,0,16,0,1,9
"(6750036709, 6750036706, 0)",2026-05-26,1,0,20,0,0,2
"(1323345470, 1323345442, 0)",2026-05-13,2,0,13,0,0,1
"(1183596438, 1183596411, 0)",2026-05-31,6,0,10,1,0,3
"(1329735003, 2973460651, 0)",2026-06-25,3,0,15,0,1,5
"(2988698289, 2988700223, 0)",2026-06-05,4,1,16,0,1,3
"(331538426, 596600176, 0)",2026-07-21,1,0,16,1,1,8
"(1329345222, 1327186562, 0)",2026-05-29,4,1,22,0,0,4
"(6552983852, 1346639031, 0)",2026-05-10,6,0,6,0,0,1
"(1381026352, 1381026372, 0)",2026-07-15,2,0,12,0,0,1
"(1396508515, 1396508522, 0)",2026-07-17,4,1,10,0,0,2
"(1357216546, 1357216432, 0)",2026-05-31,6,0,13,1,0,1
"(6547182834, 6547182832, 0)",2026-06-21,6,0,10,0,0,1
"(1332017826, 1332017777, 0)",2026-05-31,6,0,9,1,1,6
"(1331082569, 6749667095, 0)",2026-06-05,4,1,23,0,0,3
"(6568974979, 6569018810, 0)",2026-06-21,6,0,6,0,0,2
"(6543942506, 6543942517, 0)",2026-06-16,1,0,6,0,0,3
"(1363883359, 1363882222, 0)",2026-07-02,3,0,22,0,0,3
"(1347137271, 1347137638, 0)",2026-07-23,3,0,8,2,1,10
"(1324181418, 6545381135, 0)",2026-05-27,2,0,6,0,0,2
"(1350752677, 1350752992, 0)",2026-07-06,0,0,12,0,0,2
"(1330537648, 6554845384, 0)",2026-06-01,0,0,7,0,1,9
"(1326941595, 1326941528, 0)",2026-06-28,6,0,7,1,1,8
"(6557825399, 1175373862, 0)",2026-06-21,6,0,9,0,1,6
"(1341691045, 6545091979, 0)",2026-05-09,5,1,16,0,1,1
"(1346611894, 1346612802, 0)",2026-05-28,3,0,13,1,0,2
"(1323346022, 6598161420, 0)",2026-06-29,0,0,8,0,1,7
"(1175876731, 1175878154, 0)",2026-07-01,2,0,8,0,1,7
"(1331082569, 6749667095, 0)",2026-06-27,5,1,9,2,1,5
"(2988710800, 6588133421, 0)",2026-05-19,1,0,6,0,0,1
"(6561114834, 1174066991, 0)",2026-06-11,3,0,20,1,0,1
"(1323754501, 1323754359, 0)",2026-05-13,2,0,20,0,0,3
"(1350774113, 1350774443, 0)",2026-05-20,2,0,15,0,1,7
"(1324181534, 1324181481, 0)",2026-07-17,4,1,18,0,0,3
"(6746280124, 6618274870, 0)",2026-07-21,1,0,18,1,0,2
"(6546611579, 12031564935, 0)",2026-05-12,1,0,22,1,0,1
"(1175160040, 1175161081, 0)",2026-07-07,1,0,10,0,0,1
"(1175877680, 1175876658, 0)",2026-05-21,3,0,16,0,1,7
"(1370526911, 6651595643, 0)",2026-05-22,4,1,23,1,0,3
"(6585521761, 6585521754, 0)",2026-07-02,3,0,20,0,0,2
"(1374279064, 1374279335, 0)",2026-05-16,5,1,7,0,1,1
"(1324181616, 1324181571, 0)",2026-05-29,4,1,14,0,1,1
"(1349527741, 6552015853, 0)",2026-05-28,3,0,16,1,1,5
"(1329345383, 1329345410, 0)",2026-05-11,0,0,23,0,0,3
"(1347409972, 6530844087, 0)",2026-07-16,3,0,21,1,0,2
"(6547426508, 5760614813, 0)",2026-07-21,1,0,6,1,0,2
"(6623059680, 6623059676, 0)",2026-06-19,4,1,14,0,1,3
"(1327186259, 1327186566, 0)",2026-07-01,2,0,9,0,1,6
"(5755970972, 5755970962, 0)",2026-07-13,0,0,22,0,0,1
"(6576721831, 3250738467, 0)",2026-05-20,2,0,17,0,0,1
"(1171724079, 1175374597, 0)",2026-06-06,5,1,10,0,0,2
"(6546593263, 6586697616, 0)",2026-05-12,1,0,13,1,0,2
"(6542839673, 3676454416, 0)",2026-05-23,5,1,19,0,0,7
"(721619180, 1380541148, 0)",2026-06-26,4,1,10,1,0,1
"(6757013374, 6757013360, 0)",2026-07-10,4,1,10,2,0,4
"(1175877680, 1175876658, 0)",2026-06-12,4,1,21,1,0,6
"(1374245565, 1374245525, 0)",2026-07-27,0,0,14,0,1,8
"(1396508515, 1396508522, 0)",2026-05-22,4,1,14,1,1,1
"(1346639125, 6553140114, 0)",2026-05-17,6,0,20,0,0,1
"(6536439375, 6536588938, 0)",2026-07-18,5,1,12,0,0,3
"(1331613509, 1331613269, 0)",2026-07-04,5,1,22,0,0,7
"(1324408906, 1324408750, 0)",2026-05-11,0,0,14,0,1,7
"(1350752677, 1350752992, 0)",2026-06-05,4,1,19,0,0,6
"(1323672567, 1323672729, 0)",2026-05-14,3,0,13,0,0,1
"(1323345442, 1323345972, 0)",2026-05-08,4,1,10,1,0,2
"(5754489564, 1175374600, 0)",2026-06-09,1,0,6,0,0,1
"(1175876731, 1175878154, 0)",2026-07-20,0,0,21,1,0,1
"(9407471693, 6630522620, 0)",2026-06-10,2,0,8,0,1,9
"(1353448531, 1353448730, 0)",2026-05-22,4,1,19,1,0,5
"(1346612860, 1346612090, 0)",2026-05-09,5,1,6,0,0,3
"(6546989131, 1330820209, 0)",2026-05-05,1,0,22,1,0,2
"(12920669869, 1186889231, 0)",2026-07-16,3,0,12,1,0,3
"(3676305214, 3676304507, 0)",2026-06-27,5,1,14,2,1,3
"(1330170196, 1330171107, 0)",2026-07-24,4,1,22,0,0,8
"(1371538920, 1371538659, 0)",2026-06-11,3,0,15,1,1,7
"(1341740647, 1341740642, 0)",2026-05-13,2,0,18,0,0,1
"(6573704012, 6573704007, 0)",2026-07-24,4,1,11,0,0,2
"(1346157096, 6557798743, 0)",2026-05-02,5,1,16,0,1,1
"(1359004421, 1359004039, 0)",2026-05-25,0,0,11,0,0,3
"(1381026313, 6570667566, 0)",2026-05-08,4,1,22,1,0,6
"(13037817967, 13037817968, 0)",2026-05-21,3,0,18,0,0,2
"(1371382516, 6630661890, 0)",2026-05-13,2,0,13,0,0,3
"(1371956399, 1371956539, 0)",2026-05-17,6,0,19,0,0,1
"(1361117264, 1361117334, 0)",2026-05-13,2,0,6,0,0,2
"(6547573862, 6547573873, 0)",2026-05-14,3,0,15,0,1,7
"(331538426, 596600176, 0)",2026-05-04,0,0,20,0,0,2
"(6546593263, 6586697616, 0)",2026-07-16,3,0,11,1,0,2
"(8278633101, 6558106796, 0)",2026-07-13,0,0,9,0,1,7
"(1346157096, 6557798743, 0)",2026-06-01,0,0,8,0,1,6
"(1327149840, 1327149966, 0)",2026-05-01,4,1,7,1,1,3
"(1184943115, 1185026255, 0)",2026-05-09,5,1,9,0,1,2
"(1367529816, 1367529601, 0)",2026-07-07,1,0,10,0,0,3
"(1323672567, 1323672729, 0)",2026-07-15,2,0,12,0,0,2
"(1343821200, 1343821239, 0)",2026-05-05,1,0,6,1,0,2
"(1346638950, 1346639133, 0)",2026-05-20,2,0,20,0,0,1
"(1349527741, 6552015853, 0)",2026-07-13,0,0,22,0,0,2
"(6588133470, 721619009, 0)",2026-05-03,6,0,14,2,1,9
"(1396443245, 1396443273, 0)",2026-05-03,6,0,19,2,0,4
"(1183596438, 1183596411, 0)",2026-05-11,0,0,12,0,0,2
"(1347293046, 1347292957, 0)",2026-07-25,5,1,8,0,1,3
"(1175160040, 1175161081, 0)",2026-07-25,5,1,23,0,0,1
"(1330947296, 1330820257, 0)",2026-07-23,3,0,18,2,0,3
"(1324408890, 1324408701, 0)",2026-05-25,0,0,12,0,0,1
"(1350774257, 1350774330, 0)",2026-07-14,1,0,9,0,1,8
"(6775370153, 6775370130, 0)",2026-06-04,3,0,8,0,1,7
"(6606955214, 6607646372, 0)",2026-05-23,5,1,14,0,1,1
"(1330171652, 6581353529, 0)",2026-07-04,5,1,14,0,1,2
"(6630522679, 6630522676, 0)",2026-07-08,2,0,15,0,1,6
"(6552362569, 6552362570, 0)",2026-07-06,0,0,22,0,0,3
"(1331244754, 1331244877, 0)",2026-06-15,0,0,18,0,0,3
"(6588133470, 721619009, 0)",2026-06-27,5,1,12,2,0,5
"(1366234574, 1366234660, 0)",2026-07-19,6,0,10,0,0,2
"(6543952951, 6543952960, 0)",2026-07-27,0,0,13,0,0,1
"(6541526356, 6530711225, 0)",2026-06-18,3,0,6,0,0,2
"(1364900687, 6545606375, 0)",2026-05-13,2,0,9,0,1,5
"(1330820321, 1330820182, 0)",2026-06-30,1,0,18,0,0,1
"(6546611579, 12031564935, 0)",2026-07-11,5,1,21,0,0,5
"(3112549168, 3112549151, 0)",2026-05-06,2,0,20,0,0,1
"(1334047127, 1364900534, 0)",2026-05-10,6,0,12,0,0,3
"(1347137399, 1347137564, 0)",2026-07-28,1,0,18,0,0,1
"(1186889099, 1186546606, 0)",2026-07-27,0,0,9,0,1,7
"(6557737125, 6557737126, 0)",2026-05-25,0,0,7,0,1,7
"(1346847308, 1346847645, 0)",2026-05-01,4,1,18,1,0,2
"(1174524649, 6754562258, 0)",2026-06-25,3,0,9,0,1,6
"(1374279064, 1374279335, 0)",2026-06-02,1,0,19,0,0,2
"(1322982054, 6580856314, 0)",2026-06-29,0,0,12,0,0,3
"(6620749493, 6620749498, 0)",2026-05-27,2,0,11,0,0,2
"(1328079242, 1328078851, 0)",2026-05-15,4,1,8,1,1,2
"(1371956302, 1371956554, 0)",2026-07-14,1,0,9,0,1,6
"(1341718877, 1344168014, 0)",2026-07-18,5,1,22,0,0,5
"(1323672609, 1323672760, 0)",2026-05-04,0,0,12,0,0,2
"(1374245946, 1374246188, 0)",2026-05-08,4,1,15,1,1,2
"(1346847673, 1346779125, 0)",2026-07-04,5,1,21,0,0,6
"(1346639125, 6553140114, 0)",2026-05-19,1,0,21,0,0,3
"(6746280124, 6618274870, 0)",2026-07-25,5,1,20,0,0,6
"(1324181494, 6622601720, 0)",2026-07-27,0,0,20,0,0,2
"(6557825399, 1175373862, 0)",2026-06-30,1,0,10,0,0,3
"(6585611590, 6585611586, 0)",2026-06-24,2,0,12,1,0,3
"(1347137399, 1347137564, 0)",2026-06-30,1,0,18,0,0,1
"(1323345833, 1341987054, 0)",2026-05-07,3,0,7,0,1,6
"(1325840066, 6296868940, 0)",2026-05-05,1,0,9,1,1,5
"(1322981366, 12539090832, 0)",2026-05-21,3,0,14,0,1,8
"(1331613509, 1331613269, 0)",2026-06-08,0,0,12,1,0,2
"(1367529816, 1367529601, 0)",2026-06-05,4,1,20,0,0,5
"(1323430562, 5758954840, 0)",2026-07-17,4,1,15,0,1,3
"(1347137543, 1347137628, 0)",2026-07-05,6,0,10,0,0,1
"(6587904379, 6587823232, 0)",2026-06-17,2,0,14,0,1,9
"(1184864093, 1184863233, 0)",2026-07-22,2,0,22,0,0,1
"(1334014231, 6754562268, 0)",2026-06-07,6,0,21,0,0,3
"(1323345669, 1323345355, 0)",2026-05-18,0,0,14,0,1,6
"(1363883359, 1363882222, 0)",2026-05-05,1,0,13,1,0,1
"(1343821189, 1343821154, 0)",2026-05-10,6,0,23,0,0,2
"(2988710800, 6588133421, 0)",2026-07-22,2,0,6,0,0,2
"(1323345183, 6552242977, 0)",2026-07-07,1,0,12,0,0,1
"(6580927373, 6580961271, 0)",2026-05-18,0,0,12,0,0,2
"(1323754501, 1323754359, 0)",2026-06-21,6,0,10,0,0,2
"(13980225467, 13980225457, 0)",2026-05-06,2,0,8,0,1,7
"(6573704012, 6573704007, 0)",2026-06-13,5,1,9,0,1,3
"(1374129709, 6631219361, 0)",2026-06-24,2,0,16,1,1,6
"(1178236650, 1178236811, 0)",2026-05-31,6,0,11,1,0,1
"(1331244983, 1331245676, 0)",2026-07-21,1,0,22,1,0,1
"(1371671327, 1371671454, 0)",2026-07-25,5,1,8,0,1,1
"(6755854467, 1372487009, 1)",2026-05-12,1,0,10,1,0,3
"(6543942547, 6543919956, 0)",2026-07-24,4,1,15,0,1,2
"(2988673881, 2988674192, 0)",2026-05-13,2,0,20,0,0,1
"(5765103561, 6559093393, 0)",2026-05-04,0,0,7,0,1,7
"(13087366601, 1329433896, 0)",2026-06-12,4,1,19,1,0,5
"(6543952951, 6543952960, 0)",2026-06-09,1,0,23,0,0,2
"(1323754577, 1323754198, 0)",2026-06-04,3,0,9,0,1,6
"(1175375033, 1175375993, 0)",2026-06-26,4,1,14,1,1,1
"(1374279064, 1374279335, 0)",2026-06-13,5,1,22,0,0,5
"(6738710336, 6738710330, 0)",2026-07-26,6,0,19,2,0,5
"(6631178703, 1329434274, 0)",2026-06-20,5,1,21,1,0,8
"(1186425464, 1184975564, 0)",2026-07-19,6,0,20,0,0,1
"(1331244983, 1331245676, 0)",2026-05-13,2,0,18,0,0,3
"(1329698748, 1329698691, 0)",2026-06-03,2,0,14,0,1,5
"(5903235296, 1346639012, 0)",2026-07-22,2,0,10,0,0,3
"(1175160040, 1175161081, 0)",2026-07-18,5,1,8,0,1,1
"(1380078531, 1380078522, 0)",2026-05-26,1,0,19,0,0,1
"(1184943250, 1184942691, 0)",2026-06-03,2,0,6,0,0,2
"(331556716, 1175876922, 0)",2026-06-15,0,0,14,0,1,5
"(1356460312, 1356460609, 0)",2026-07-23,3,0,15,2,1,10
"(1175877023, 5755845306, 0)",2026-06-16,1,0,8,0,1,5
"(1330537648, 6554845384, 0)",2026-06-11,3,0,10,1,0,1
"(1185579728, 1185579688, 0)",2026-07-17,4,1,9,0,1,1
"(1349780764, 1370526533, 0)",2026-06-04,3,0,21,0,0,3
"(1173885926, 6573897495, 0)",2026-05-07,3,0,16,0,1,6
"(6547969023, 5761923677, 0)",2026-06-14,6,0,21,0,0,2
"(6553252010, 6536363971, 0)",2026-07-09,3,0,22,0,0,3
"(13037817967, 13037817968, 0)",2026-07-11,5,1,6,0,0,2
"(1178236745, 1178236855, 0)",2026-07-12,6,0,16,0,1,7
"(1332669734, 6627933395, 0)",2026-07-02,3,0,20,0,0,1
"(2988915683, 6552088459, 0)",2026-06-22,0,0,17,0,0,1
"(1332669734, 6627933395, 0)",2026-06-22,0,0,15,0,1,7
"(1364829713, 6544339896, 0)",2026-05-08,4,1,20,1,0,6
"(1344168045, 1344168110, 0)",2026-05-08,4,1,7,1,1,1
"(1379368400, 1379368402, 0)",2026-06-03,2,0,11,0,0,3
"(1323430562, 5758954840, 0)",2026-05-31,6,0,20,1,0,1
"(6576721831, 3250738467, 0)",2026-06-09,1,0,16,0,1,7
"(6598348640, 6598161400, 0)",2026-07-19,6,0,12,0,0,2
"(719870150, 719870151, 0)",2026-06-24,2,0,17,1,0,2
"(6553169892, 6553169905, 0)",2026-07-11,5,1,18,0,0,2
"(1366234557, 6547766243, 0)",2026-06-08,0,0,23,1,0,1
"(6775165202, 6775165196, 0)",2026-05-03,6,0,6,2,0,5
"(5755970972, 5755970962, 0)",2026-06-01,0,0,23,0,0,1
"(6559240104, 6559240107, 0)",2026-07-11,5,1,12,0,0,2
"(1174066989, 1174446923, 0)",2026-07-02,3,0,10,0,0,1
"(1379372182, 1379372190, 0)",2026-05-20,2,0,7,0,1,8
"(1361117241, 1361117586, 0)",2026-07-18,5,1,17,0,0,3
"(1178236745, 1178236855, 0)",2026-05-02,5,1,18,0,0,2
"(6556485466, 1341718740, 0)",2026-05-10,6,0,11,0,0,1
"(6598161400, 6598348640, 0)",2026-06-13,5,1,10,0,0,2
"(6623059680, 6623059676, 0)",2026-05-06,2,0,13,0,0,1
"(1374129773, 1374129642, 0)",2026-07-28,1,0,23,0,0,1
"(1368366497, 1368366472, 0)",2026-07-29,2,0,12,2,0,5
"(1361117264, 1361117334, 0)",2026-06-06,5,1,20,0,0,6
"(1347137271, 1347137638, 0)",2026-06-02,1,0,13,0,0,3
"(1328079405, 6581812777, 0)",2026-06-01,0,0,10,0,0,2
"(3676443887, 3676443901, 0)",2026-06-11,3,0,20,1,0,1
"(1175876849, 1175876791, 0)",2026-07-27,0,0,14,0,1,6
"(3111983583, 6547342476, 0)",2026-07-29,2,0,13,2,0,5
"(6637789299, 6637789301, 0)",2026-05-21,3,0,11,0,0,3
"(1364829713, 6544339896, 0)",2026-06-16,1,0,10,0,0,3
"(6631172448, 1324408982, 0)",2026-07-10,4,1,18,2,0,5
"(13087366601, 1329433896, 0)",2026-07-19,6,0,20,0,0,2
"(1175373522, 1175375870, 0)",2026-06-30,1,0,20,0,0,3
"(6631173960, 6631708296, 0)",2026-06-14,6,0,23,0,0,1
"(7432166402, 7432166403, 0)",2026-06-14,6,0,20,0,0,3
"(1374129709, 6631219361, 0)",2026-06-01,0,0,16,0,1,7
"(1368366497, 1368366472, 0)",2026-05-26,1,0,7,0,1,6
"(6555924658, 6555791336, 0)",2026-06-04,3,0,22,0,0,1
"(1364900687, 6545606375, 0)",2026-07-10,4,1,15,2,1,5
"(331561175, 6600683484, 0)",2026-05-01,4,1,11,1,0,1
"(1346847673, 1346779125, 0)",2026-05-22,4,1,23,1,0,2
"(1344168240, 266215378, 0)",2026-05-22,4,1,20,1,0,5
"(1325840095, 1325839862, 0)",2026-07-16,3,0,10,1,0,3
"(6558050360, 6538858465, 0)",2026-05-09,5,1,22,0,0,5
"(2442418232, 1179694631, 0)",2026-06-10,2,0,6,0,0,1
"(1323430562, 5758954840, 0)",2026-06-15,0,0,10,0,0,2
"(6536439375, 6536588938, 0)",2026-05-14,3,0,21,0,0,3
"(1379368400, 1379368402, 0)",2026-05-19,1,0,18,0,0,1
"(6556485466, 1341718740, 0)",2026-06-01,0,0,17,0,0,2
"(1360982415, 1804724846, 0)",2026-05-30,5,1,19,0,0,6
"(6559065353, 6559065355, 0)",2026-06-29,0,0,20,0,0,3
"(1374435979, 1364174412, 0)",2026-05-12,1,0,15,1,1,7
"(1323430669, 1323430782, 0)",2026-07-12,6,0,7,0,1,8
"(6591306604, 13980225453, 0)",2026-07-02,3,0,14,0,1,7
"(1347137543, 1347137628, 0)",2026-05-30,5,1,15,0,1,3
"(6624547071, 6624573186, 0)",2026-05-11,0,0,7,0,1,5
"(6543952951, 6543952960, 0)",2026-07-25,5,1,18,0,0,3
"(1323895380, 1323895286, 0)",2026-05-15,4,1,11,1,0,3
"(1356243636, 1356243715, 0)",2026-05-10,6,0,10,0,0,2
"(1331244983, 1331245676, 0)",2026-07-15,2,0,13,0,0,3
"(6548212725, 6548212716, 0)",2026-06-16,1,0,10,0,0,1
"(1328078896, 724730812, 0)",2026-05-01,4,1,12,1,0,3
"(6573704012, 6573704007, 0)",2026-07-21,1,0,16,1,1,6
"(1372487710, 1372487151, 0)",2026-06-10,2,0,20,0,0,1
"(1323345833, 1341987054, 0)",2026-05-11,0,0,16,0,1,5
"(1350774512, 2988947194, 0)",2026-07-29,2,0,8,2,1,10
"(6552983852, 1346639031, 0)",2026-05-20,2,0,15,0,1,7
"(6588463544, 6588463537, 0)",2026-06-25,3,0,16,0,1,7
"(5930720830, 6598993780, 0)",2026-05-04,0,0,8,0,1,9
"(6556986422, 5766243919, 0)",2026-05-14,3,0,21,0,0,3
"(1364900835, 719869622, 0)",2026-07-24,4,1,17,0,0,1
"(1342637342, 1342637240, 0)",2026-05-25,0,0,9,0,1,7
"(1329698748, 1329698691, 0)",2026-07-20,0,0,10,1,0,1
"(1347137399, 1347137564, 0)",2026-07-10,4,1,11,2,0,4
"(8278633101, 6558106796, 0)",2026-05-03,6,0,21,2,0,4
"(1349780764, 1370526533, 0)",2026-07-28,1,0,8,0,1,7
"(6553252010, 6536363971, 0)",2026-07-11,5,1,14,0,1,2
"(1175375216, 1175373700, 0)",2026-05-21,3,0,12,0,0,2
"(1323672769, 1323672516, 0)",2026-05-29,4,1,19,0,0,6
"(12208471727, 12208928944, 0)",2026-07-26,6,0,23,2,0,3
"(1329345245, 1327186582, 0)",2026-05-14,3,0,9,0,1,9
"(6775165202, 6775165196, 0)",2026-06-01,0,0,17,0,0,2
"(8278633101, 6558106796, 0)",2026-07-09,3,0,16,0,1,6
"(6585611590, 6585611586, 0)",2026-05-03,6,0,6,2,0,5
"(6581279487, 6581279486, 0)",2026-05-13,2,0,15,0,1,8
"(6631173960, 6631708296, 0)",2026-06-03,2,0,12,0,0,1
"(1347137619, 1347137659, 0)",2026-07-02,3,0,8,0,1,7
"(1331244983, 1331245676, 0)",2026-05-14,3,0,10,0,0,1
"(6552983852, 1346639031, 0)",2026-05-31,6,0,13,1,0,3
"(13037817967, 13037817968, 0)",2026-05-11,0,0,12,0,0,3
"(6543942506, 6543942517, 0)",2026-06-05,4,1,12,0,0,3
"(1329637794, 1329637952, 0)",2026-06-07,6,0,6,0,0,3
"(1346612860, 1346612090, 0)",2026-06-28,6,0,21,1,0,3
"(1325840095, 1325839862, 0)",2026-06-30,1,0,23,0,0,1
"(331561175, 6600683484, 0)",2026-06-15,0,0,22,0,0,2
"(1370583961, 1370584066, 0)",2026-06-29,0,0,10,0,0,1
"(331556716, 1175876922, 0)",2026-06-30,1,0,22,0,0,1
"(1346847673, 1346779125, 0)",2026-07-02,3,0,13,0,0,3
"(6569018819, 1380541980, 0)",2026-06-24,2,0,12,1,0,2
"(1330820321, 1330820182, 0)",2026-07-08,2,0,21,0,0,1
"(6624547071, 6624573186, 0)",2026-05-09,5,1,15,0,1,1
"(1350752740, 1350753292, 0)",2026-06-26,4,1,10,1,0,2
"(6588463555, 6588463654, 0)",2026-07-06,0,0,11,0,0,2
"(11953619597, 11953619598, 0)",2026-05-14,3,0,19,0,0,3
"(11006104077, 11006104104, 0)",2026-06-02,1,0,20,0,0,2
"(6546611579, 12031564935, 0)",2026-06-25,3,0,18,0,0,2
"(1396443245, 1396443273, 0)",2026-06-26,4,1,15,1,1,1
"(1172905066, 1172905094, 0)",2026-05-25,0,0,20,0,0,1
"(1349779720, 1356919050, 0)",2026-05-21,3,0,11,0,0,2
"(6587904379, 6587823232, 0)",2026-06-20,5,1,6,1,0,1
"(6552362569, 6552362570, 0)",2026-06-01,0,0,22,0,0,1
"(3111984079, 9366943157, 0)",2026-07-05,6,0,14,0,1,9
"(5755970972, 5755970962, 0)",2026-07-09,3,0,19,0,0,2
"(6584072707, 6584072708, 0)",2026-06-04,3,0,15,0,1,9
"(1184975499, 1185106853, 0)",2026-07-09,3,0,10,0,0,2
"(1418770624, 1418728209, 0)",2026-05-23,5,1,20,0,0,8
"(6547182834, 6547182832, 0)",2026-06-28,6,0,20,1,0,1
"(1364829529, 1364829688, 0)",2026-06-24,2,0,15,1,1,5
"(6558050360, 6538858465, 0)",2026-06-12,4,1,18,1,0,3
"(1346613092, 1346612605, 0)",2026-07-18,5,1,6,0,0,2
"(1371538812, 6769787795, 0)",2026-06-25,3,0,13,0,0,2
"(1334303469, 1334303430, 0)",2026-05-17,6,0,7,0,1,7
"(6757354948, 1332017603, 0)",2026-05-27,2,0,20,0,0,3
"(12237200017, 1361117364, 0)",2026-07-01,2,0,12,0,0,2
"(1184065203, 1184065403, 0)",2026-07-04,5,1,21,0,0,7
"(2988909845, 2988913654, 0)",2026-07-12,6,0,21,0,0,3
"(8278633101, 6558106796, 0)",2026-07-07,1,0,14,0,1,8
"(5754489564, 1175374600, 0)",2026-05-18,0,0,7,0,1,8
"(1178236650, 1178236811, 0)",2026-07-14,1,0,17,0,0,2
"(6587835836, 1329148725, 0)",2026-05-31,6,0,10,1,0,1
"(1371538920, 1371538659, 0)",2026-05-18,0,0,7,0,1,9
"(6755854467, 1372487009, 1)",2026-05-26,1,0,16,0,1,8
"(6546989131, 1330820209, 0)",2026-06-20,5,1,8,1,1,3
"(6553484552, 1364174103, 0)",2026-07-01,2,0,9,0,1,8
"(6637789299, 6637789301, 0)",2026-07-06,0,0,21,0,0,3
"(6570316836, 1327150065, 0)",2026-07-23,3,0,22,2,0,5
"(1329345260, 1329345231, 0)",2026-07-13,0,0,14,0,1,7
"(1323345650, 1323345329, 0)",2026-05-26,1,0,10,0,0,3
"(6601640776, 6601640727, 0)",2026-05-04,0,0,14,0,1,9
"(1334014231, 6754562268, 0)",2026-05-14,3,0,17,0,0,1
"(1347137271, 1347137638, 0)",2026-05-21,3,0,14,0,1,7
"(1370526613, 1370526548, 0)",2026-06-20,5,1,12,1,0,1
"(6640233021, 6640233022, 0)",2026-07-15,2,0,11,0,0,1
"(3111983583, 6547342476, 0)",2026-05-16,5,1,10,0,0,2
"(6555547270, 1175742029, 0)",2026-05-28,3,0,18,1,0,3
"(1366234574, 1366234660, 0)",2026-05-12,1,0,7,1,1,6
"(1374245437, 1374245314, 0)",2026-06-06,5,1,21,0,0,8
"(6547790611, 6547790609, 0)",2026-07-04,5,1,9,0,1,3
"(1333236267, 6640086937, 0)",2026-05-07,3,0,20,0,0,1
"(6296976796, 1329735146, 0)",2026-06-03,2,0,19,0,0,3
"(1364900835, 719869622, 0)",2026-06-03,2,0,13,0,0,2
"(6588133470, 721619009, 0)",2026-06-15,0,0,11,0,0,2
"(1356918579, 1356919507, 0)",2026-05-17,6,0,23,0,0,1
"(1347409972, 6530844087, 0)",2026-07-22,2,0,7,0,1,6
"(6631173960, 6631708296, 0)",2026-06-13,5,1,20,0,0,5
"(1184065203, 1184065403, 0)",2026-06-17,2,0,7,0,1,7
"(6553252033, 1184975571, 0)",2026-07-11,5,1,17,0,0,2
"(1330170196, 1330171107, 0)",2026-05-12,1,0,16,1,1,7
"(7456067127, 1356940127, 0)",2026-05-16,5,1,23,0,0,1
"(1347137543, 1347137628, 0)",2026-06-27,5,1,17,2,0,3
"(5756734424, 5756734434, 0)",2026-05-02,5,1,19,0,0,5
"(1364829529, 1364829688, 0)",2026-07-15,2,0,9,0,1,6
"(6557376752, 6557597643, 0)",2026-07-23,3,0,19,2,0,5
"(6630522679, 6630522676, 0)",2026-07-08,2,0,19,0,0,1
"(6541243906, 6530776895, 0)",2026-07-08,2,0,13,0,0,3
"(1348960214, 1348960243, 0)",2026-05-13,2,0,20,0,0,2
"(1323345559, 1323345237, 0)",2026-05-27,2,0,20,0,0,1
"(1324408994, 1324408803, 0)",2026-05-29,4,1,20,0,0,7
"(1353448531, 1353448730, 0)",2026-05-30,5,1,7,0,1,3
"(6552362569, 6552362570, 0)",2026-05-29,4,1,11,0,0,2
"(1341740647, 1341740642, 0)",2026-05-31,6,0,17,1,0,1
"(1184975499, 1185106853, 0)",2026-05-04,0,0,20,0,0,2
"(6555547270, 1175742029, 0)",2026-05-15,4,1,12,1,0,2
"(1328078896, 724730812, 0)",2026-07-23,3,0,13,2,0,3
"(6556986422, 5766243919, 0)",2026-06-02,1,0,20,0,0,1
"(1332724605, 6769856178, 0)",2026-05-23,5,1,22,0,0,7
"(1371544145, 1371544159, 0)",2026-06-15,0,0,23,0,0,1
"(1364900682, 6542236950, 0)",2026-06-01,0,0,23,0,0,2
"(1184863686, 6296933039, 0)",2026-05-18,0,0,22,0,0,3
"(5903235296, 1346639012, 0)",2026-05-27,2,0,14,0,1,7
"(1355636386, 1355636743, 0)",2026-05-27,2,0,21,0,0,1
"(1334047127, 1364900534, 0)",2026-06-05,4,1,9,0,1,3
"(6557315806, 12468747074, 0)",2026-05-11,0,0,23,0,0,1
"(1323430533, 1323754188, 0)",2026-05-19,1,0,19,0,0,2
"(1331244754, 1331244877, 0)",2026-05-22,4,1,12,1,0,1
"(1329345245, 1327186582, 0)",2026-05-03,6,0,9,2,1,10
"(6588463555, 6588463654, 0)",2026-05-26,1,0,12,0,0,2
"(6544627086, 6544627091, 0)",2026-06-10,2,0,7,0,1,9
"(13087366601, 1329433896, 0)",2026-07-23,3,0,20,2,0,6
"(331561175, 6600683484, 0)",2026-06-30,1,0,23,0,0,3
"(1184975499, 1185106853, 0)",2026-05-21,3,0,8,0,1,7
"(1323754577, 1323754198, 0)",2026-07-01,2,0,19,0,0,1
"(1370526911, 6651595643, 0)",2026-06-19,4,1,6,0,0,2
"(6561114834, 1174066991, 0)",2026-05-07,3,0,22,0,0,3
"(1324408803, 1324408994, 0)",2026-06-03,2,0,9,0,1,9
"(1354670094, 1354670321, 0)",2026-05-27,2,0,11,0,0,2
"(1396443245, 1396443273, 0)",2026-05-31,6,0,19,1,0,1
"(1174066989, 1174446923, 0)",2026-07-26,6,0,8,2,1,7
"(1332669891, 6628697084, 0)",2026-06-22,0,0,10,0,0,3
"(13980225467, 13980225457, 0)",2026-05-18,0,0,7,0,1,6
"(1323345470, 1323345442, 0)",2026-06-03,2,0,22,0,0,1
"(1324181560, 1324181166, 0)",2026-06-03,2,0,11,0,0,2
"(1393170581, 1393416370, 0)",2026-07-03,4,1,22,0,0,6
"(1334047127, 1364900534, 0)",2026-05-30,5,1,13,0,0,1
"(6586987099, 6586987098, 0)",2026-05-26,1,0,13,0,0,2
"(6585611590, 6585611586, 0)",2026-06-21,6,0,14,0,1,7
"(1323672609, 1323672760, 0)",2026-05-23,5,1,17,0,0,1
"(1361117286, 1361117571, 0)",2026-07-15,2,0,6,0,0,2
"(5754489564, 1175374600, 0)",2026-06-19,4,1,6,0,0,3
"(1356920102, 6627437350, 0)",2026-05-08,4,1,19,1,0,5
"(1370526613, 1370526548, 0)",2026-07-06,0,0,7,0,1,6
"(1184780232, 13206205862, 0)",2026-07-27,0,0,7,0,1,5
"(1347137543, 1347137628, 0)",2026-05-18,0,0,17,0,0,3
"(6538590906, 6538590907, 0)",2026-06-15,0,0,8,0,1,8
"(1322981947, 1322981470, 0)",2026-07-14,1,0,20,0,0,1
"(6557376752, 6557597643, 0)",2026-06-06,5,1,20,0,0,7
"(1347137654, 1174967539, 0)",2026-06-24,2,0,22,1,0,2
"(3676443887, 3676443901, 0)",2026-06-18,3,0,17,0,0,1
"(6559240104, 6559240107, 0)",2026-06-10,2,0,6,0,0,1
"(12293292105, 12293228200, 0)",2026-07-22,2,0,7,0,1,8
"(1356917806, 1356918903, 0)",2026-07-05,6,0,13,0,0,2
"(1184943250, 1184942691, 0)",2026-05-30,5,1,15,0,1,3
"(6601590979, 6601533325, 0)",2026-06-12,4,1,12,1,0,1
"(1323345505, 1323345386, 0)",2026-06-19,4,1,17,0,0,3
"(1331244808, 1331245774, 0)",2026-05-31,6,0,7,1,1,7
"(6584186546, 5760617328, 0)",2026-05-27,2,0,7,0,1,8
"(1324181560, 1324181166, 0)",2026-05-11,0,0,11,0,0,2
"(719870150, 719870151, 0)",2026-05-27,2,0,13,0,0,2
"(3676305214, 3676304507, 0)",2026-07-19,6,0,15,0,1,6
"(1380541227, 1380541141, 0)",2026-06-14,6,0,6,0,0,1
"(6598691631, 6596790435, 0)",2026-05-08,4,1,9,1,1,2
"(1347409972, 6530844087, 0)",2026-06-30,1,0,12,0,0,3
"(1330947296, 1330820257, 0)",2026-07-16,3,0,8,1,1,6
"(6541243906, 6530776895, 0)",2026-06-28,6,0,22,1,0,3
"(1379368400, 1379368402, 0)",2026-06-07,6,0,21,0,0,3
"(9407471693, 6630522620, 0)",2026-07-29,2,0,19,2,0,3
"(1178236650, 1178236811, 0)",2026-05-24,6,0,9,0,1,8
"(721619073, 1334295727, 0)",2026-06-29,0,0,21,0,0,1
"(1184864093, 1184863233, 0)",2026-07-17,4,1,10,0,0,1
"(6610375755, 6738772299, 0)",2026-07-21,1,0,13,1,0,3
"(5755970972, 5755970962, 0)",2026-06-30,1,0,22,0,0,3
"(3526130192, 3526130191, 0)",2026-07-20,0,0,6,1,0,3
"(1361117697, 1361117344, 0)",2026-07-29,2,0,15,2,1,9
"(6561421802, 6561346682, 0)",2026-05-13,2,0,12,0,0,2
"(1329345222, 1327186562, 0)",2026-05-01,4,1,16,1,1,1
"(1806914836, 1323345311, 0)",2026-05-26,1,0,19,0,0,2
"(1175877701, 1175876747, 0)",2026-07-26,6,0,11,2,0,4
"(1346778840, 1346779524, 0)",2026-05-10,6,0,6,0,0,3
"(1327186259, 1327186566, 0)",2026-06-20,5,1,9,1,1,1
"(6542839673, 3676454416, 0)",2026-06-15,0,0,13,0,0,1
"(6559240104, 6559240107, 0)",2026-05-04,0,0,20,0,0,1
"(1175160040, 1175161081, 0)",2026-06-14,6,0,7,0,1,6
"(1323345183, 6552242977, 0)",2026-06-16,1,0,8,0,1,6
"(6746280124, 6618274870, 0)",2026-07-20,0,0,20,1,0,2
"(6584186546, 5760617328, 0)",2026-05-30,5,1,13,0,0,3
"(1612356756, 3775034738, 0)",2026-06-03,2,0,7,0,1,8
"(1371538812, 6769787795, 0)",2026-05-30,5,1,21,0,0,5
"(1361117286, 1361117571, 0)",2026-07-02,3,0,6,0,0,2
"(1184065373, 1184065322, 0)",2026-05-26,1,0,19,0,0,1
"(331561175, 6600683484, 0)",2026-05-03,6,0,23,2,0,3
"(1332724605, 6769856178, 0)",2026-05-06,2,0,8,0,1,7
"(1357216546, 1357216432, 0)",2026-05-18,0,0,11,0,0,3
"(6541243906, 6530776895, 0)",2026-05-23,5,1,22,0,0,5
"(721619073, 1334295727, 0)",2026-06-01,0,0,10,0,0,3
"(6580964317, 1323345593, 0)",2026-05-31,6,0,18,1,0,1
"(1347137543, 1347137628, 0)",2026-07-18,5,1,16,0,1,2
"(1371538920, 1371538659, 0)",2026-05-06,2,0,6,0,0,1
"(6547426508, 5760614813, 0)",2026-06-08,0,0,8,1,1,5
"(1350774257, 1350774330, 0)",2026-07-29,2,0,13,2,0,4
"(3676443887, 3676443901, 0)",2026-05-07,3,0,20,0,0,1
"(1393170581, 1393416370, 0)",2026-05-25,0,0,15,0,1,8
"(1347409972, 6530844087, 0)",2026-05-09,5,1,11,0,0,1
"(6553169892, 6553169905, 0)",2026-06-11,3,0,9,1,1,8
"(1371614491, 1371614644, 0)",2026-06-14,6,0,22,0,0,3
"(1342637342, 1342637240, 0)",2026-06-30,1,0,16,0,1,7
"(1179694693, 5761922487, 0)",2026-05-08,4,1,13,1,0,3
"(1364829529, 1364829688, 0)",2026-07-09,3,0,6,0,0,2
"(1173885926, 6573897495, 0)",2026-06-06,5,1,16,0,1,2
"(1359004421, 1359004039, 0)",2026-05-17,6,0,14,0,1,8
"(1371956302, 1371956554, 0)",2026-06-28,6,0,6,1,0,3
"(1349527623, 1349527724, 0)",2026-06-18,3,0,19,0,0,2
"(1324408906, 1324408750, 0)",2026-05-11,0,0,15,0,1,6
"(6757354948, 1332017603, 0)",2026-07-04,5,1,14,0,1,2
"(6584186546, 5760617328, 0)",2026-05-11,0,0,20,0,0,3
"(1346638950, 1346639133, 0)",2026-07-10,4,1,8,2,1,6
"(1322981947, 1322981470, 0)",2026-07-18,5,1,16,0,1,2
"(6583043108, 1331082612, 0)",2026-06-07,6,0,17,0,0,2
"(1328078896, 724730812, 0)",2026-05-17,6,0,6,0,0,2
"(1334047122, 1334047056, 0)",2026-06-12,4,1,11,1,0,2
"(6543942547, 6543919956, 0)",2026-05-11,0,0,22,0,0,1
"(1331244808, 1331245774, 0)",2026-07-20,0,0,18,1,0,1
"(1323345669, 1323345355, 0)",2026-07-24,4,1,6,0,0,2
"(1370526903, 1370526980, 0)",2026-07-16,3,0,20,1,0,1
"(2442418232, 1179694631, 0)",2026-06-28,6,0,13,1,0,2
"(1356918901, 1356920642, 0)",2026-06-22,0,0,7,0,1,8
"(6557315806, 12468747074, 0)",2026-06-17,2,0,16,0,1,5
"(1349779720, 1356919050, 0)",2026-07-20,0,0,21,1,0,3
"(6552183332, 5755970960, 0)",2026-07-04,5,1,9,0,1,2
"(6755854467, 1372487009, 1)",2026-07-05,6,0,11,0,0,3
"(6568974979, 6569018810, 0)",2026-05-11,0,0,15,0,1,7
"(1343821200, 1343821239, 0)",2026-07-18,5,1,8,0,1,3
"(1355636739, 1355636500, 0)",2026-06-01,0,0,20,0,0,1
"(1347137271, 1347137638, 0)",2026-07-25,5,1,15,0,1,1
"(1366234574, 1366234660, 0)",2026-07-16,3,0,11,1,0,1
"(6738766745, 1324570438, 0)",2026-06-09,1,0,16,0,1,7
"(3111983583, 6547342476, 0)",2026-05-25,0,0,16,0,1,7
"(6557653945, 6557653962, 0)",2026-05-10,6,0,14,0,1,9
"(6591306604, 13980225453, 0)",2026-06-27,5,1,7,2,1,3
"(1361117264, 1361117334, 0)",2026-07-26,6,0,6,2,0,5
"(1171724079, 1175374597, 0)",2026-06-08,0,0,10,1,0,1
"(721619180, 1380541148, 0)",2026-07-01,2,0,21,0,0,1
"(6580927373, 6580961271, 0)",2026-05-04,0,0,20,0,0,3
"(1354861809, 6752972982, 0)",2026-05-09,5,1,8,0,1,3
"(6296976796, 1329735146, 0)",2026-07-15,2,0,9,0,1,7
"(1347293046, 1347292957, 0)",2026-05-19,1,0,10,0,0,1
"(1349779720, 1356919050, 0)",2026-06-25,3,0,15,0,1,7
"(1342637342, 1342637240, 0)",2026-07-21,1,0,12,1,0,2
"(1174524594, 5754846394, 0)",2026-06-26,4,1,9,1,1,2
"(1368366511, 1368366365, 0)",2026-06-02,1,0,9,0,1,6
"(1374245565, 1374246035, 0)",2026-05-16,5,1,16,0,1,1
"(6541820282, 1343821122, 0)",2026-05-02,5,1,18,0,0,1
"(6572664808, 6304571031, 0)",2026-07-23,3,0,8,2,1,9
"(1349527623, 1349527724, 0)",2026-05-29,4,1,15,0,1,2
"(1346847201, 1346156985, 0)",2026-07-23,3,0,11,2,0,6
"(1361117236, 1361117275, 0)",2026-06-01,0,0,11,0,0,3
"(1347409972, 6530844087, 0)",2026-07-06,0,0,7,0,1,5
"(6772044502, 1394212414, 0)",2026-07-12,6,0,6,0,0,2
"(1173885926, 6573897495, 0)",2026-06-16,1,0,19,0,0,3
"(6557825399, 1175373862, 0)",2026-06-12,4,1,20,1,0,5
"(5903235296, 1346639012, 0)",2026-06-09,1,0,22,0,0,2
"(1379368400, 1379368402, 0)",2026-05-12,1,0,9,1,1,6
"(5754489564, 1175374600, 0)",2026-07-29,2,0,16,2,1,7
"(6750036709, 6750036706, 0)",2026-06-20,5,1,23,1,0,1
"(1179694975, 1179694218, 0)",2026-06-09,1,0,20,0,0,3
"(6624547084, 6624573185, 0)",2026-06-11,3,0,18,1,0,2
"(1347137658, 6540243378, 0)",2026-06-10,2,0,20,0,0,1
"(1323430533, 1323754188, 0)",2026-06-23,1,0,6,0,0,3
"(1349527700, 1349527603, 0)",2026-06-25,3,0,16,0,1,6
"(6584072707, 6584072708, 0)",2026-07-25,5,1,22,0,0,4
"(6746280124, 6618274870, 0)",2026-05-04,0,0,15,0,1,8
"(6601640776, 6601640727, 0)",2026-05-14,3,0,11,0,0,2
"(6542903703, 6542903721, 0)",2026-05-17,6,0,11,0,0,3
"(1171724079, 1175374597, 0)",2026-05-21,3,0,8,0,1,8
"(1349780764, 1370526533, 0)",2026-06-08,0,0,16,1,1,9
"(1374245133, 1374245568, 0)",2026-06-22,0,0,14,0,1,7
"(6542903703, 6542903721, 0)",2026-06-30,1,0,19,0,0,1
"(6576721831, 3250738467, 0)",2026-07-29,2,0,18,2,0,5
"(1331613509, 1331613269, 0)",2026-06-27,5,1,21,2,0,10
"(6570316836, 1327150065, 0)",2026-07-06,0,0,21,0,0,2
"(1346612566, 1346611975, 0)",2026-06-06,5,1,18,0,0,2
"(6547790611, 6547790609, 0)",2026-05-03,6,0,6,2,0,4
"(1185026376, 1184942947, 0)",2026-06-17,2,0,17,0,0,1
"(1343821200, 1343821239, 0)",2026-05-11,0,0,18,0,0,1
"(6637789301, 6637789305, 0)",2026-07-14,1,0,13,0,0,3
"(1347137543, 1347137628, 0)",2026-07-27,0,0,7,0,1,8
"(6557653945, 6557653962, 0)",2026-07-13,0,0,23,0,0,2
"(1371956399, 1371956539, 0)",2026-07-22,2,0,14,0,1,8
"(1371538688, 1371538805, 0)",2026-05-17,6,0,19,0,0,1
"(1356520047, 6615870733, 0)",2026-07-26,6,0,15,2,1,8
"(1364900603, 1364900434, 0)",2026-07-24,4,1,22,0,0,8
"(6557825399, 1175373862, 0)",2026-07-20,0,0,19,1,0,3
"(1330820105, 1330820244, 0)",2026-07-22,2,0,14,0,1,7
"(1352193870, 1352193896, 0)",2026-05-04,0,0,6,0,0,3
"(6552768140, 1330947542, 0)",2026-06-26,4,1,18,1,0,1
"(6555924658, 6555791336, 0)",2026-06-24,2,0,9,1,1,7
"(11006104076, 11006104068, 0)",2026-05-31,6,0,12,1,0,1
"(1356460312, 1356460609, 0)",2026-06-27,5,1,22,2,0,9
"(1331244808, 1331245774, 0)",2026-05-16,5,1,11,0,0,2
"(6538590906, 6538590907, 0)",2026-05-05,1,0,12,1,0,2
"(1380541785, 1380541789, 0)",2026-07-10,4,1,20,2,0,9
"(1347409972, 6530844087, 0)",2026-06-13,5,1,8,0,1,3
"(2988698289, 2988700223, 0)",2026-07-16,3,0,17,1,0,2
"(1324408994, 1324408803, 0)",2026-07-03,4,1,22,0,0,8
"(1374279064, 1374279335, 0)",2026-07-21,1,0,21,1,0,2
"(6610375755, 6738772299, 0)",2026-07-10,4,1,15,2,1,3
"(11953619597, 11953619598, 0)",2026-05-11,0,0,10,0,0,2
"(1346612860, 1346612090, 0)",2026-05-29,4,1,12,0,0,1
"(6555547270, 1175742029, 0)",2026-06-05,4,1,14,0,1,2
"(1324408890, 1324408701, 0)",2026-05-10,6,0,20,0,0,2
"(11006104077, 11006104104, 0)",2026-07-22,2,0,16,0,1,7
"(1332669891, 6628697084, 0)",2026-06-27,5,1,15,2,1,3
"(1370526613, 1370526548, 0)",2026-05-05,1,0,19,1,0,3
"(1346612860, 1346612090, 0)",2026-06-24,2,0,9,1,1,8
"(1329698748, 1329698691, 0)",2026-07-29,2,0,22,2,0,4
"(3467985821, 3467985833, 0)",2026-05-13,2,0,23,0,0,2
"(1352193566, 1352193540, 0)",2026-05-13,2,0,22,0,0,3
"(1346613092, 1346612605, 0)",2026-05-16,5,1,14,0,1,1
"(1361117286, 1361117571, 0)",2026-07-23,3,0,21,2,0,4
"(6304487276, 1322981701, 0)",2026-05-15,4,1,11,1,0,1
"(6585521761, 6585521754, 0)",2026-06-26,4,1,8,1,1,1
"(1323345470, 1323345442, 0)",2026-06-21,6,0,20,0,0,2
"(1179694975, 1179694218, 0)",2026-05-13,2,0,16,0,1,9
"(1347137399, 1347137564, 0)",2026-05-30,5,1,17,0,0,1
"(6587835836, 1329148725, 0)",2026-06-28,6,0,16,1,1,6
"(6598161400, 6598348640, 0)",2026-05-12,1,0,9,1,1,7
"(1371382516, 6630661890, 0)",2026-05-14,3,0,21,0,0,3
"(6631173960, 6631708296, 0)",2026-07-04,5,1,16,0,1,2
"(1347137271, 1347137638, 0)",2026-07-15,2,0,6,0,0,3
"(1324181494, 6622601720, 0)",2026-07-13,0,0,8,0,1,5
"(6598161400, 6598348640, 0)",2026-07-21,1,0,11,1,0,1
"(1185579728, 1185579688, 0)",2026-07-14,1,0,13,0,0,2
"(1371538812, 6769787795, 0)",2026-05-13,2,0,17,0,0,1
"(1371538812, 6769787795, 0)",2026-05-28,3,0,18,1,0,2
"(1325839946, 1326062805, 0)",2026-07-28,1,0,9,0,1,8
"(1380541227, 1380541141, 0)",2026-06-10,2,0,13,0,0,1
"(1396425558, 1396425569, 0)",2026-06-26,4,1,20,1,0,6
"(1353448531, 1353448730, 0)",2026-06-27,5,1,10,2,0,6
"(1364829713, 6544339896, 0)",2026-06-01,0,0,14,0,1,6
"(1367529816, 1367529601, 0)",2026-06-20,5,1,6,1,0,2
"(1341740647, 1341740642, 0)",2026-05-25,0,0,20,0,0,2
"(6296893347, 6296893346, 0)",2026-07-09,3,0,6,0,0,2
"(1171157754, 1171157949, 0)",2026-06-02,1,0,19,0,0,2
"(1396508515, 1396508522, 0)",2026-05-03,6,0,15,2,1,9
"(1323430669, 1323430782, 0)",2026-05-31,6,0,23,1,0,2
"(1341987090, 1342945811, 0)",2026-06-14,6,0,13,0,0,3
"(6620749493, 6620749498, 0)",2026-07-08,2,0,19,0,0,3
"(1350029522, 1350029611, 0)",2026-06-09,1,0,23,0,0,1
"(1184943115, 1185026255, 0)",2026-06-15,0,0,6,0,0,2
"(6772044486, 6772029084, 0)",2026-07-12,6,0,15,0,1,7
"(1364900603, 1364900434, 0)",2026-05-27,2,0,19,0,0,1
"(6557376752, 6557597643, 0)",2026-06-24,2,0,12,1,0,2
"(1173885682, 6552332791, 0)",2026-07-18,5,1,14,0,1,1
"(1178236650, 1178236811, 0)",2026-06-02,1,0,13,0,0,2
"(6738766745, 1324570438, 0)",2026-07-28,1,0,14,0,1,8
"(6548212725, 6548212716, 0)",2026-07-13,0,0,18,0,0,2
"(1329698748, 1329698691, 0)",2026-07-19,6,0,23,0,0,2
"(1323345559, 1323345237, 0)",2026-05-11,0,0,19,0,0,2
"(6542903703, 6542903721, 0)",2026-06-16,1,0,8,0,1,8
"(6772044486, 6772029084, 0)",2026-06-12,4,1,10,1,0,1
"(6738710309, 6738506445, 0)",2026-07-24,4,1,22,0,0,8
"(6553252033, 1184975571, 0)",2026-06-26,4,1,11,1,0,2
"(1346612566, 1346611975, 0)",2026-06-01,0,0,22,0,0,1
"(12237200017, 1361117364, 0)",2026-05-15,4,1,18,1,0,2
"(1352193870, 1352193896, 0)",2026-06-07,6,0,21,0,0,1
"(6547182834, 6547182832, 0)",2026-07-29,2,0,21,2,0,5
"(1324408890, 1324408701, 0)",2026-07-28,1,0,21,0,0,1
"(1171186911, 1171186934, 0)",2026-05-12,1,0,22,1,0,3
"(1329698406, 1329698844, 0)",2026-06-07,6,0,7,0,1,9
"(1184780232, 13206205862, 0)",2026-05-17,6,0,22,0,0,1
"(1323430669, 1323430782, 0)",2026-05-09,5,1,19,0,0,7
"(1184065203, 1184065403, 0)",2026-06-06,5,1,12,0,0,1
"(1329637961, 1329637914, 0)",2026-07-12,6,0,19,0,0,1
"(1347293015, 1347293062, 0)",2026-07-15,2,0,22,0,0,1
"(1350752740, 1350753292, 0)",2026-07-20,0,0,14,1,1,6
"(1396425400, 6775359719, 0)",2026-06-25,3,0,14,0,1,7
"(6555547270, 1175742029, 0)",2026-07-10,4,1,20,2,0,9
"(1332017826, 1332017777, 0)",2026-06-19,4,1,10,0,0,2
"(6556986422, 5766243919, 0)",2026-05-11,0,0,12,0,0,2
"(1396425558, 1396425569, 0)",2026-06-22,0,0,13,0,0,1
"(6757013374, 6757013360, 0)",2026-06-23,1,0,7,0,1,7
"(1178236745, 1178236855, 0)",2026-07-18,5,1,13,0,0,1
"(1323345559, 1323345237, 0)",2026-05-14,3,0,17,0,0,2
"(9407471693, 6630522620, 0)",2026-07-20,0,0,17,1,0,1
"(1354861809, 6752972982, 0)",2026-05-27,2,0,10,0,0,2
"(1358332446, 1358332351, 0)",2026-05-01,4,1,22,1,0,5
"(1324373626, 1324373548, 0)",2026-07-23,3,0,18,2,0,4
"(1175876731, 1175878154, 0)",2026-06-05,4,1,12,0,0,2
"(1352193762, 1352193549, 0)",2026-07-29,2,0,18,2,0,3
"(6604359199, 6582026236, 0)",2026-07-10,4,1,18,2,0,5
"(1374245565, 1374246035, 0)",2026-05-01,4,1,19,1,0,6
"(1326063002, 1326063009, 0)",2026-05-25,0,0,19,0,0,2
"(1329637969, 6581812753, 0)",2026-05-21,3,0,6,0,0,2
"(1334047122, 1334047056, 0)",2026-07-25,5,1,10,0,0,2
"(1174525096, 1174524924, 0)",2026-06-23,1,0,8,0,1,7
"(1179694693, 5761922487, 0)",2026-06-26,4,1,19,1,0,5
"(1354670094, 1354670321, 0)",2026-06-19,4,1,18,0,0,2
"(6738766745, 1324570438, 0)",2026-07-12,6,0,11,0,0,1
"(12293292105, 12293228200, 0)",2026-07-22,2,0,16,0,1,8
"(6555547270, 1175742029, 0)",2026-05-15,4,1,23,1,0,2
"(1324373626, 1324373548, 0)",2026-06-16,1,0,20,0,0,1
"(12920669869, 1186889231, 0)",2026-07-23,3,0,10,2,0,5
"(1330170196, 1330171107, 0)",2026-05-30,5,1,9,0,1,3
"(2988909845, 2988913654, 0)",2026-07-28,1,0,10,0,0,2
"(1185579728, 1185579688, 0)",2026-07-24,4,1,11,0,0,3
"(1324408890, 1324408701, 0)",2026-06-09,1,0,20,0,0,3
"(6561421802, 6561346682, 0)",2026-07-10,4,1,13,2,0,5
"(1327149840, 1327149966, 0)",2026-06-15,0,0,21,0,0,1
"(1332724605, 6769856178, 0)",2026-06-10,2,0,21,0,0,1
"(1325839946, 1326062805, 0)",2026-07-16,3,0,19,1,0,3
"(1323345690, 1323345352, 0)",2026-05-27,2,0,13,0,0,1
"(1324408803, 1324408994, 0)",2026-07-14,1,0,22,0,0,1
"(1371382516, 6630661890, 0)",2026-06-16,1,0,19,0,0,2
"(1346847038, 6304363132, 0)",2026-05-17,6,0,20,0,0,3
"(1352193762, 1352193549, 0)",2026-06-26,4,1,12,1,0,2
"(1324181616, 1324181571, 0)",2026-07-07,1,0,16,0,1,6
"(1353114192, 1353114107, 0)",2026-05-22,4,1,11,1,0,3
"(6637789301, 6637789305, 0)",2026-05-16,5,1,17,0,0,1
"(1356243636, 1356243715, 0)",2026-06-03,2,0,22,0,0,3
"(6543942547, 6543919956, 0)",2026-07-08,2,0,9,0,1,6
"(1323345322, 1323345842, 0)",2026-07-21,1,0,21,1,0,2
"(12202083138, 12202083141, 0)",2026-06-19,4,1,22,0,0,7
"(6541505710, 1346779273, 0)",2026-07-04,5,1,7,0,1,2
"(1368366511, 1368366365, 0)",2026-07-29,2,0,22,2,0,4
"(12293292105, 12293228200, 0)",2026-07-01,2,0,20,0,0,1
"(1330171400, 1329345386, 0)",2026-05-19,1,0,9,0,1,5
"(1178236865, 1178236463, 0)",2026-05-12,1,0,20,1,0,1
"(6775370153, 6775370130, 0)",2026-05-06,2,0,8,0,1,5
"(6555924658, 6555791336, 0)",2026-05-13,2,0,6,0,0,3
"(1371538920, 1371538659, 0)",2026-06-23,1,0,18,0,0,2
"(1359003946, 1359004437, 0)",2026-06-29,0,0,21,0,0,3
"(1395429860, 1395429882, 0)",2026-06-24,2,0,21,1,0,2
"(6581279487, 6581279486, 0)",2026-05-10,6,0,7,0,1,5
"(1346638950, 1346639133, 0)",2026-07-18,5,1,20,0,0,4
"(5761923664, 1368366565, 0)",2026-07-29,2,0,12,2,0,4
"(1174446973, 1174066983, 0)",2026-06-08,0,0,17,1,0,3
"(6598726196, 6596766163, 0)",2026-05-25,0,0,23,0,0,2
"(1379372182, 1379372190, 0)",2026-07-20,0,0,12,1,0,1
"(6746280124, 6618274870, 0)",2026-07-15,2,0,22,0,0,3
"(1344168240, 266215378, 0)",2026-05-01,4,1,10,1,0,1
"(6581279487, 6581279486, 0)",2026-05-30,5,1,16,0,1,1
"(6536439375, 6536588938, 0)",2026-07-29,2,0,7,2,1,8
"(1341987090, 1342945811, 0)",2026-07-09,3,0,10,0,0,3
"(1379368400, 1379368402, 0)",2026-05-08,4,1,19,1,0,7
"(1349780764, 1370526533, 0)",2026-06-23,1,0,21,0,0,3
"(6580964317, 1323345593, 0)",2026-06-28,6,0,8,1,1,7
"(1372487710, 1372487151, 0)",2026-06-17,2,0,12,0,0,3
"(1183596438, 1183596411, 0)",2026-06-06,5,1,15,0,1,3
"(1324373626, 1324373548, 0)",2026-07-02,3,0,8,0,1,6
"(6606955214, 6607646372, 0)",2026-05-01,4,1,23,1,0,2
"(1323345470, 1323345442, 0)",2026-05-22,4,1,12,1,0,3
"(1174524649, 6754562258, 0)",2026-05-16,5,1,14,0,1,3
"(1361117236, 1361117275, 0)",2026-07-21,1,0,14,1,1,5
"(1370526566, 1370526639, 0)",2026-05-03,6,0,9,2,1,10
"(1380541785, 1380541789, 0)",2026-05-05,1,0,10,1,0,1
"(1374129709, 6631219361, 0)",2026-05-20,2,0,15,0,1,6
"(3111983583, 6547342476, 0)",2026-05-13,2,0,21,0,0,3
"(6557653945, 6557653962, 0)",2026-05-30,5,1,15,0,1,1
"(6606955214, 6607646372, 0)",2026-05-11,0,0,19,0,0,2
"(1329698406, 1329698844, 0)",2026-07-18,5,1,11,0,0,1
"(6558050360, 6538858465, 0)",2026-06-20,5,1,11,1,0,2
"(1324181616, 1324181571, 0)",2026-05-13,2,0,6,0,0,3
"(1324181560, 1324181166, 0)",2026-07-23,3,0,23,2,0,5
"(3111984079, 9366943157, 0)",2026-06-22,0,0,17,0,0,2
"(1370526769, 1370526928, 0)",2026-07-25,5,1,21,0,0,6
"(1371538920, 1371538659, 0)",2026-06-17,2,0,11,0,0,2
"(1184975499, 1185106853, 0)",2026-07-11,5,1,16,0,1,3
"(2988811356, 6775377328, 0)",2026-07-11,5,1,14,0,1,1
"(6557376736, 3111984021, 0)",2026-05-21,3,0,22,0,0,2
"(1330170962, 1330171205, 0)",2026-05-26,1,0,10,0,0,3
"(1181366272, 1181365512, 0)",2026-07-09,3,0,22,0,0,1
"(1329735003, 2973460651, 0)",2026-07-26,6,0,19,2,0,5
"(1374245133, 1374245568, 0)",2026-07-05,6,0,8,0,1,5
"(6775370153, 6775370130, 0)",2026-06-22,0,0,12,0,0,2
"(6591306604, 13980225453, 0)",2026-06-28,6,0,17,1,0,1
"(1186889099, 1186546606, 0)",2026-05-23,5,1,23,0,0,3
"(6553621910, 1341691134, 0)",2026-05-03,6,0,10,2,0,4
"(1396443192, 6771620989, 0)",2026-05-18,0,0,20,0,0,3
"(1174066989, 1174446923, 0)",2026-06-10,2,0,18,0,0,2
"(1347137658, 6540243378, 0)",2026-05-13,2,0,14,0,1,5
"(6552183332, 5755970960, 0)",2026-06-14,6,0,19,0,0,3
"(5761923664, 1368366565, 0)",2026-07-21,1,0,22,1,0,3
"(1396443245, 1396443273, 0)",2026-06-23,1,0,20,0,0,1
"(1323345505, 1323345386, 0)",2026-07-03,4,1,17,0,0,2
"(1341740647, 1341740642, 0)",2026-05-19,1,0,12,0,0,1
"(11953619597, 11953619598, 0)",2026-07-14,1,0,9,0,1,7
"(1364900601, 6552023122, 0)",2026-06-09,1,0,19,0,0,2
"(6570316836, 1327150065, 0)",2026-07-03,4,1,20,0,0,5
"(6772044486, 6772029084, 0)",2026-07-16,3,0,13,1,0,2
"(1366234574, 1366234660, 0)",2026-05-16,5,1,21,0,0,6
"(1172905066, 1172905094, 0)",2026-06-17,2,0,10,0,0,1
"(1173885926, 6573897495, 0)",2026-06-05,4,1,12,0,0,1
"(1349527700, 1349527603, 0)",2026-06-20,5,1,8,1,1,2
"(1367529816, 1367529601, 0)",2026-06-04,3,0,14,0,1,6
"(1364900601, 6552023122, 0)",2026-06-05,4,1,12,0,0,1
"(1171157846, 1171157694, 0)",2026-06-26,4,1,13,1,0,1
"(1341987090, 1342945811, 0)",2026-07-21,1,0,15,1,1,6
"(6769163183, 6769186889, 0)",2026-05-25,0,0,22,0,0,3
"(1175877023, 5755845306, 0)",2026-06-09,1,0,20,0,0,2
"(6556986422, 5766243919, 0)",2026-05-05,1,0,21,1,0,3
"(1183596438, 1183596411, 0)",2026-07-17,4,1,10,0,0,3
"(1370526911, 6651595643, 0)",2026-07-10,4,1,15,2,1,5
"(3111983583, 6547342476, 0)",2026-05-04,0,0,14,0,1,7
"(3676443887, 3676443901, 0)",2026-06-30,1,0,17,0,0,2
"(1326062482, 1326062791, 0)",2026-06-05,4,1,20,0,0,5
"(5755970972, 5755970962, 0)",2026-07-27,0,0,6,0,0,2
"(2442418232, 1179694631, 0)",2026-05-21,3,0,20,0,0,2
"(1173885682, 6552332791, 0)",2026-07-01,2,0,15,0,1,6
"(1344168045, 1344168110, 0)",2026-06-17,2,0,13,0,0,3
"(6553429911, 1180288829, 0)",2026-07-27,0,0,22,0,0,3
"(1374245565, 1374246035, 0)",2026-06-06,5,1,21,0,0,5
"(1366234574, 1366234660, 0)",2026-06-24,2,0,9,1,1,6
"(6547182834, 6547182832, 0)",2026-05-23,5,1,23,0,0,3
"(13087366601, 1329433896, 0)",2026-07-02,3,0,21,0,0,2
"(1184943115, 1185026255, 0)",2026-07-22,2,0,9,0,1,7
"(1356519875, 6769076215, 0)",2026-06-01,0,0,6,0,0,2
"(1185579728, 1185579688, 0)",2026-05-05,1,0,16,1,1,8
"(6556986422, 5766243919, 0)",2026-07-11,5,1,13,0,0,1
"(1350752669, 1350753400, 0)",2026-07-03,4,1,21,0,0,7
"(1346612860, 1346612090, 0)",2026-06-05,4,1,22,0,0,7
"(1350752677, 1350752992, 0)",2026-07-24,4,1,18,0,0,1
"(6538590950, 6545048995, 0)",2026-06-17,2,0,14,0,1,6
"(1361117556, 1361117294, 0)",2026-05-02,5,1,9,0,1,2
"(1364829713, 6544339896, 0)",2026-06-26,4,1,18,1,0,2
"(1184780197, 1184780190, 0)",2026-06-08,0,0,17,1,0,3
"(1367529816, 1367529601, 0)",2026-07-11,5,1,14,0,1,2
"(6757354948, 1332017603, 0)",2026-06-17,2,0,8,0,1,8
"(1346847038, 6304363132, 0)",2026-07-21,1,0,8,1,1,6
"(1371956302, 1371956554, 0)",2026-05-05,1,0,6,1,0,3
"(1380541227, 1380541141, 0)",2026-05-15,4,1,7,1,1,1
"(6547573862, 6547573873, 0)",2026-06-06,5,1,18,0,0,1
"(6569018819, 1380541980, 0)",2026-06-23,1,0,14,0,1,7
"(1186889099, 1186546606, 0)",2026-06-07,6,0,10,0,0,1
"(1323895380, 1323895286, 0)",2026-07-22,2,0,20,0,0,2
"(6587228308, 5754433201, 0)",2026-06-21,6,0,15,0,1,9
"(6581442350, 6581442349, 0)",2026-05-11,0,0,18,0,0,3
"(5765103561, 6559093393, 0)",2026-07-20,0,0,7,1,1,7
"(6572664808, 6304571031, 0)",2026-05-14,3,0,13,0,0,1
"(6554445243, 11929623151, 0)",2026-06-11,3,0,16,1,1,7
"(1329637794, 1329637952, 0)",2026-05-30,5,1,17,0,0,2
"(5765103561, 6559093393, 0)",2026-07-28,1,0,10,0,0,2
"(6755854467, 1372487009, 1)",2026-07-08,2,0,17,0,0,3
"(1343821184, 1343821263, 0)",2026-07-01,2,0,18,0,0,2
"(6558050360, 6538858465, 0)",2026-07-26,6,0,12,2,0,4
"(6600730979, 1418728240, 0)",2026-06-04,3,0,6,0,0,3
"(1186524341, 1186524464, 0)",2026-06-27,5,1,19,2,0,9
"(6552362569, 6552362570, 0)",2026-05-28,3,0,22,1,0,2
"(1174446973, 1174066983, 0)",2026-07-24,4,1,7,0,1,2
"(6601640776, 6601640727, 0)",2026-05-27,2,0,8,0,1,8
"(1347137619, 1347137659, 0)",2026-05-22,4,1,17,1,0,2
"(6541505710, 1346779273, 0)",2026-07-20,0,0,8,1,1,7
"(6542839673, 3676454416, 0)",2026-05-04,0,0,17,0,0,1
"(721619180, 1380541148, 0)",2026-05-04,0,0,12,0,0,3
"(1329698748, 1329698691, 0)",2026-05-07,3,0,12,0,0,2
"(1374129709, 6631219361, 0)",2026-06-27,5,1,19,2,0,8
"(1331244808, 1331245774, 0)",2026-06-22,0,0,15,0,1,7
"(1371671327, 1371671454, 0)",2026-05-06,2,0,9,0,1,7
"(1332017826, 1332017777, 0)",2026-06-21,6,0,12,0,0,3
"(1334047185, 1334047322, 0)",2026-07-28,1,0,7,0,1,5
"(1346612566, 1346611975, 0)",2026-07-15,2,0,10,0,0,3
"(1350774512, 2988947194, 0)",2026-06-04,3,0,19,0,0,2
"(6557376752, 6557597643, 0)",2026-06-01,0,0,19,0,0,2
"(1332669734, 6627933395, 0)",2026-05-27,2,0,22,0,0,3
"(1175877023, 5755845306, 0)",2026-05-15,4,1,9,1,1,1
"(1322981947, 1322981470, 0)",2026-06-07,6,0,8,0,1,8
"(1334047185, 1334047322, 0)",2026-05-09,5,1,10,0,0,1
"(1346847201, 1346156985, 0)",2026-05-01,4,1,23,1,0,2
"(6543100400, 1174966893, 0)",2026-06-08,0,0,7,1,1,8
"(6557974648, 1417561090, 0)",2026-06-11,3,0,12,1,0,1
"(1371538688, 1371538805, 0)",2026-05-11,0,0,10,0,0,3
"(1370526903, 1370526980, 0)",2026-06-16,1,0,19,0,0,3
"(1322982054, 6580856314, 0)",2026-05-15,4,1,15,1,1,2
"(331565003, 331565002, 0)",2026-05-03,6,0,15,2,1,10
"(1374279176, 1374279464, 0)",2026-07-06,0,0,10,0,0,3
"(1323345322, 1323345842, 0)",2026-05-30,5,1,10,0,0,2
"(6583043108, 1331082612, 0)",2026-06-15,0,0,14,0,1,7
"(1356917776, 1356920642, 0)",2026-07-28,1,0,11,0,0,3
"(6585611590, 6585611586, 0)",2026-06-24,2,0,6,1,0,2
"(6610375755, 6738772299, 0)",2026-06-23,1,0,17,0,0,1
"(1396443192, 6771620989, 0)",2026-07-17,4,1,16,0,1,3
"(6536439375, 6536588938, 0)",2026-05-18,0,0,11,0,0,1
"(1185579728, 1185579688, 0)",2026-05-09,5,1,7,0,1,1
"(1334047127, 1364900534, 0)",2026-05-24,6,0,18,0,0,3
"(6620749493, 6620749498, 0)",2026-06-14,6,0,20,0,0,2
"(1396508515, 1396508522, 0)",2026-06-14,6,0,7,0,1,9
"(6588463555, 6588463654, 0)",2026-05-07,3,0,12,0,0,1
"(1346847038, 6304363132, 0)",2026-06-11,3,0,8,1,1,8
"(1181366272, 1181365512, 0)",2026-07-20,0,0,12,1,0,3
"(6601590979, 6601533325, 0)",2026-05-23,5,1,6,0,0,2
"(1334014187, 1358046381, 0)",2026-06-09,1,0,15,0,1,7
"(12202083138, 12202083141, 0)",2026-07-29,2,0,19,2,0,4
"(6769902214, 1379368792, 0)",2026-06-07,6,0,12,0,0,3
"(1180288747, 1180288772, 0)",2026-05-20,2,0,6,0,0,1
"(1324181494, 6622601720, 0)",2026-05-29,4,1,12,0,0,2
"(6541243906, 6530776895, 0)",2026-07-29,2,0,6,2,0,3
"(1341718877, 1344168014, 0)",2026-05-17,6,0,21,0,0,3
"(1323346022, 6598161420, 0)",2026-06-20,5,1,19,1,0,5
"(1175373522, 1175375870, 0)",2026-05-28,3,0,10,1,0,2
"(1325840095, 1325839862, 0)",2026-06-05,4,1,18,0,0,3
"(1329637961, 1329637914, 0)",2026-06-04,3,0,20,0,0,3
"(1330537648, 6554845384, 0)",2026-07-21,1,0,6,1,0,1
"(6735485653, 392257875, 0)",2026-05-14,3,0,20,0,0,3
"(1323345861, 1323345984, 0)",2026-05-08,4,1,15,1,1,2
"(1370526613, 1370526548, 0)",2026-07-20,0,0,18,1,0,1
"(1173885926, 6573897495, 0)",2026-07-17,4,1,22,0,0,8
"(1329345383, 1329345410, 0)",2026-07-21,1,0,7,1,1,7
"(6561114829, 1171724116, 0)",2026-07-25,5,1,11,0,0,3
"(3467985821, 3467985833, 0)",2026-06-06,5,1,19,0,0,6
"(1395429860, 1395429882, 0)",2026-05-22,4,1,16,1,1,3
"(6559065353, 6559065355, 0)",2026-07-03,4,1,19,0,0,5
"(6554445243, 11929623151, 0)",2026-07-13,0,0,10,0,0,1
"(6554335446, 1172905052, 0)",2026-06-19,4,1,18,0,0,3
"(1184864093, 1184863233, 0)",2026-05-20,2,0,23,0,0,1
"(1343821189, 1343821154, 0)",2026-06-13,5,1,23,0,0,2
"(1352193762, 1352193549, 0)",2026-05-15,4,1,14,1,1,1
"(6547601254, 6547601237, 0)",2026-07-12,6,0,13,0,0,3
"(3112549168, 3112549151, 0)",2026-05-07,3,0,18,0,0,2
"(6576721831, 3250738467, 0)",2026-06-04,3,0,9,0,1,7
"(1371956302, 1371956554, 0)",2026-07-16,3,0,19,1,0,3
"(9407387382, 1185579794, 0)",2026-07-08,2,0,16,0,1,8
"(1361117556, 1361117294, 0)",2026-05-01,4,1,6,1,0,2
"(6581442350, 6581442349, 0)",2026-07-16,3,0,18,1,0,1
"(1347293046, 1347292957, 0)",2026-06-25,3,0,17,0,0,2
"(1364900682, 6542236950, 0)",2026-05-09,5,1,17,0,0,1
"(1324408890, 1324408701, 0)",2026-06-05,4,1,11,0,0,1
"(1175375033, 1175375993, 0)",2026-07-02,3,0,12,0,0,1
"(1374245565, 1374246035, 0)",2026-07-24,4,1,18,0,0,3
"(11953619597, 11953619598, 0)",2026-05-17,6,0,12,0,0,3
"(1330171400, 1329345386, 0)",2026-07-09,3,0,23,0,0,2
"(1324181616, 1324181571, 0)",2026-07-05,6,0,18,0,0,2
"(1396425564, 6618274974, 0)",2026-05-22,4,1,22,1,0,7
"(1332669891, 6628697084, 0)",2026-05-09,5,1,21,0,0,7
"(6772044486, 6772029084, 0)",2026-07-29,2,0,19,2,0,5
"(6568974979, 6569018810, 0)",2026-05-29,4,1,19,0,0,7
"(6581279487, 6581279486, 0)",2026-07-04,5,1,13,0,0,1
"(6588133470, 721619009, 0)",2026-07-06,0,0,19,0,0,3
"(6542839673, 3676454416, 0)",2026-05-31,6,0,13,1,0,3
"(1361117286, 1361117571, 0)",2026-07-14,1,0,19,0,0,1
"(1347137619, 1347137659, 0)",2026-06-14,6,0,18,0,0,1
"(331565003, 331565002, 0)",2026-07-10,4,1,23,2,0,6
"(6738710336, 6738710330, 0)",2026-06-16,1,0,16,0,1,7
"(6547426508, 5760614813, 0)",2026-06-28,6,0,12,1,0,2
"(1178236865, 1178236463, 0)",2026-06-27,5,1,12,2,0,5
"(1371614699, 1371614740, 0)",2026-07-26,6,0,20,2,0,4
"(6547426508, 5760614813, 0)",2026-05-06,2,0,18,0,0,3
"(1359004421, 1359004039, 0)",2026-06-13,5,1,23,0,0,3
"(6546989131, 1330820209, 0)",2026-07-07,1,0,20,0,0,2
"(8278633101, 6558106796, 0)",2026-06-28,6,0,20,1,0,1
"(1324181560, 1324181166, 0)",2026-05-16,5,1,12,0,0,2
"(6543942506, 6543942517, 0)",2026-05-27,2,0,11,0,0,1
"(1330171637, 1330170399, 0)",2026-05-14,3,0,15,0,1,7
"(1329735003, 2973460651, 0)",2026-05-29,4,1,14,0,1,2
"(3526130192, 3526130191, 0)",2026-05-10,6,0,10,0,0,3
"(1324408906, 1324408750, 0)",2026-06-27,5,1,15,2,1,3
"(6580927373, 6580961271, 0)",2026-06-20,5,1,22,1,0,5
"(6557376736, 3111984021, 0)",2026-07-10,4,1,20,2,0,9
"(6561114834, 1174066991, 0)",2026-07-11,5,1,16,0,1,1
"(12920669869, 1186889231, 0)",2026-07-06,0,0,16,0,1,6
"(1364829529, 1364829688, 0)",2026-05-28,3,0,9,1,1,7
"(1179694693, 5761922487, 0)",2026-06-17,2,0,14,0,1,8
"(1396443245, 1396443273, 0)",2026-06-03,2,0,22,0,0,3
"(6588133470, 721619009, 0)",2026-07-18,5,1,9,0,1,2
"(1329698748, 1329698691, 0)",2026-06-08,0,0,15,1,1,5
"(1354861809, 6752972982, 0)",2026-07-24,4,1,15,0,1,2
"(1171157846, 1171157694, 0)",2026-06-22,0,0,12,0,0,1
"(6586987099, 6586987098, 0)",2026-07-15,2,0,12,0,0,2
"(1175877023, 5755845306, 0)",2026-07-11,5,1,16,0,1,1
"(1346847201, 1346156985, 0)",2026-05-31,6,0,12,1,0,3
"(6640700587, 1349781203, 0)",2026-07-15,2,0,20,0,0,3
"(1332017826, 1332017777, 0)",2026-06-04,3,0,13,0,0,3
"(2442418232, 1179694631, 0)",2026-07-24,4,1,11,0,0,1
"(1361117236, 1361117275, 0)",2026-05-29,4,1,14,0,1,3
"(1174524594, 5754846394, 0)",2026-07-21,1,0,11,1,0,1
"(1364900687, 6545606375, 0)",2026-05-30,5,1,14,0,1,3
"(6561114834, 1174066991, 0)",2026-06-10,2,0,9,0,1,9
"(1323345442, 1323345972, 0)",2026-07-02,3,0,14,0,1,6
"(1184065203, 1184065403, 0)",2026-06-28,6,0,15,1,1,9
"(1323345669, 1323345355, 0)",2026-06-21,6,0,22,0,0,2
"(6601640776, 6601640727, 0)",2026-06-12,4,1,14,1,1,1
"(1174524594, 5754846394, 0)",2026-06-18,3,0,19,0,0,1
"(1349527741, 6552015853, 0)",2026-06-18,3,0,6,0,0,2
"(1331244983, 1331245676, 0)",2026-07-22,2,0,6,0,0,3
"(1379368400, 1379368402, 0)",2026-07-07,1,0,13,0,0,3
"(1332724217, 1332724480, 0)",2026-07-26,6,0,8,2,1,10
"(1323754577, 1323754198, 0)",2026-07-27,0,0,8,0,1,6
"(6547426508, 5760614813, 0)",2026-07-25,5,1,17,0,0,2
"(9407471693, 6630522620, 0)",2026-05-13,2,0,13,0,0,2
"(6604359199, 6582026236, 0)",2026-06-27,5,1,10,2,0,4
"(6569975864, 6598107139, 0)",2026-07-26,6,0,8,2,1,10
"(1330170196, 1330171107, 0)",2026-06-01,0,0,17,0,0,1
"(1329698771, 1329698284, 0)",2026-06-23,1,0,13,0,0,2
"(331556716, 1175876922, 0)",2026-05-12,1,0,8,1,1,7
"(1347409972, 6530844087, 0)",2026-07-08,2,0,20,0,0,1
"(6547182834, 6547182832, 0)",2026-06-20,5,1,11,1,0,2
"(6561421802, 6561346682, 0)",2026-06-24,2,0,12,1,0,1
"(6543952951, 6543952960, 0)",2026-06-10,2,0,7,0,1,5
"(1325840062, 1325839946, 0)",2026-07-16,3,0,21,1,0,3
"(1356520047, 6615870733, 0)",2026-06-21,6,0,21,0,0,1
"(1381026405, 1381026406, 0)",2026-07-11,5,1,12,0,0,2
"(6542903703, 6542903721, 0)",2026-05-13,2,0,14,0,1,7
"(1324181534, 1324181481, 0)",2026-06-12,4,1,13,1,0,2
"(1346612565, 1346612081, 0)",2026-07-14,1,0,19,0,0,1
"(3467985821, 3467985833, 0)",2026-05-26,1,0,20,0,0,2
"(1344168240, 266215378, 0)",2026-05-13,2,0,16,0,1,5
"(1346611894, 1346612802, 0)",2026-06-29,0,0,10,0,0,2
"(6543100400, 1174966893, 0)",2026-05-02,5,1,15,0,1,2
"(6553252010, 6536363971, 0)",2026-05-03,6,0,14,2,1,9
"(6553621910, 1341691134, 0)",2026-05-07,3,0,7,0,1,6
"(1329345245, 1327186582, 0)",2026-07-09,3,0,9,0,1,7
"(1352193566, 1352193540, 0)",2026-06-21,6,0,12,0,0,1
"(1380541242, 1380541236, 0)",2026-05-27,2,0,10,0,0,3
"(1352194048, 6933986339, 0)",2026-07-14,1,0,22,0,0,1
"(6580964317, 1323345593, 0)",2026-05-23,5,1,7,0,1,1
"(1347293046, 1347292957, 0)",2026-05-23,5,1,10,0,0,1
"(1323672609, 1323672760, 0)",2026-05-27,2,0,20,0,0,3
"(6769188408, 6769188439, 1)",2026-06-23,1,0,21,0,0,1
"(6637789299, 6637789301, 0)",2026-06-09,1,0,14,0,1,8
"(6542333972, 6543093285, 0)",2026-07-12,6,0,12,0,0,3
"(1353448531, 1353448730, 0)",2026-05-25,0,0,21,0,0,2
"(1323345833, 1341987054, 0)",2026-07-20,0,0,21,1,0,2
"(1380078531, 1380078522, 0)",2026-06-13,5,1,20,0,0,7
"(6757013374, 6757013360, 0)",2026-06-14,6,0,9,0,1,8
"(6557376729, 6557376724, 0)",2026-06-29,0,0,21,0,0,2
"(1323672769, 1323672516, 0)",2026-05-12,1,0,12,1,0,1
"(1396425564, 6618274974, 0)",2026-05-14,3,0,15,0,1,9
"(1352193566, 1352193540, 0)",2026-05-24,6,0,7,0,1,5
"(1347137654, 1174967539, 0)",2026-06-07,6,0,20,0,0,3
"(12237200017, 1361117364, 0)",2026-06-05,4,1,15,0,1,3
"(6304487276, 1322981701, 0)",2026-06-23,1,0,6,0,0,3
"(1333236229, 6586890510, 0)",2026-06-28,6,0,9,1,1,7
"(6581442350, 6581442349, 0)",2026-05-26,1,0,9,0,1,6
"(3467985851, 1184975449, 0)",2026-06-03,2,0,13,0,0,3
"(1346612860, 1346612090, 0)",2026-07-23,3,0,21,2,0,3
"(1356918901, 1356920642, 0)",2026-07-27,0,0,9,0,1,8
"(1331244655, 1331244362, 0)",2026-05-26,1,0,17,0,0,1
"(1396425564, 6618274974, 0)",2026-05-06,2,0,7,0,1,6
"(6598691631, 6596790435, 0)",2026-06-14,6,0,8,0,1,7
"(5761923664, 1368366565, 0)",2026-07-07,1,0,17,0,0,1
"(9407387382, 1185579794, 0)",2026-07-07,1,0,21,0,0,1
"(1347293046, 1347292957, 0)",2026-07-01,2,0,18,0,0,2
"(5756734424, 5756734434, 0)",2026-06-10,2,0,11,0,0,1
"(6598348640, 6598161400, 0)",2026-05-30,5,1,17,0,0,1
"(1330171652, 6581353529, 0)",2026-07-28,1,0,20,0,0,3
"(721619180, 1380541148, 0)",2026-06-29,0,0,16,0,1,8
"(1175876849, 1175876791, 0)",2026-06-16,1,0,11,0,0,1
"(1371382516, 6630661890, 0)",2026-05-11,0,0,18,0,0,1
"(1326941595, 1326941528, 0)",2026-07-21,1,0,7,1,1,7
"(6581279487, 6581279486, 0)",2026-05-17,6,0,22,0,0,3
"(3111984079, 9366943157, 0)",2026-06-18,3,0,17,0,0,1
"(5903235296, 1346639012, 0)",2026-06-08,0,0,7,1,1,8
"(1380078531, 1380078522, 0)",2026-06-01,0,0,6,0,0,3
"(5754411776, 331541812, 0)",2026-06-17,2,0,12,0,0,2
"(1418770624, 1418728209, 0)",2026-06-13,5,1,9,0,1,3
"(1332669891, 6628697084, 0)",2026-05-19,1,0,7,0,1,8
"(6738766745, 1324570438, 0)",2026-06-29,0,0,23,0,0,1
"(1371955805, 1371955991, 0)",2026-06-16,1,0,22,0,0,1
"(6296893347, 6296893346, 0)",2026-06-05,4,1,15,0,1,1
"(6624547084, 6624573185, 0)",2026-06-05,4,1,20,0,0,6
"(13037817967, 13037817968, 0)",2026-06-23,1,0,16,0,1,5
"(6557737125, 6557737126, 0)",2026-07-01,2,0,6,0,0,1
"(1332669734, 6627933395, 0)",2026-07-25,5,1,7,0,1,1
"(1349527623, 1349527724, 0)",2026-06-13,5,1,12,0,0,2
"(1350774512, 2988947194, 0)",2026-06-15,0,0,19,0,0,3
"(6554335446, 1172905052, 0)",2026-05-21,3,0,12,0,0,2
"(6555924658, 6555791336, 0)",2026-06-03,2,0,10,0,0,2
"(1329345383, 1329345410, 0)",2026-05-07,3,0,18,0,0,2
"(6542995199, 1361117830, 0)",2026-07-07,1,0,15,0,1,9
"(1350774113, 1350774443, 0)",2026-06-05,4,1,16,0,1,3
"(1323895307, 1323895309, 0)",2026-05-01,4,1,17,1,0,2
"(1374279176, 1374279464, 0)",2026-06-23,1,0,14,0,1,5
"(1366234557, 6547766243, 0)",2026-07-08,2,0,18,0,0,1
"(1323698491, 1323698546, 0)",2026-05-11,0,0,6,0,0,3
"(6538590906, 6538590907, 0)",2026-07-22,2,0,23,0,0,2
"(6738710336, 6738710330, 0)",2026-05-05,1,0,23,1,0,3
"(1327149840, 1327149966, 0)",2026-05-01,4,1,6,1,0,2
"(1381026405, 1381026406, 0)",2026-07-24,4,1,9,0,1,1
"(1366234574, 1366234660, 0)",2026-05-04,0,0,11,0,0,2
"(1346612566, 1346611975, 0)",2026-06-26,4,1,19,1,0,6
"(1323345650, 1323345329, 0)",2026-07-02,3,0,12,0,0,2
"(1323345861, 1323345984, 0)",2026-05-03,6,0,22,2,0,5
"(1372020716, 1372021151, 0)",2026-05-01,4,1,7,1,1,3
"(1346157096, 6557798743, 0)",2026-05-12,1,0,9,1,1,7
"(1322981366, 12539090832, 0)",2026-06-11,3,0,11,1,0,3
"(6755854467, 1372487009, 1)",2026-06-06,5,1,17,0,0,1
"(1361117236, 1361117275, 0)",2026-07-01,2,0,21,0,0,3
"(6585611590, 6585611586, 0)",2026-05-09,5,1,9,0,1,3
"(1380541227, 1380541141, 0)",2026-05-06,2,0,13,0,0,3
"(1323698491, 1323698546, 0)",2026-07-15,2,0,20,0,0,3
"(1334046976, 1334047484, 0)",2026-06-06,5,1,21,0,0,7
"(6559240104, 6559240107, 0)",2026-05-25,0,0,7,0,1,7
"(6553484552, 1364174103, 0)",2026-06-14,6,0,9,0,1,7
"(1186425464, 1184975564, 0)",2026-06-30,1,0,9,0,1,7
"(1334303469, 1334303430, 0)",2026-05-09,5,1,21,0,0,7
"(1323345669, 1323345355, 0)",2026-05-29,4,1,14,0,1,1
"(1334047127, 1364900534, 0)",2026-07-01,2,0,10,0,0,3
"(1346638950, 1346639133, 0)",2026-06-25,3,0,12,0,0,2
"(1333236273, 1333236208, 0)",2026-07-08,2,0,7,0,1,9
"(1380541227, 1380541141, 0)",2026-07-07,1,0,11,0,0,1
"(1180288747, 1180288772, 0)",2026-06-19,4,1,12,0,0,2
"(1184863686, 6296933039, 0)",2026-07-08,2,0,9,0,1,8
"(1346847673, 1346779125, 0)",2026-07-24,4,1,23,0,0,2
"(1173885682, 6552332791, 0)",2026-06-17,2,0,15,0,1,6
"(6598691631, 6596790435, 0)",2026-06-24,2,0,15,1,1,8
"(6553252010, 6536363971, 0)",2026-05-17,6,0,9,0,1,6
"(6548147776, 6542110941, 0)",2026-06-21,6,0,9,0,1,7
"(5756734424, 5756734434, 0)",2026-06-12,4,1,19,1,0,6
"(2988673881, 2988674192, 0)",2026-06-14,6,0,15,0,1,5
"(1364174324, 1364174414, 0)",2026-07-07,1,0,22,0,0,1
"(1327186259, 1327186566, 0)",2026-05-23,5,1,9,0,1,2
"(1346847673, 1346779125, 0)",2026-07-26,6,0,12,2,0,5
"(6628867004, 6628867044, 0)",2026-07-01,2,0,21,0,0,1
"(6557737125, 6557737126, 0)",2026-05-02,5,1,16,0,1,3
"(6629184675, 1324373501, 0)",2026-06-11,3,0,22,1,0,1
"(1330947296, 1330820257, 0)",2026-05-11,0,0,7,0,1,6
"(1184065354, 1184065309, 0)",2026-07-28,1,0,19,0,0,2
"(3467985821, 3467985833, 0)",2026-06-04,3,0,11,0,0,1
"(1326941595, 1326941528, 0)",2026-07-27,0,0,17,0,0,1
"(1323345322, 1323345842, 0)",2026-05-07,3,0,21,0,0,3
"(6536439375, 6536588938, 0)",2026-05-05,1,0,21,1,0,2
"(1323895307, 1323895309, 0)",2026-06-02,1,0,17,0,0,3
"(1175876849, 1175876791, 0)",2026-07-15,2,0,6,0,0,3
"(1371538812, 6769787795, 0)",2026-05-17,6,0,22,0,0,3
"(1380541785, 1380541789, 0)",2026-05-22,4,1,22,1,0,8
"(1174066989, 1174446923, 0)",2026-07-03,4,1,15,0,1,3
"(1396443192, 6771620989, 0)",2026-06-03,2,0,18,0,0,3
"(1361117236, 1361117275, 0)",2026-06-04,3,0,6,0,0,2
"(1346611894, 1346612802, 0)",2026-05-15,4,1,18,1,0,1
"(1361117556, 1361117294, 0)",2026-07-01,2,0,11,0,0,2
"(1178236745, 1178236855, 0)",2026-05-16,5,1,18,0,0,3
"(1186425464, 1184975564, 0)",2026-06-12,4,1,20,1,0,6
"(1352194048, 6933986339, 0)",2026-06-27,5,1,12,2,0,5
"(1354670094, 1354670321, 0)",2026-06-11,3,0,11,1,0,3
"(1361117236, 1361117275, 0)",2026-05-31,6,0,20,1,0,1
"(719870150, 719870151, 0)",2026-07-27,0,0,6,0,0,3
"(6585521761, 6585521754, 0)",2026-06-24,2,0,9,1,1,6
"(6557974648, 1417561090, 0)",2026-06-10,2,0,22,0,0,3
"(1184065354, 1184065309, 0)",2026-07-13,0,0,7,0,1,9
"(3111984079, 9366943157, 0)",2026-07-29,2,0,20,2,0,6
"(719870150, 719870151, 0)",2026-06-08,0,0,6,1,0,2
"(1374435979, 1364174412, 0)",2026-06-28,6,0,21,1,0,1
"(6585521761, 6585521754, 0)",2026-07-08,2,0,23,0,0,2
"(1330171400, 1329345386, 0)",2026-05-21,3,0,21,0,0,2
"(1361117556, 1361117294, 0)",2026-06-27,5,1,19,2,0,10
"(6296976796, 1329735146, 0)",2026-07-14,1,0,16,0,1,7
"(1329698788, 1329698816, 0)",2026-05-17,6,0,12,0,0,1
"(1346847308, 1346847645, 0)",2026-07-03,4,1,18,0,0,1
"(6757636101, 6756086743, 0)",2026-05-03,6,0,23,2,0,6
"(6586987099, 6586987098, 0)",2026-06-27,5,1,21,2,0,7
"(6546593263, 6586697616, 0)",2026-05-04,0,0,21,0,0,3
"(6631173960, 6631708296, 0)",2026-07-20,0,0,11,1,0,3
"(6604359199, 6582026236, 0)",2026-07-20,0,0,18,1,0,2
"(1371538812, 6769787795, 0)",2026-07-22,2,0,6,0,0,2
"(1379372187, 6569961687, 0)",2026-05-26,1,0,21,0,0,1
"(1184780232, 13206205862, 0)",2026-06-10,2,0,6,0,0,1
"(1184065354, 1184065309, 0)",2026-05-23,5,1,18,0,0,2
"(1324181616, 1324181571, 0)",2026-07-18,5,1,22,0,0,5
"(6580927373, 6580961271, 0)",2026-05-17,6,0,18,0,0,2
"(1347569499, 1347410129, 0)",2026-05-15,4,1,14,1,1,2
"(6631178703, 1329434274, 0)",2026-07-28,1,0,15,0,1,7
"(6557376736, 3111984021, 0)",2026-06-24,2,0,6,1,0,1
"(1349779720, 1356919050, 0)",2026-05-27,2,0,8,0,1,9
"(1175373522, 1175375870, 0)",2026-07-27,0,0,8,0,1,7
"(6557737125, 6557737126, 0)",2026-05-26,1,0,11,0,0,3
"(1361117236, 1361117275, 0)",2026-05-19,1,0,21,0,0,3
"(6553169892, 6553169905, 0)",2026-05-16,5,1,7,0,1,2
"(1347293046, 1347292957, 0)",2026-07-19,6,0,20,0,0,1
"(1367529816, 1367529601, 0)",2026-05-22,4,1,17,1,0,2
"(1371956302, 1371956554, 0)",2026-07-23,3,0,12,2,0,4
"(1374435979, 1364174412, 0)",2026-07-14,1,0,14,0,1,8
"(1347137654, 1174967539, 0)",2026-07-03,4,1,19,0,0,6
"(1374436669, 1374435956, 0)",2026-06-24,2,0,13,1,0,1
"(6547790611, 6547790609, 0)",2026-05-22,4,1,14,1,1,3
"(1357399489, 1357399332, 0)",2026-06-02,1,0,8,0,1,9
"(1363882222, 1363883477, 0)",2026-07-19,6,0,10,0,0,3
"(1374245437, 1374245314, 0)",2026-06-25,3,0,18,0,0,1
"(9407471693, 6630522620, 0)",2026-06-01,0,0,19,0,0,2
"(1324570374, 1324570421, 0)",2026-06-15,0,0,18,0,0,3
"(6542333972, 6543093285, 0)",2026-05-27,2,0,13,0,0,2
"(1341987090, 1342945811, 0)",2026-07-10,4,1,19,2,0,9
"(1364829713, 6544339896, 0)",2026-05-31,6,0,6,1,0,2
"(6769787807, 1349781643, 0)",2026-05-18,0,0,14,0,1,8
"(1343821200, 1343821239, 0)",2026-05-17,6,0,8,0,1,6
"(1175877701, 1175876747, 0)",2026-07-05,6,0,12,0,0,3
"(1364829529, 1364829688, 0)",2026-05-10,6,0,23,0,0,2
"(6567047164, 6567047167, 0)",2026-06-16,1,0,19,0,0,3
"(1356519875, 6769076215, 0)",2026-07-04,5,1,8,0,1,3
"(1396425564, 6618274974, 0)",2026-05-11,0,0,10,0,0,1
"(3112549168, 3112549151, 0)",2026-06-21,6,0,19,0,0,2
"(3676443887, 3676443901, 0)",2026-06-01,0,0,14,0,1,6
"(3467985821, 3467985833, 0)",2026-05-11,0,0,10,0,0,3
"(12237200017, 1361117364, 0)",2026-06-23,1,0,8,0,1,8
"(1347569499, 1347410129, 0)",2026-06-06,5,1,16,0,1,1
"(1329637794, 1329637952, 0)",2026-05-06,2,0,9,0,1,8
"(1330171652, 6581353529, 0)",2026-07-24,4,1,13,0,0,2
"(1328079242, 1328078851, 0)",2026-05-23,5,1,10,0,0,1
"(1323345833, 1341987054, 0)",2026-05-21,3,0,12,0,0,3
"(1329698771, 1329698284, 0)",2026-05-18,0,0,8,0,1,7
"(1334047122, 1334047056, 0)",2026-07-12,6,0,17,0,0,3
"(6591306604, 13980225453, 0)",2026-06-24,2,0,20,1,0,2
"(1322981515, 5759060158, 0)",2026-06-24,2,0,22,1,0,1
"(2988811356, 6775377328, 0)",2026-06-26,4,1,20,1,0,5
"(6557315806, 12468747074, 0)",2026-07-02,3,0,8,0,1,7
"(6573704012, 6573704007, 0)",2026-07-02,3,0,22,0,0,2
"(1341718877, 1344168014, 0)",2026-07-20,0,0,10,1,0,2
"(6581442350, 6581442349, 0)",2026-05-01,4,1,22,1,0,6
"(1171186911, 1171186934, 0)",2026-06-04,3,0,18,0,0,2
"(6304273976, 6546822438, 0)",2026-07-01,2,0,7,0,1,9
"(1347137654, 1174967539, 0)",2026-05-07,3,0,12,0,0,2
"(1343821200, 1343821239, 0)",2026-06-08,0,0,15,1,1,8
"(1353114192, 1353114107, 0)",2026-06-12,4,1,8,1,1,1
"(1344168045, 1344168110, 0)",2026-06-16,1,0,6,0,0,2
"(6541873169, 6541873170, 0)",2026-05-09,5,1,12,0,0,3
"(6581279487, 6581279486, 0)",2026-06-12,4,1,20,1,0,5
"(1334046976, 1334047484, 0)",2026-07-02,3,0,16,0,1,7
"(1332669891, 6628697084, 0)",2026-06-13,5,1,23,0,0,2
"(6541505710, 1346779273, 0)",2026-06-10,2,0,23,0,0,1
"(1371956399, 1371956539, 0)",2026-07-21,1,0,7,1,1,6
"(6604359199, 6582026236, 0)",2026-07-04,5,1,14,0,1,1
"(1396443192, 6771620989, 0)",2026-07-24,4,1,14,0,1,2
"(1328078896, 724730812, 0)",2026-07-28,1,0,18,0,0,3
"(1346612565, 1346612081, 0)",2026-06-09,1,0,7,0,1,9
"(6757013374, 6757013360, 0)",2026-06-09,1,0,23,0,0,2
"(1396425558, 1396425569, 0)",2026-07-26,6,0,23,2,0,5
"(5800294569, 1374129691, 0)",2026-06-17,2,0,9,0,1,8
"(721619180, 1380541148, 0)",2026-07-10,4,1,20,2,0,9
"(6561114829, 1171724116, 0)",2026-06-14,6,0,17,0,0,3
"(6601640776, 6601640727, 0)",2026-06-06,5,1,14,0,1,3
"(6557737125, 6557737126, 0)",2026-05-14,3,0,20,0,0,2
"(6591306604, 13980225453, 0)",2026-06-20,5,1,12,1,0,3
"(1374435979, 1364174412, 0)",2026-05-26,1,0,12,0,0,1
"(6630780297, 6636019481, 0)",2026-05-13,2,0,17,0,0,3
"(1356920102, 6627437350, 0)",2026-07-13,0,0,8,0,1,7
"(6757636101, 6756086743, 0)",2026-05-24,6,0,9,0,1,7
"(1361117264, 1361117334, 0)",2026-05-02,5,1,13,0,0,1
"(1323345322, 1323345842, 0)",2026-07-17,4,1,21,0,0,5
"(1353114130, 1353114171, 0)",2026-07-08,2,0,12,0,0,2
"(1379372182, 1379372190, 0)",2026-06-24,2,0,21,1,0,1
"(719870150, 719870151, 0)",2026-06-30,1,0,17,0,0,2
"(6777684910, 1352193694, 0)",2026-06-13,5,1,19,0,0,6
"(5756734424, 5756734434, 0)",2026-06-03,2,0,15,0,1,8
"(1374245565, 1374245525, 0)",2026-06-22,0,0,23,0,0,3
"(1329637995, 6576900738, 0)",2026-06-05,4,1,20,0,0,6
"(1371382516, 6630661890, 0)",2026-06-25,3,0,13,0,0,3
"(1185579728, 1185579688, 0)",2026-06-25,3,0,20,0,0,1
"(6544627086, 6544627091, 0)",2026-07-26,6,0,22,2,0,6
"(5930720830, 6598993780, 0)",2026-06-07,6,0,16,0,1,6
"(1323672609, 1323672760, 0)",2026-06-02,1,0,23,0,0,1
"(6772044502, 1394212414, 0)",2026-07-17,4,1,7,0,1,1
"(1324181418, 6545381135, 0)",2026-05-03,6,0,13,2,0,6
"(6581442350, 6581442349, 0)",2026-06-05,4,1,19,0,0,8
"(1184975499, 1185106853, 0)",2026-07-04,5,1,6,0,0,2
"(6558050360, 6538858465, 0)",2026-05-29,4,1,6,0,0,2
"(1184065203, 1184065403, 0)",2026-07-28,1,0,10,0,0,2
"(6557376736, 3111984021, 0)",2026-05-30,5,1,10,0,0,3
"(6548212725, 6548212716, 0)",2026-07-23,3,0,12,2,0,5
"(6588574695, 6588574696, 0)",2026-05-30,5,1,11,0,0,2
"(1356243636, 1356243715, 0)",2026-07-19,6,0,17,0,0,3
"(1806914836, 1323345311, 0)",2026-06-22,0,0,20,0,0,1
"(1373281684, 1373281574, 0)",2026-05-04,0,0,20,0,0,1
"(1330171637, 1330170399, 0)",2026-06-08,0,0,23,1,0,2
"(3112549168, 3112549151, 0)",2026-06-10,2,0,14,0,1,8
"(6622549169, 6304487990, 0)",2026-07-04,5,1,18,0,0,1
"(6620749493, 6620749498, 0)",2026-05-08,4,1,19,1,0,4
"(13087366601, 1329433896, 0)",2026-06-10,2,0,13,0,0,1
"(1371614491, 1371614644, 0)",2026-05-30,5,1,12,0,0,3
"(7456067127, 1356940127, 0)",2026-07-27,0,0,15,0,1,7
"(1184864093, 1184863233, 0)",2026-06-27,5,1,9,2,1,4
"(6588574695, 6588574696, 0)",2026-05-26,1,0,16,0,1,6
"(1396425558, 1396425569, 0)",2026-07-13,0,0,9,0,1,6
"(1329637961, 1329637914, 0)",2026-05-11,0,0,6,0,0,3
"(1347293015, 1347293062, 0)",2026-06-26,4,1,22,1,0,5
"(1395429860, 1395429882, 0)",2026-06-18,3,0,12,0,0,2
"(1354670094, 1354670321, 0)",2026-05-23,5,1,11,0,0,3
"(6543942547, 6543919956, 0)",2026-05-22,4,1,16,1,1,3
"(1353448531, 1353448730, 0)",2026-06-26,4,1,15,1,1,2
"(1334047185, 1334047322, 0)",2026-07-19,6,0,10,0,0,1
"(1349779720, 1356919050, 0)",2026-07-26,6,0,15,2,1,10
"(6547790611, 6547790609, 0)",2026-06-24,2,0,22,1,0,2
"(1371671621, 1371671088, 0)",2026-07-15,2,0,21,0,0,3
"(1346639125, 6553140114, 0)",2026-06-19,4,1,11,0,0,2
"(6547601254, 6547601237, 0)",2026-07-08,2,0,22,0,0,3
"(1374129773, 1374129642, 0)",2026-05-13,2,0,14,0,1,8
"(1184780232, 13206205862, 0)",2026-06-04,3,0,6,0,0,1
"(1174525096, 1174524924, 0)",2026-06-29,0,0,22,0,0,3
"(6775370153, 6775370130, 0)",2026-06-29,0,0,7,0,1,8
"(6576721831, 3250738467, 0)",2026-07-12,6,0,20,0,0,3
"(1330400137, 6629198642, 0)",2026-05-27,2,0,22,0,0,3
"(6569975864, 6598107139, 0)",2026-05-10,6,0,21,0,0,1
"(1360982415, 1804724846, 0)",2026-05-03,6,0,12,2,0,6
"(1178236745, 1178236855, 0)",2026-06-18,3,0,15,0,1,6
"(6630780297, 6636019481, 0)",2026-05-08,4,1,14,1,1,1
"(2988915683, 6552088459, 0)",2026-07-19,6,0,17,0,0,1
"(1324181560, 1324181166, 0)",2026-07-27,0,0,14,0,1,7
"(1178236745, 1178236855, 0)",2026-07-01,2,0,15,0,1,7
"(1334047122, 1334047056, 0)",2026-06-03,2,0,6,0,0,2
"(1349779720, 1356919050, 0)",2026-07-18,5,1,10,0,0,2
"(1323345650, 1323345329, 0)",2026-06-15,0,0,14,0,1,7
"(6296893347, 6296893346, 0)",2026-07-13,0,0,17,0,0,1
"(7362442903, 1333236256, 0)",2026-05-19,1,0,10,0,0,2
"(6588463555, 6588463654, 0)",2026-06-30,1,0,6,0,0,1
"(13037817967, 13037817968, 0)",2026-06-02,1,0,15,0,1,5
"(1380541785, 1380541789, 0)",2026-07-21,1,0,20,1,0,2
"(1323895307, 1323895309, 0)",2026-05-10,6,0,8,0,1,6
"(1329345260, 1329345231, 0)",2026-07-16,3,0,22,1,0,1
"(1374129709, 6631219361, 0)",2026-07-04,5,1,19,0,0,7
"(6561325489, 6561325488, 0)",2026-06-23,1,0,6,0,0,2
"(6738710336, 6738710330, 0)",2026-06-09,1,0,19,0,0,1
"(6772044502, 1394212414, 0)",2026-05-31,6,0,18,1,0,1
"(6552362569, 6552362570, 0)",2026-05-18,0,0,13,0,0,2
"(6555924658, 6555791336, 0)",2026-07-24,4,1,17,0,0,2
"(1374245133, 1374245568, 0)",2026-05-06,2,0,16,0,1,6
"(331556716, 1175876922, 0)",2026-06-24,2,0,21,1,0,2
"(1347137271, 1347137638, 0)",2026-05-25,0,0,15,0,1,8
"(6543942506, 6543942517, 0)",2026-07-24,4,1,23,0,0,1
"(6606955214, 6607646372, 0)",2026-07-12,6,0,19,0,0,2
"(1364174324, 1364174414, 0)",2026-05-10,6,0,9,0,1,7
"(1373281684, 1373281574, 0)",2026-05-22,4,1,18,1,0,1
"(1341718877, 1344168014, 0)",2026-07-25,5,1,11,0,0,3
"(5754489564, 1175374600, 0)",2026-06-21,6,0,6,0,0,3
"(6546989131, 1330820209, 0)",2026-05-15,4,1,16,1,1,1
"(1364829529, 1364829688, 0)",2026-06-01,0,0,13,0,0,3
"(1325840062, 1325839946, 0)",2026-05-08,4,1,23,1,0,2
"(6569975864, 6598107139, 0)",2026-06-28,6,0,21,1,0,1
"(1334996016, 1379369291, 0)",2026-06-16,1,0,15,0,1,8
"(1332669891, 6628697084, 0)",2026-06-25,3,0,15,0,1,7
"(6556485466, 1341718740, 0)",2026-05-23,5,1,11,0,0,1
"(1364900835, 719869622, 0)",2026-06-05,4,1,15,0,1,2
"(1359003946, 1359004437, 0)",2026-06-12,4,1,8,1,1,2
"(331556716, 1175876922, 0)",2026-07-25,5,1,21,0,0,6
"(1323672567, 1323672729, 0)",2026-07-14,1,0,11,0,0,1
"(1372020716, 1372021151, 0)",2026-06-22,0,0,6,0,0,1
"(1347137399, 1347137564, 0)",2026-07-26,6,0,16,2,1,7
"(1381026313, 6570667566, 0)",2026-05-21,3,0,7,0,1,7
"(1180288747, 1180288772, 0)",2026-07-07,1,0,9,0,1,7
"(6552183332, 5755970960, 0)",2026-05-07,3,0,10,0,0,3
"(6588574695, 6588574696, 0)",2026-05-21,3,0,13,0,0,1
"(6552768140, 1330947542, 0)",2026-07-05,6,0,13,0,0,1
"(1341987090, 1342945811, 0)",2026-05-30,5,1,15,0,1,3
"(11006104077, 11006104104, 0)",2026-05-31,6,0,19,1,0,2
"(1171157754, 1171157949, 0)",2026-07-11,5,1,23,0,0,2
"(6580977491, 1806914762, 0)",2026-07-05,6,0,17,0,0,2
"(1330820321, 1330820182, 0)",2026-07-27,0,0,22,0,0,1
"(1329698788, 1329698816, 0)",2026-06-10,2,0,6,0,0,2
"(1323672567, 1323672729, 0)",2026-05-25,0,0,12,0,0,2
"(6587904379, 6587823232, 0)",2026-06-29,0,0,13,0,0,2
"(6557376752, 6557597643, 0)",2026-06-23,1,0,11,0,0,1
"(1184863686, 6296933039, 0)",2026-06-09,1,0,11,0,0,3
"(6587904379, 6587823232, 0)",2026-05-18,0,0,17,0,0,2
"(1359003946, 1359004437, 0)",2026-07-14,1,0,6,0,0,2
"(331556716, 1175876922, 0)",2026-06-12,4,1,20,1,0,7
"(1380076849, 1380076927, 0)",2026-05-28,3,0,17,1,0,2
"(1380078531, 1380078522, 0)",2026-07-05,6,0,13,0,0,2
"(2988710800, 6588133421, 0)",2026-07-14,1,0,16,0,1,7
"(6576721831, 3250738467, 0)",2026-05-25,0,0,16,0,1,9
"(1335496467, 1335496670, 0)",2026-06-11,3,0,15,1,1,7
"(1175160040, 1175161081, 0)",2026-05-18,0,0,23,0,0,3
"(6624547084, 6624573185, 0)",2026-07-15,2,0,12,0,0,1
"(6738710336, 6738710330, 0)",2026-06-08,0,0,10,1,0,1
"(1325839946, 1326062805, 0)",2026-05-12,1,0,18,1,0,3
"(1371382516, 6630661890, 0)",2026-06-18,3,0,21,0,0,1
"(1174066989, 1174446923, 0)",2026-05-03,6,0,7,2,1,9
"(3112549168, 3112549151, 0)",2026-05-09,5,1,15,0,1,1
"(1354861809, 6752972982, 0)",2026-07-25,5,1,11,0,0,3
"(1172905009, 1172904968, 0)",2026-06-16,1,0,19,0,0,1
"(1416742216, 266215164, 0)",2026-06-26,4,1,13,1,0,1
"(1323698491, 1323698546, 0)",2026-06-19,4,1,13,0,0,1
"(6769902214, 1379368792, 0)",2026-05-13,2,0,18,0,0,3
"(1325840095, 1325839862, 0)",2026-06-30,1,0,19,0,0,3
"(1175375216, 1175373700, 0)",2026-06-08,0,0,22,1,0,1
"(6598161400, 6598348640, 0)",2026-05-20,2,0,22,0,0,2
"(6543942506, 6543942517, 0)",2026-06-24,2,0,7,1,1,7
"(1393170581, 1393416370, 0)",2026-05-22,4,1,22,1,0,8
"(6542839673, 3676454416, 0)",2026-07-29,2,0,20,2,0,4
"(1184065354, 1184065309, 0)",2026-06-25,3,0,9,0,1,8
"(1351057242, 331562252, 0)",2026-07-12,6,0,10,0,0,3
"(1371538812, 6769787795, 0)",2026-05-03,6,0,19,2,0,5
"(1352193762, 1352193549, 0)",2026-05-15,4,1,13,1,0,2
"(6546611579, 12031564935, 0)",2026-06-25,3,0,15,0,1,8
"(6777684910, 1352193694, 0)",2026-06-18,3,0,15,0,1,7
"(1346639125, 6553140114, 0)",2026-06-14,6,0,20,0,0,2
"(6640700587, 1349781203, 0)",2026-05-12,1,0,15,1,1,6
"(6543942506, 6543942517, 0)",2026-05-26,1,0,6,0,0,3
"(6543942547, 6543919956, 0)",2026-07-15,2,0,11,0,0,3
"(6586987099, 6586987098, 0)",2026-06-16,1,0,16,0,1,9
"(1326062482, 1326062791, 0)",2026-07-14,1,0,17,0,0,2
"(1370526903, 1370526980, 0)",2026-05-02,5,1,12,0,0,1
"(1371538920, 1371538659, 0)",2026-06-04,3,0,22,0,0,1
"(6580927373, 6580961271, 0)",2026-06-17,2,0,10,0,0,2
"(5930720830, 6598993780, 0)",2026-06-18,3,0,12,0,0,2
"(9407387382, 1185579794, 0)",2026-07-10,4,1,23,2,0,6
"(6553621910, 1341691134, 0)",2026-06-30,1,0,6,0,0,3
"(1323345861, 1323345984, 0)",2026-06-25,3,0,10,0,0,2
"(1374436669, 1374435956, 0)",2026-07-01,2,0,15,0,1,7
"(1325840062, 1325839946, 0)",2026-07-02,3,0,12,0,0,2
"(6543100400, 1174966893, 0)",2026-05-17,6,0,10,0,0,1
"(1346612566, 1346611975, 0)",2026-05-16,5,1,22,0,0,8
"(1349527741, 6552015853, 0)",2026-07-13,0,0,15,0,1,8
"(1184780197, 1184780190, 0)",2026-07-28,1,0,11,0,0,3
"(1370526566, 1370526639, 0)",2026-07-16,3,0,15,1,1,6
"(6620749493, 6620749498, 0)",2026-07-04,5,1,15,0,1,1
"(1357399304, 1334014283, 0)",2026-05-14,3,0,21,0,0,1
"(6622549169, 6304487990, 0)",2026-05-07,3,0,14,0,1,7
"(1380541227, 1380541141, 0)",2026-05-05,1,0,8,1,1,7
"(13037817967, 13037817968, 0)",2026-06-22,0,0,15,0,1,9
"(6580977491, 1806914762, 0)",2026-05-17,6,0,15,0,1,7
"(12237200017, 1361117364, 0)",2026-06-07,6,0,22,0,0,1
"(1329637794, 1329637952, 0)",2026-05-28,3,0,6,1,0,2
"(1347137658, 6540243378, 0)",2026-05-16,5,1,21,0,0,6
"(6541505710, 1346779273, 0)",2026-07-21,1,0,15,1,1,6
"(6546593263, 6586697616, 0)",2026-07-06,0,0,19,0,0,1
"(13980225467, 13980225457, 0)",2026-05-11,0,0,9,0,1,7
"(1370526613, 1370526548, 0)",2026-06-23,1,0,16,0,1,8
"(6640700587, 1349781203, 0)",2026-05-15,4,1,8,1,1,1
"(6304508694, 6542865592, 0)",2026-06-08,0,0,19,1,0,3
"(1341691045, 6545091979, 0)",2026-06-28,6,0,18,1,0,1
"(12208471727, 12208928944, 0)",2026-05-18,0,0,8,0,1,6
"(1175877701, 1175876747, 0)",2026-06-08,0,0,8,1,1,8
"(6541526356, 6530711225, 0)",2026-07-20,0,0,16,1,1,6
"(5765103561, 6559093393, 0)",2026-05-31,6,0,16,1,1,8
"(1370526769, 1370526928, 0)",2026-07-05,6,0,18,0,0,3
"(6304273976, 6546822438, 0)",2026-07-11,5,1,20,0,0,6
"(6558050360, 6538858465, 0)",2026-06-16,1,0,22,0,0,3
"(1324373626, 1324373548, 0)",2026-06-05,4,1,10,0,0,2
"(6769188408, 6769188439, 1)",2026-05-19,1,0,6,0,0,1
"(1328079242, 1328078851, 0)",2026-07-14,1,0,15,0,1,7
"(1175375033, 1175375993, 0)",2026-05-12,1,0,15,1,1,9
"(1329637961, 1329637914, 0)",2026-06-19,4,1,18,0,0,3
"(6610375755, 6738772299, 0)",2026-06-19,4,1,14,0,1,2
"(5766243573, 1331024008, 0)",2026-05-01,4,1,15,1,1,1
"(1363882222, 1363883477, 0)",2026-06-13,5,1,12,0,0,3
"(1325839946, 1326062805, 0)",2026-07-24,4,1,20,0,0,6
"(6561325489, 6561325488, 0)",2026-07-02,3,0,17,0,0,1
"(1327149840, 1327149966, 0)",2026-07-10,4,1,13,2,0,3
"(6580964317, 1323345593, 0)",2026-05-17,6,0,12,0,0,3
"(1174154997, 1174154743, 0)",2026-07-08,2,0,14,0,1,9
"(1324181418, 6545381135, 0)",2026-05-14,3,0,12,0,0,3
"(6775165202, 6775165196, 0)",2026-07-09,3,0,10,0,0,2
"(6546989131, 1330820209, 0)",2026-05-21,3,0,14,0,1,9
"(1350029522, 1350029611, 0)",2026-07-25,5,1,20,0,0,6
"(1329698771, 1329698284, 0)",2026-07-19,6,0,10,0,0,3
"(1185026243, 1185026346, 0)",2026-07-24,4,1,13,0,0,2
"(2442418232, 1179694631, 0)",2026-05-15,4,1,6,1,0,3
"(1330170196, 1330171107, 0)",2026-07-10,4,1,22,2,0,9
"(1323345442, 1323345972, 0)",2026-05-26,1,0,18,0,0,2
"(12237200017, 1361117364, 0)",2026-05-18,0,0,7,0,1,8
"(1347137399, 1347137564, 0)",2026-06-02,1,0,6,0,0,1
"(1346157096, 6557798743, 0)",2026-05-19,1,0,23,0,0,3
"(1344168240, 266215378, 0)",2026-07-21,1,0,18,1,0,1
"(1184943115, 1185026255, 0)",2026-05-30,5,1,17,0,0,2
"(1350774113, 1350774443, 0)",2026-06-03,2,0,10,0,0,3
"(6620749493, 6620749498, 0)",2026-07-18,5,1,6,0,0,2
"(1326062482, 1326062791, 0)",2026-05-05,1,0,23,1,0,2
"(1374279617, 6584639024, 0)",2026-07-03,4,1,8,0,1,1
"(1370526911, 6651595643, 0)",2026-06-09,1,0,13,0,0,3
"(1357399489, 1357399332, 0)",2026-07-08,2,0,21,0,0,1
"(1364900603, 1364900434, 0)",2026-07-15,2,0,20,0,0,1
"(1355636739, 1355636500, 0)",2026-05-25,0,0,18,0,0,3
"(1354861809, 6752972982, 0)",2026-05-21,3,0,16,0,1,6
"(1371614699, 1371614740, 0)",2026-05-13,2,0,11,0,0,2
"(5754411776, 331541812, 0)",2026-06-21,6,0,6,0,0,2
"(1356520047, 6615870733, 0)",2026-07-19,6,0,6,0,0,3
"(6755854467, 1372487009, 1)",2026-06-25,3,0,6,0,0,2
"(1349527623, 1349527724, 0)",2026-06-07,6,0,15,0,1,6
"(1350774512, 2988947194, 0)",2026-06-07,6,0,14,0,1,8
"(2988775567, 1374245347, 0)",2026-06-20,5,1,14,1,1,3
"(1806914836, 1323345311, 0)",2026-05-31,6,0,20,1,0,2
"(1396443245, 1396443273, 0)",2026-06-18,3,0,13,0,0,2
"(1323895307, 1323895309, 0)",2026-05-27,2,0,15,0,1,5
"(1335496222, 1356243636, 0)",2026-07-03,4,1,14,0,1,1
"(6630780297, 6636019481, 0)",2026-06-11,3,0,15,1,1,6
"(6552183332, 5755970960, 0)",2026-07-29,2,0,10,2,0,4
"(1354861809, 6752972982, 0)",2026-05-29,4,1,21,0,0,7
"(5800294569, 1374129691, 0)",2026-06-02,1,0,7,0,1,8
"(1324373626, 1324373548, 0)",2026-07-04,5,1,22,0,0,6
"(1371671327, 1371671454, 0)",2026-05-13,2,0,13,0,0,1
"(331565003, 331565002, 0)",2026-06-06,5,1,19,0,0,6
"(1326941595, 1326941528, 0)",2026-06-06,5,1,17,0,0,1
"(6601590979, 6601533325, 0)",2026-07-05,6,0,17,0,0,2
"(6542995199, 1361117830, 0)",2026-05-07,3,0,14,0,1,6
"(1350752740, 1350753292, 0)",2026-06-04,3,0,18,0,0,2
"(1172905066, 1172905094, 0)",2026-06-08,0,0,12,1,0,3
"(1331613509, 1331613269, 0)",2026-07-02,3,0,7,0,1,5
"(1354670094, 1354670321, 0)",2026-06-16,1,0,15,0,1,8
"(1173885682, 6552332791, 0)",2026-06-20,5,1,21,1,0,6
"(6598161400, 6598348640, 0)",2026-06-04,3,0,15,0,1,8
"(6640700587, 1349781203, 0)",2026-05-06,2,0,14,0,1,7
"(1379372187, 6569961687, 0)",2026-05-24,6,0,11,0,0,1
"(1327186259, 1327186566, 0)",2026-07-25,5,1,13,0,0,3
"(1322981366, 12539090832, 0)",2026-05-07,3,0,23,0,0,2
"(1374245565, 1374245525, 0)",2026-07-05,6,0,20,0,0,3
"(1368366497, 1368366472, 0)",2026-05-15,4,1,12,1,0,2
"(12920669869, 1186889231, 0)",2026-07-15,2,0,21,0,0,3
"(1325839946, 1326062805, 0)",2026-06-27,5,1,23,2,0,5
"(1323672769, 1323672516, 0)",2026-05-12,1,0,22,1,0,3
"(1330400137, 6629198642, 0)",2026-06-11,3,0,8,1,1,8
"(1186425464, 1184975564, 0)",2026-05-19,1,0,13,0,0,3
"(6547426508, 5760614813, 0)",2026-07-24,4,1,10,0,0,1
"(1374435979, 1364174412, 0)",2026-05-05,1,0,10,1,0,1
"(1324181560, 1324181166, 0)",2026-07-17,4,1,15,0,1,3
"(1363883359, 1363882222, 0)",2026-07-22,2,0,13,0,0,2
"(3676305214, 3676304507, 0)",2026-05-31,6,0,19,1,0,1
"(6296976796, 1329735146, 0)",2026-07-02,3,0,22,0,0,1
"(6557376736, 3111984021, 0)",2026-05-27,2,0,11,0,0,2
"(6547573862, 6547573873, 0)",2026-07-29,2,0,18,2,0,6
"(1330171637, 1330170399, 0)",2026-06-04,3,0,10,0,0,3
"(6620749493, 6620749498, 0)",2026-06-10,2,0,20,0,0,1
"(1178236745, 1178236855, 0)",2026-06-09,1,0,12,0,0,1
"(1326941345, 1326941569, 0)",2026-05-13,2,0,8,0,1,7
"(6553429911, 1180288829, 0)",2026-07-27,0,0,21,0,0,2
"(6553252010, 6536363971, 0)",2026-07-08,2,0,18,0,0,3
"(1356917806, 1356918903, 0)",2026-05-14,3,0,20,0,0,3
"(5930720830, 6598993780, 0)",2026-05-24,6,0,13,0,0,3
"(331538426, 596600176, 0)",2026-05-21,3,0,8,0,1,8
"(1175373522, 1175375870, 0)",2026-07-28,1,0,10,0,0,3
"(6775165202, 6775165196, 0)",2026-06-13,5,1,11,0,0,3
"(6557974648, 1417561090, 0)",2026-06-12,4,1,17,1,0,1
"(1374245565, 1374245525, 0)",2026-06-09,1,0,17,0,0,3
"(6640700587, 1349781203, 0)",2026-06-19,4,1,17,0,0,1
"(1330820105, 1330820244, 0)",2026-05-02,5,1,7,0,1,1
"(1352193566, 1352193540, 0)",2026-05-16,5,1,9,0,1,2
"(11953619597, 11953619598, 0)",2026-07-07,1,0,21,0,0,3
"(6580927373, 6580961271, 0)",2026-06-10,2,0,23,0,0,1
"(1354862489, 1354862557, 0)",2026-05-09,5,1,20,0,0,4
"(6630522679, 6630522676, 0)",2026-05-06,2,0,14,0,1,9
"(1380076849, 1380076927, 0)",2026-07-20,0,0,15,1,1,6
"(6544627086, 6544627091, 0)",2026-05-17,6,0,17,0,0,2
"(6296976796, 1329735146, 0)",2026-05-24,6,0,12,0,0,2
"(1351057242, 331562252, 0)",2026-06-05,4,1,17,0,0,2
"(331565003, 331565002, 0)",2026-07-06,0,0,20,0,0,1
"(1329698771, 1329698284, 0)",2026-05-06,2,0,13,0,0,3
"(6557376752, 6557597643, 0)",2026-05-16,5,1,19,0,0,7
"(1174154997, 1174154743, 0)",2026-07-26,6,0,19,2,0,4
"(1326941345, 1326941569, 0)",2026-05-10,6,0,6,0,0,1
"(1360982415, 1804724846, 0)",2026-06-04,3,0,13,0,0,2
"(6541526356, 6530711225, 0)",2026-06-22,0,0,11,0,0,3
"(1370526903, 1370526980, 0)",2026-05-15,4,1,7,1,1,1
"(1184943250, 1184942691, 0)",2026-06-06,5,1,13,0,0,3
"(1334014187, 1358046381, 0)",2026-06-20,5,1,16,1,1,3
"(6573704012, 6573704007, 0)",2026-05-24,6,0,10,0,0,3
"(1334046976, 1334047484, 0)",2026-06-16,1,0,16,0,1,8
"(6570316836, 1327150065, 0)",2026-05-28,3,0,6,1,0,3
"(6552417220, 6559364630, 0)",2026-07-13,0,0,15,0,1,9
"(6620749493, 6620749498, 0)",2026-05-16,5,1,22,0,0,6
"(1325840066, 6296868940, 0)",2026-06-10,2,0,7,0,1,8
"(1329345222, 1327186562, 0)",2026-06-22,0,0,11,0,0,3
"(1349779720, 1356919050, 0)",2026-07-23,3,0,9,2,1,10
"(1172905009, 1172904968, 0)",2026-07-06,0,0,13,0,0,1
"(331538426, 596600176, 0)",2026-07-27,0,0,10,0,0,1
"(1185026376, 1184942947, 0)",2026-05-02,5,1,9,0,1,2
"(1332724217, 1332724480, 0)",2026-05-02,5,1,22,0,0,6
"(1330170962, 1330171205, 0)",2026-05-29,4,1,22,0,0,5
"(6561114834, 1174066991, 0)",2026-06-17,2,0,10,0,0,3
"(1346612860, 1346612090, 0)",2026-07-13,0,0,23,0,0,2
"(5930720830, 6598993780, 0)",2026-07-08,2,0,12,0,0,3
"(1373281684, 1373281574, 0)",2026-05-03,6,0,9,2,1,9
"(1361117286, 1361117571, 0)",2026-07-25,5,1,20,0,0,6
"(6557376729, 6557376724, 0)",2026-06-23,1,0,12,0,0,3
"(1323698491, 1323698546, 0)",2026-06-17,2,0,12,0,0,3
"(719869622, 719869612, 0)",2026-07-01,2,0,18,0,0,2
"(1356519875, 6769076215, 0)",2026-07-28,1,0,20,0,0,3
"(6541873169, 6541873170, 0)",2026-07-23,3,0,18,2,0,5
"(6561114834, 1174066991, 0)",2026-05-16,5,1,16,0,1,3
"(1323345442, 1323345972, 0)",2026-06-20,5,1,8,1,1,3
"(1357216546, 1357216432, 0)",2026-07-05,6,0,22,0,0,1
"(1374245565, 1374246035, 0)",2026-06-17,2,0,20,0,0,3
"(6580964317, 1323345593, 0)",2026-05-22,4,1,10,1,0,3
"(1331244754, 1331244877, 0)",2026-06-18,3,0,20,0,0,3
"(1418770624, 1418728209, 0)",2026-05-17,6,0,22,0,0,1
"(1396425558, 1396425569, 0)",2026-05-18,0,0,14,0,1,9
"(1347293015, 1347293062, 0)",2026-07-26,6,0,7,2,1,10
"(1357399304, 1334014283, 0)",2026-07-09,3,0,16,0,1,8
"(1353448531, 1353448730, 0)",2026-07-27,0,0,11,0,0,1
"(1395429860, 1395429882, 0)",2026-05-25,0,0,8,0,1,9
"(6669853392, 6670102510, 0)",2026-05-24,6,0,14,0,1,6
"(1356520047, 6615870733, 0)",2026-05-01,4,1,9,1,1,1
"(1396508515, 1396508522, 0)",2026-06-20,5,1,22,1,0,5
"(6623059680, 6623059676, 0)",2026-07-02,3,0,17,0,0,1
"(1371671327, 1371671454, 0)",2026-07-06,0,0,8,0,1,7
"(1371538688, 1371538805, 0)",2026-05-17,6,0,15,0,1,7
"(3467985851, 1184975449, 0)",2026-05-12,1,0,14,1,1,8
"(1323346022, 6598161420, 0)",2026-05-31,6,0,15,1,1,7
"(1347569397, 1347569473, 0)",2026-05-27,2,0,7,0,1,8
"(6738710336, 6738710330, 0)",2026-06-03,2,0,20,0,0,1
"(1324408803, 1324408994, 0)",2026-05-05,1,0,18,1,0,3
"(1329698771, 1329698284, 0)",2026-05-04,0,0,20,0,0,3
"(1184780232, 13206205862, 0)",2026-07-23,3,0,15,2,1,10
"(1370526911, 6651595643, 0)",2026-05-04,0,0,16,0,1,8
"(9407387382, 1185579794, 0)",2026-07-29,2,0,23,2,0,6
"(719869622, 719869612, 0)",2026-05-09,5,1,6,0,0,1
"(1330171400, 1329345386, 0)",2026-05-18,0,0,18,0,0,1
"(1330171637, 1330170399, 0)",2026-05-17,6,0,22,0,0,3
"(6561114829, 1171724116, 0)",2026-07-24,4,1,18,0,0,3
"(1175876849, 1175876791, 0)",2026-05-21,3,0,21,0,0,3
"(1185026243, 1185026346, 0)",2026-06-27,5,1,23,2,0,5
"(6559065353, 6559065355, 0)",2026-07-17,4,1,16,0,1,2
"(1186889099, 1186546606, 0)",2026-07-13,0,0,18,0,0,1
"(1179694975, 1179694218, 0)",2026-06-09,1,0,11,0,0,2
"(6669853392, 6670102510, 0)",2026-06-29,0,0,14,0,1,6
"(11006104077, 11006104104, 0)",2026-06-03,2,0,18,0,0,3
"(1348960214, 1348960243, 0)",2026-07-28,1,0,8,0,1,7
"(13087366601, 1329433896, 0)",2026-06-17,2,0,22,0,0,3
"(12293292105, 12293228200, 0)",2026-07-04,5,1,14,0,1,2
"(1175876849, 1175876791, 0)",2026-06-29,0,0,9,0,1,5
"(1325840066, 6296868940, 0)",2026-05-21,3,0,11,0,0,1
"(6557315806, 12468747074, 0)",2026-05-18,0,0,17,0,0,2
"(1178236650, 1178236811, 0)",2026-05-08,4,1,16,1,1,2
"(6557974648, 1417561090, 0)",2026-06-15,0,0,10,0,0,2
"(6620749493, 6620749498, 0)",2026-06-07,6,0,7,0,1,6
"(1325840066, 6296868940, 0)",2026-07-05,6,0,12,0,0,2
"(6630522679, 6630522676, 0)",2026-05-06,2,0,17,0,0,2
"(5800294569, 1374129691, 0)",2026-05-01,4,1,15,1,1,3
"(6757013374, 6757013360, 0)",2026-05-14,3,0,9,0,1,8
"(6554335446, 1172905052, 0)",2026-07-22,2,0,15,0,1,8
"(1366234557, 6547766243, 0)",2026-06-05,4,1,11,0,0,3
"(6777684910, 1352193694, 0)",2026-07-04,5,1,12,0,0,1
"(1350774257, 1350774330, 0)",2026-05-04,0,0,15,0,1,8
"(1328079242, 1328078851, 0)",2026-07-18,5,1,12,0,0,3
"(1348960214, 1348960243, 0)",2026-05-21,3,0,13,0,0,1
"(6569018819, 1380541980, 0)",2026-06-01,0,0,18,0,0,1
"(1332724605, 6769856178, 0)",2026-05-30,5,1,20,0,0,5
"(6631172448, 1324408982, 0)",2026-05-18,0,0,6,0,0,3
"(1324570374, 1324570421, 0)",2026-05-18,0,0,7,0,1,7
"(1343821184, 1343821263, 0)",2026-06-19,4,1,9,0,1,2
"(1323672567, 1323672729, 0)",2026-06-13,5,1,22,0,0,5
"(6631178703, 1329434274, 0)",2026-06-05,4,1,7,0,1,3
"(1350752656, 6602350580, 0)",2026-06-03,2,0,19,0,0,1
"(3467985821, 3467985833, 0)",2026-05-11,0,0,23,0,0,2
"(1374245565, 1374245525, 0)",2026-07-25,5,1,12,0,0,3
"(6637789301, 6637789305, 0)",2026-06-22,0,0,17,0,0,3
"(1371382516, 6630661890, 0)",2026-07-25,5,1,7,0,1,1
"(1332017826, 1332017777, 0)",2026-07-21,1,0,6,1,0,2
"(12920669869, 1186889231, 0)",2026-07-11,5,1,19,0,0,5
"(6557376736, 3111984021, 0)",2026-07-27,0,0,17,0,0,1
"(1368366497, 1368366472, 0)",2026-05-25,0,0,7,0,1,7
"(1374279064, 1374279335, 0)",2026-05-28,3,0,22,1,0,3
"(1356920102, 6627437350, 0)",2026-07-26,6,0,17,2,0,4
"(1329698788, 1329698816, 0)",2026-07-14,1,0,12,0,0,3
"(1329735003, 2973460651, 0)",2026-05-07,3,0,15,0,1,8
"(1371956302, 1371956554, 0)",2026-06-25,3,0,12,0,0,1
"(6541820282, 1343821122, 0)",2026-06-21,6,0,6,0,0,3
"(1323672609, 1323672760, 0)",2026-06-13,5,1,9,0,1,3
"(6547182834, 6547182832, 0)",2026-07-20,0,0,12,1,0,3
"(6628867004, 6628867044, 0)",2026-06-16,1,0,23,0,0,3
"(1350774113, 1350774443, 0)",2026-05-21,3,0,12,0,0,1
"(6624547071, 6624573186, 0)",2026-06-09,1,0,17,0,0,2
"(1379368400, 1379368402, 0)",2026-07-13,0,0,6,0,0,1
"(5761923664, 1368366565, 0)",2026-05-29,4,1,12,0,0,2
"(6588463544, 6588463537, 0)",2026-07-05,6,0,12,0,0,1
"(6580927373, 6580961271, 0)",2026-05-11,0,0,6,0,0,3
"(2988710800, 6588133421, 0)",2026-07-26,6,0,7,2,1,10
"(1352193870, 1352193896, 0)",2026-05-02,5,1,13,0,0,1
"(1350752656, 6602350580, 0)",2026-06-20,5,1,14,1,1,1
"(1172905066, 1172905094, 0)",2026-07-05,6,0,12,0,0,1
"(6775165202, 6775165196, 0)",2026-06-01,0,0,20,0,0,3
"(1374279064, 1374279335, 0)",2026-07-08,2,0,11,0,0,1
"(6586987099, 6586987098, 0)",2026-05-30,5,1,19,0,0,5
"(6553429911, 1180288829, 0)",2026-06-02,1,0,20,0,0,3
"(6637789301, 6637789305, 0)",2026-05-09,5,1,23,0,0,2
"(1343821189, 1343821154, 0)",2026-05-03,6,0,18,2,0,6
"(1374245565, 1374245525, 0)",2026-05-13,2,0,14,0,1,7
"(1354670094, 1354670321, 0)",2026-06-01,0,0,16,0,1,9
"(1356520047, 6615870733, 0)",2026-07-05,6,0,15,0,1,6
"(6637789299, 6637789301, 0)",2026-06-12,4,1,17,1,0,3
"(1357399489, 1357399332, 0)",2026-05-03,6,0,18,2,0,3
"(1329698788, 1329698816, 0)",2026-06-22,0,0,7,0,1,9
"(6637789301, 6637789305, 0)",2026-06-15,0,0,11,0,0,3
"(1329345260, 1329345231, 0)",2026-07-19,6,0,7,0,1,8
"(3676305214, 3676304507, 0)",2026-05-24,6,0,21,0,0,2
"(1361117286, 1361117571, 0)",2026-07-14,1,0,14,0,1,6
"(5754489564, 1175374600, 0)",2026-07-16,3,0,12,1,0,2
"(1381026545, 1381026531, 0)",2026-06-17,2,0,12,0,0,1
"(1324408803, 1324408994, 0)",2026-05-30,5,1,23,0,0,3
"(1329345222, 1327186562, 0)",2026-05-06,2,0,15,0,1,5
"(1174446973, 1174066983, 0)",2026-05-25,0,0,23,0,0,2
"(1346612566, 1346611975, 0)",2026-05-14,3,0,7,0,1,9
"(1364829713, 6544339896, 0)",2026-06-09,1,0,10,0,0,3
"(1361117236, 1361117275, 0)",2026-06-17,2,0,11,0,0,1
"(1350752656, 6602350580, 0)",2026-05-20,2,0,23,0,0,1
"(1370526903, 1370526980, 0)",2026-07-24,4,1,9,0,1,2
"(6581279487, 6581279486, 0)",2026-05-17,6,0,9,0,1,9
"(1356918579, 1356919507, 0)",2026-07-29,2,0,11,2,0,3
"(6558050360, 6538858465, 0)",2026-05-24,6,0,8,0,1,7
"(1347137619, 1347137659, 0)",2026-05-15,4,1,15,1,1,1
"(6542839673, 3676454416, 0)",2026-06-05,4,1,15,0,1,3
"(1330537648, 6554845384, 0)",2026-06-07,6,0,9,0,1,9
"(6630522679, 6630522676, 0)",2026-05-29,4,1,15,0,1,2
"(1346612566, 1346611975, 0)",2026-07-08,2,0,8,0,1,6
"(1371671327, 1371671454, 0)",2026-07-15,2,0,14,0,1,7
"(721619073, 1334295727, 0)",2026-06-16,1,0,20,0,0,3
"(6557376752, 6557597643, 0)",2026-05-24,6,0,18,0,0,3
"(6591306604, 13980225453, 0)",2026-07-16,3,0,7,1,1,5
"(1370526566, 1370526639, 0)",2026-07-21,1,0,21,1,0,1
"(2988775567, 1374245347, 0)",2026-05-06,2,0,13,0,0,1
"(6775165202, 6775165196, 0)",2026-05-26,1,0,22,0,0,2
"(6576721831, 3250738467, 0)",2026-05-12,1,0,10,1,0,3
"(1348960214, 1348960243, 0)",2026-05-08,4,1,13,1,0,1
"(1334046976, 1334047484, 0)",2026-07-20,0,0,6,1,0,1
"(1323672769, 1323672516, 0)",2026-07-02,3,0,22,0,0,3
"(6296893347, 6296893346, 0)",2026-05-28,3,0,20,1,0,1
"(1396443245, 1396443273, 0)",2026-05-05,1,0,8,1,1,5
"(1324181418, 6545381135, 0)",2026-07-06,0,0,12,0,0,1
"(6296893347, 6296893346, 0)",2026-05-13,2,0,16,0,1,6
"(1329735003, 2973460651, 0)",2026-06-05,4,1,6,0,0,3
"(5765103561, 6559093393, 0)",2026-06-17,2,0,12,0,0,2
"(1329345383, 1329345410, 0)",2026-06-01,0,0,17,0,0,1
"(6552417220, 6559364630, 0)",2026-06-10,2,0,19,0,0,2
"(6669853392, 6670102510, 0)",2026-06-09,1,0,8,0,1,7
"(1332724605, 6769856178, 0)",2026-06-14,6,0,13,0,0,3
"(1175876731, 1175878154, 0)",2026-05-03,6,0,17,2,0,5
"(1334047122, 1334047056, 0)",2026-06-16,1,0,11,0,0,1
"(6552183332, 5755970960, 0)",2026-05-11,0,0,9,0,1,7
"(1172905009, 1172904968, 0)",2026-05-22,4,1,23,1,0,3
"(1350029522, 1350029611, 0)",2026-07-10,4,1,18,2,0,5
"(1331244754, 1331244877, 0)",2026-05-12,1,0,13,1,0,1
"(6769902214, 1379368792, 0)",2026-05-21,3,0,7,0,1,8
"(1348960214, 1348960243, 0)",2026-05-21,3,0,6,0,0,1
"(1330170196, 1330171107, 0)",2026-05-19,1,0,9,0,1,7
"(6583043108, 1331082612, 0)",2026-06-11,3,0,18,1,0,3
"(1346612565, 1346612081, 0)",2026-05-27,2,0,12,0,0,3
"(1357216546, 1357216432, 0)",2026-07-12,6,0,11,0,0,1
"(1329698771, 1329698284, 0)",2026-05-23,5,1,12,0,0,1
"(6755854467, 1372487009, 1)",2026-05-17,6,0,11,0,0,1
"(331565003, 331565002, 0)",2026-06-30,1,0,15,0,1,8
"(1364829713, 6544339896, 0)",2026-05-14,3,0,15,0,1,9
"(1323345833, 1341987054, 0)",2026-05-31,6,0,9,1,1,7
"(1379368400, 1379368402, 0)",2026-07-26,6,0,7,2,1,10
"(1329698771, 1329698284, 0)",2026-05-21,3,0,7,0,1,6
"(1354670094, 1354670321, 0)",2026-07-25,5,1,8,0,1,2
"(6546989131, 1330820209, 0)",2026-07-15,2,0,17,0,0,1
"(1329637969, 6581812753, 0)",2026-06-20,5,1,6,1,0,2
"(1171724079, 1175374597, 0)",2026-07-25,5,1,9,0,1,1
"(11006104077, 11006104104, 0)",2026-06-18,3,0,7,0,1,8
"(6588133470, 721619009, 0)",2026-05-05,1,0,6,1,0,2
"(1344168045, 1344168110, 0)",2026-06-09,1,0,11,0,0,1
"(1350752656, 6602350580, 0)",2026-06-10,2,0,17,0,0,3
"(6542903703, 6542903721, 0)",2026-06-22,0,0,13,0,0,1
"(1341740647, 1341740642, 0)",2026-06-06,5,1,7,0,1,1
"(1366234557, 6547766243, 0)",2026-05-31,6,0,21,1,0,3
"(6553484552, 1364174103, 0)",2026-05-30,5,1,21,0,0,5
"(6587228308, 5754433201, 0)",2026-05-22,4,1,20,1,0,6
"(1341718877, 1344168014, 0)",2026-07-18,5,1,18,0,0,2
"(6587228308, 5754433201, 0)",2026-06-14,6,0,18,0,0,2
"(1330537648, 6554845384, 0)",2026-06-20,5,1,22,1,0,6
"(6750036709, 6750036706, 0)",2026-05-24,6,0,15,0,1,8
"(6557376752, 6557597643, 0)",2026-07-19,6,0,12,0,0,2
"(6546593263, 6586697616, 0)",2026-07-05,6,0,19,0,0,1
"(1174524649, 6754562258, 0)",2026-06-01,0,0,8,0,1,7
"(1341691045, 6545091979, 0)",2026-07-11,5,1,22,0,0,6
"(9407471693, 6630522620, 0)",2026-07-01,2,0,8,0,1,7
"(6600730979, 1418728240, 0)",2026-07-22,2,0,6,0,0,3
"(1329345245, 1327186582, 0)",2026-05-28,3,0,17,1,0,2
"(1333236267, 6640086937, 0)",2026-05-14,3,0,7,0,1,7
"(1178236865, 1178236463, 0)",2026-06-18,3,0,14,0,1,6
"(9407387382, 1185579794, 0)",2026-07-07,1,0,11,0,0,2
"(6600730979, 1418728240, 0)",2026-07-29,2,0,14,2,1,10
"(1324408906, 1324408750, 0)",2026-07-24,4,1,20,0,0,6
"(5800294569, 1374129691, 0)",2026-05-13,2,0,7,0,1,8
"(12920669869, 1186889231, 0)",2026-06-29,0,0,9,0,1,6
"(1326941595, 1326941528, 0)",2026-06-28,6,0,22,1,0,2
"(7456067127, 1356940127, 0)",2026-07-14,1,0,6,0,0,3
"(6557376752, 6557597643, 0)",2026-05-09,5,1,6,0,0,2
"(1329345260, 1329345231, 0)",2026-06-27,5,1,21,2,0,6
"(6552768140, 1330947542, 0)",2026-05-23,5,1,6,0,0,2
"(1184863686, 6296933039, 0)",2026-05-03,6,0,10,2,0,5
"(1334047185, 1334047322, 0)",2026-06-13,5,1,19,0,0,6
"(1179694693, 5761922487, 0)",2026-05-05,1,0,7,1,1,8
"(1324181616, 1324181571, 0)",2026-07-18,5,1,6,0,0,2
"(1332724217, 1332724480, 0)",2026-05-31,6,0,11,1,0,2
"(1323345690, 1323345352, 0)",2026-07-22,2,0,23,0,0,2
"(1371956302, 1371956554, 0)",2026-06-26,4,1,11,1,0,2
"(1324570350, 6589563017, 0)",2026-07-29,2,0,11,2,0,5
"(1341691045, 6545091979, 0)",2026-05-10,6,0,15,0,1,7
"(5756734424, 5756734434, 0)",2026-07-22,2,0,19,0,0,3
"(1350752740, 1350753292, 0)",2026-07-15,2,0,13,0,0,2
"(6580927373, 6580961271, 0)",2026-05-29,4,1,20,0,0,5
"(12237200017, 1361117364, 0)",2026-07-19,6,0,22,0,0,2
"(6567047164, 6567047167, 0)",2026-05-23,5,1,22,0,0,6
"(6542839673, 3676454416, 0)",2026-07-18,5,1,10,0,0,3
"(1379372182, 1379372190, 0)",2026-05-27,2,0,15,0,1,7
"(6775165202, 6775165196, 0)",2026-07-16,3,0,22,1,0,1
"(1325840095, 1325839862, 0)",2026-07-21,1,0,20,1,0,3
"(6546611579, 12031564935, 0)",2026-06-03,2,0,15,0,1,7
"(6620749493, 6620749498, 0)",2026-06-07,6,0,18,0,0,1
"(6569018819, 1380541980, 0)",2026-06-08,0,0,22,1,0,2
"(1174066989, 1174446923, 0)",2026-05-12,1,0,20,1,0,3
"(1179694693, 5761922487, 0)",2026-06-27,5,1,20,2,0,8
"(331565003, 331565002, 0)",2026-05-25,0,0,12,0,0,3
"(1380541242, 1380541236, 0)",2026-05-03,6,0,16,2,1,9
"(1353114192, 1353114107, 0)",2026-07-15,2,0,6,0,0,1
"(6588463544, 6588463537, 0)",2026-06-22,0,0,21,0,0,2
"(721619180, 1380541148, 0)",2026-05-09,5,1,19,0,0,7
"(1322981515, 5759060158, 0)",2026-05-20,2,0,7,0,1,9
"(1350774512, 2988947194, 0)",2026-06-16,1,0,7,0,1,9
"(1612356756, 3775034738, 0)",2026-05-03,6,0,22,2,0,3
"(1364829529, 1364829688, 0)",2026-06-15,0,0,10,0,0,1
"(1364900601, 6552023122, 0)",2026-06-18,3,0,15,0,1,9
"(1323345183, 6552242977, 0)",2026-05-05,1,0,17,1,0,2
"(1327186259, 1327186566, 0)",2026-07-13,0,0,10,0,0,3
"(6777684910, 1352193694, 0)",2026-05-17,6,0,8,0,1,6
"(1350774113, 1350774443, 0)",2026-07-12,6,0,15,0,1,7
"(1354670094, 1354670321, 0)",2026-07-09,3,0,9,0,1,8
"(1381026545, 1381026531, 0)",2026-05-22,4,1,16,1,1,3
"(1175877787, 1176476706, 0)",2026-05-10,6,0,15,0,1,8
"(6775370153, 6775370130, 0)",2026-07-18,5,1,19,0,0,6
"(1381026313, 6570667566, 0)",2026-07-14,1,0,22,0,0,3
"(1371955805, 1371955991, 0)",2026-05-13,2,0,7,0,1,7
"(6553252010, 6536363971, 0)",2026-06-16,1,0,16,0,1,5
"(1323672769, 1323672516, 0)",2026-05-01,4,1,13,1,0,3
"(1359004421, 1359004039, 0)",2026-07-16,3,0,7,1,1,7
"(6637789299, 6637789301, 0)",2026-06-05,4,1,7,0,1,1
"(1347137619, 1347137659, 0)",2026-07-23,3,0,19,2,0,4
"(1330170962, 1330171205, 0)",2026-06-28,6,0,10,1,0,2
"(1346847673, 1346779125, 0)",2026-05-10,6,0,6,0,0,3
"(1354862489, 1354862557, 0)",2026-07-06,0,0,15,0,1,7
"(6580927373, 6580961271, 0)",2026-05-31,6,0,9,1,1,7
"(6570316836, 1327150065, 0)",2026-07-08,2,0,23,0,0,3
"(1184975499, 1185106853, 0)",2026-07-07,1,0,7,0,1,8
"(6547969023, 5761923677, 0)",2026-05-06,2,0,21,0,0,1
"(1184065373, 1184065322, 0)",2026-05-03,6,0,20,2,0,4
"(6296976796, 1329735146, 0)",2026-06-15,0,0,15,0,1,9
"(6543100400, 1174966893, 0)",2026-06-13,5,1,16,0,1,3
"(1322981947, 1322981470, 0)",2026-05-22,4,1,15,1,1,3
"(6561114829, 1171724116, 0)",2026-06-02,1,0,10,0,0,1
"(1381026352, 1381026372, 0)",2026-05-24,6,0,22,0,0,2
"(1330170962, 1330171205, 0)",2026-07-18,5,1,20,0,0,6
"(2988813045, 1371671494, 0)",2026-07-04,5,1,19,0,0,4
"(6631178703, 1329434274, 0)",2026-07-02,3,0,12,0,0,3
"(7432166402, 7432166403, 0)",2026-05-10,6,0,10,0,0,1
"(719869622, 719869612, 0)",2026-06-16,1,0,10,0,0,1
"(6552362569, 6552362570, 0)",2026-05-18,0,0,6,0,0,3
"(1341718877, 1344168014, 0)",2026-07-29,2,0,21,2,0,5
"(1179694693, 5761922487, 0)",2026-07-11,5,1,22,0,0,6
"(1186524341, 1186524464, 0)",2026-06-26,4,1,15,1,1,3
"(6569018819, 1380541980, 0)",2026-06-20,5,1,19,1,0,6
"(1331244754, 1331244877, 0)",2026-06-11,3,0,18,1,0,3
"(1175877023, 5755845306, 0)",2026-07-25,5,1,6,0,0,3
"(6598691631, 6596790435, 0)",2026-07-17,4,1,7,0,1,1
"(2988698289, 2988700223, 0)",2026-07-06,0,0,9,0,1,8
"(3467985851, 1184975449, 0)",2026-07-01,2,0,22,0,0,3
"(1174066989, 1174446923, 0)",2026-05-07,3,0,12,0,0,1
"(13980225467, 13980225457, 0)",2026-06-01,0,0,22,0,0,3
"(1349527623, 1349527724, 0)",2026-07-29,2,0,15,2,1,9
"(1172905066, 1172905094, 0)",2026-07-24,4,1,19,0,0,5
"(1612356756, 3775034738, 0)",2026-07-14,1,0,17,0,0,3
"(1373281684, 1373281574, 0)",2026-07-22,2,0,20,0,0,1
"(1356460312, 1356460609, 0)",2026-05-09,5,1,23,0,0,1
"(6580964317, 1323345593, 0)",2026-06-27,5,1,16,2,1,5
"(6631173960, 6631708296, 0)",2026-05-16,5,1,12,0,0,2
"(1357399489, 1357399332, 0)",2026-06-01,0,0,12,0,0,2
"(1323895380, 1323895286, 0)",2026-06-19,4,1,9,0,1,1
"(6558050360, 6538858465, 0)",2026-05-18,0,0,22,0,0,2
"(1331244983, 1331245676, 0)",2026-05-24,6,0,7,0,1,8
"(6769163183, 6769186889, 0)",2026-07-08,2,0,16,0,1,7
"(7432166402, 7432166403, 0)",2026-06-09,1,0,10,0,0,1
"(1329345383, 1329345410, 0)",2026-05-05,1,0,6,1,0,1
"(6557737125, 6557737126, 0)",2026-07-19,6,0,17,0,0,1
"(1806914836, 1323345311, 0)",2026-07-04,5,1,23,0,0,2
"(1185026376, 1184942947, 0)",2026-07-15,2,0,16,0,1,7
"(1326941345, 1326941569, 0)",2026-06-10,2,0,15,0,1,5
"(6552362569, 6552362570, 0)",2026-06-11,3,0,9,1,1,8
"(6738766745, 1324570438, 0)",2026-05-24,6,0,18,0,0,1
"(6561114834, 1174066991, 0)",2026-06-12,4,1,9,1,1,3
"(11006104077, 11006104104, 0)",2026-05-17,6,0,21,0,0,3
"(1346639125, 6553140114, 0)",2026-06-24,2,0,12,1,0,3
"(1371538920, 1371538659, 0)",2026-07-15,2,0,7,0,1,7
"(9407387382, 1185579794, 0)",2026-05-13,2,0,21,0,0,2
"(1171157846, 1171157694, 0)",2026-06-11,3,0,9,1,1,7
"(1374245133, 1374245568, 0)",2026-06-03,2,0,22,0,0,1
"(1333236273, 1333236208, 0)",2026-06-02,1,0,18,0,0,1
"(1370583961, 1370584066, 0)",2026-07-17,4,1,13,0,0,3
"(5754489564, 1175374600, 0)",2026-07-28,1,0,17,0,0,3
"(1326063002, 1326063009, 0)",2026-05-03,6,0,12,2,0,6
"(1361117236, 1361117275, 0)",2026-07-01,2,0,11,0,0,2
"(331561175, 6600683484, 0)",2026-06-22,0,0,14,0,1,7
"(1381026405, 1381026406, 0)",2026-05-27,2,0,17,0,0,2
"(1374279617, 6584639024, 0)",2026-07-15,2,0,15,0,1,6
"(1341987090, 1342945811, 0)",2026-05-05,1,0,8,1,1,5
"(1334047127, 1364900534, 0)",2026-07-27,0,0,18,0,0,1
"(1373281684, 1373281574, 0)",2026-05-01,4,1,17,1,0,3
"(6547969023, 5761923677, 0)",2026-05-19,1,0,9,0,1,8
"(6547182834, 6547182832, 0)",2026-05-03,6,0,17,2,0,5
"(6735485653, 392257875, 0)",2026-06-21,6,0,6,0,0,1
"(1325840095, 1325839862, 0)",2026-05-27,2,0,21,0,0,1
"(1347137271, 1347137638, 0)",2026-05-23,5,1,21,0,0,5
"(1330171637, 1330170399, 0)",2026-07-16,3,0,10,1,0,2
"(1356917776, 1356920642, 0)",2026-07-29,2,0,20,2,0,3
"(6606955214, 6607646372, 0)",2026-07-15,2,0,19,0,0,2
"(6669853392, 6670102510, 0)",2026-05-03,6,0,14,2,1,10
"(1332669734, 6627933395, 0)",2026-06-10,2,0,10,0,0,1
"(1172905009, 1172904968, 0)",2026-06-17,2,0,8,0,1,7
"(1332669891, 6628697084, 0)",2026-06-02,1,0,9,0,1,7
"(1174524649, 6754562258, 0)",2026-07-20,0,0,12,1,0,2
"(2988815667, 1366378749, 0)",2026-07-18,5,1,16,0,1,3
"(6630780297, 6636019481, 0)",2026-05-10,6,0,12,0,0,2
"(2988909845, 2988913654, 0)",2026-07-01,2,0,14,0,1,8
"(6304273976, 6546822438, 0)",2026-06-02,1,0,10,0,0,1
"(1347137658, 6540243378, 0)",2026-05-08,4,1,9,1,1,3
"(1322981515, 5759060158, 0)",2026-05-22,4,1,7,1,1,3
"(6769163183, 6769186889, 0)",2026-05-12,1,0,8,1,1,7
"(1359003946, 1359004437, 0)",2026-06-27,5,1,15,2,1,5
"(1356917776, 1356920642, 0)",2026-07-13,0,0,6,0,0,2
"(1171724079, 1175374597, 0)",2026-07-25,5,1,23,0,0,3
"(6772044486, 6772029084, 0)",2026-05-19,1,0,23,0,0,2
"(1380541785, 1380541789, 0)",2026-07-22,2,0,22,0,0,1
"(1352193870, 1352193896, 0)",2026-05-20,2,0,18,0,0,3
"(1330400137, 6629198642, 0)",2026-05-03,6,0,10,2,0,6
"(1349527700, 1349527603, 0)",2026-06-09,1,0,18,0,0,1
"(1381026313, 6570667566, 0)",2026-06-13,5,1,18,0,0,1
"(1332724605, 6769856178, 0)",2026-05-21,3,0,13,0,0,3
"(6581279487, 6581279486, 0)",2026-06-02,1,0,21,0,0,3
"(6628867004, 6628867044, 0)",2026-06-29,0,0,16,0,1,9
"(6547969023, 5761923677, 0)",2026-06-20,5,1,15,1,1,2
"(1324373626, 1324373548, 0)",2026-05-31,6,0,8,1,1,7
"(1328078896, 724730812, 0)",2026-07-04,5,1,6,0,0,1
"(1175160040, 1175161081, 0)",2026-06-30,1,0,17,0,0,1
"(1175876849, 1175876791, 0)",2026-07-27,0,0,23,0,0,1
"(1352194048, 6933986339, 0)",2026-06-26,4,1,8,1,1,1
"(3111984079, 9366943157, 0)",2026-07-21,1,0,8,1,1,9
"(1323895307, 1323895309, 0)",2026-06-26,4,1,10,1,0,1
"(1329345383, 1329345410, 0)",2026-06-24,2,0,7,1,1,6
"(6622549169, 6304487990, 0)",2026-06-16,1,0,22,0,0,1
"(1329345260, 1329345231, 0)",2026-06-02,1,0,19,0,0,3
"(1175375033, 1175375993, 0)",2026-06-20,5,1,16,1,1,1
"(6769163183, 6769186889, 0)",2026-05-04,0,0,15,0,1,7
"(6548212725, 6548212716, 0)",2026-07-25,5,1,18,0,0,3
"(1349527700, 1349527603, 0)",2026-05-08,4,1,11,1,0,2
"(6772044502, 1394212414, 0)",2026-07-21,1,0,11,1,0,2
"(9407387382, 1185579794, 0)",2026-06-27,5,1,9,2,1,4
"(6304487276, 1322981701, 0)",2026-06-23,1,0,11,0,0,1
"(1332669891, 6628697084, 0)",2026-07-07,1,0,14,0,1,8
"(1329345245, 1327186582, 0)",2026-06-11,3,0,17,1,0,3
"(1356520047, 6615870733, 0)",2026-07-12,6,0,10,0,0,2
"(1343821189, 1343821154, 0)",2026-07-21,1,0,23,1,0,2
"(6588463555, 6588463654, 0)",2026-05-25,0,0,23,0,0,1
"(1396443192, 6771620989, 0)",2026-06-04,3,0,22,0,0,1
"(1331244983, 1331245676, 0)",2026-06-28,6,0,19,1,0,3
"(6543952951, 6543952960, 0)",2026-06-08,0,0,17,1,0,1
"(1324181494, 6622601720, 0)",2026-05-22,4,1,12,1,0,2
"(1374435979, 1364174412, 0)",2026-05-18,0,0,16,0,1,5
"(1324373626, 1324373548, 0)",2026-07-11,5,1,18,0,0,3
"(6583043108, 1331082612, 0)",2026-06-06,5,1,16,0,1,2
"(1323345470, 1323345442, 0)",2026-05-18,0,0,22,0,0,1
"(1379372187, 6569961687, 0)",2026-06-28,6,0,12,1,0,1
"(1175877787, 1176476706, 0)",2026-06-03,2,0,21,0,0,3
"(13037817967, 13037817968, 0)",2026-06-15,0,0,14,0,1,6
"(1324408803, 1324408994, 0)",2026-06-01,0,0,8,0,1,7
"(1372020716, 1372021151, 0)",2026-05-17,6,0,17,0,0,2
"(1171157754, 1171157949, 0)",2026-05-09,5,1,18,0,0,3
"(6630522679, 6630522676, 0)",2026-05-10,6,0,14,0,1,8
"(6637789301, 6637789305, 0)",2026-07-20,0,0,17,1,0,1
"(6629184675, 1324373501, 0)",2026-05-20,2,0,15,0,1,8
"(1323895307, 1323895309, 0)",2026-05-28,3,0,7,1,1,7
"(1324181418, 6545381135, 0)",2026-07-27,0,0,10,0,0,2
"(6598348640, 6598161400, 0)",2026-07-17,4,1,21,0,0,6
"(1331082569, 6749667095, 0)",2026-05-30,5,1,9,0,1,2
"(5903235296, 1346639012, 0)",2026-06-17,2,0,19,0,0,3
"(1323345690, 1323345352, 0)",2026-07-18,5,1,20,0,0,6
"(6542333972, 6543093285, 0)",2026-07-17,4,1,23,0,0,3
"(6576721831, 3250738467, 0)",2026-07-13,0,0,6,0,0,1
"(1329345222, 1327186562, 0)",2026-07-27,0,0,13,0,0,1
"(1371671327, 1371671454, 0)",2026-05-17,6,0,11,0,0,1
"(1379368400, 1379368402, 0)",2026-05-14,3,0,15,0,1,7
"(1347137619, 1347137659, 0)",2026-05-31,6,0,14,1,1,8
"(6561114829, 1171724116, 0)",2026-06-12,4,1,23,1,0,3
"(1324408890, 1324408701, 0)",2026-05-22,4,1,7,1,1,2
"(13087366601, 1329433896, 0)",2026-05-01,4,1,8,1,1,1
"(1361117241, 1361117586, 0)",2026-06-05,4,1,10,0,0,1
"(1349779720, 1356919050, 0)",2026-06-04,3,0,19,0,0,2
"(1323672609, 1323672760, 0)",2026-07-25,5,1,14,0,1,1
"(1366234557, 6547766243, 0)",2026-05-09,5,1,22,0,0,6
"(6556485466, 1341718740, 0)",2026-05-22,4,1,16,1,1,1
"(1361117556, 1361117294, 0)",2026-05-13,2,0,22,0,0,1
"(1346847673, 1346779125, 0)",2026-06-17,2,0,16,0,1,7
"(1361117264, 1361117334, 0)",2026-05-09,5,1,6,0,0,3
"(1352193870, 1352193896, 0)",2026-06-24,2,0,8,1,1,5
"(1330537648, 6554845384, 0)",2026-07-12,6,0,21,0,0,2
"(1350752677, 1350752992, 0)",2026-06-30,1,0,17,0,0,1
"(1357216546, 1357216432, 0)",2026-05-31,6,0,17,1,0,1
"(1371956399, 1371956539, 0)",2026-07-16,3,0,23,1,0,3
"(1332669734, 6627933395, 0)",2026-05-08,4,1,14,1,1,2
"(1364900603, 1364900434, 0)",2026-06-11,3,0,17,1,0,1
"(1361117236, 1361117275, 0)",2026-06-06,5,1,12,0,0,3
"(1323345861, 1323345984, 0)",2026-05-12,1,0,19,1,0,2
"(1363883359, 1363882222, 0)",2026-06-06,5,1,22,0,0,7
"(6553621910, 1341691134, 0)",2026-06-01,0,0,14,0,1,7
"(1334014231, 6754562268, 0)",2026-05-12,1,0,8,1,1,7
"(1346611894, 1346612802, 0)",2026-07-15,2,0,23,0,0,2
"(1347137629, 1347137196, 0)",2026-06-11,3,0,18,1,0,2
"(8278633101, 6558106796, 0)",2026-06-11,3,0,18,1,0,2
"(1329637961, 1329637914, 0)",2026-06-19,4,1,10,0,0,2
"(1355636386, 1355636743, 0)",2026-06-25,3,0,22,0,0,3
"(6553484552, 1364174103, 0)",2026-06-07,6,0,14,0,1,8
"(6583043108, 1331082612, 0)",2026-05-02,5,1,9,0,1,1
"(2988698289, 2988700223, 0)",2026-06-21,6,0,8,0,1,7
"(1174066989, 1174446923, 0)",2026-06-11,3,0,23,1,0,1
"(1327186259, 1327186566, 0)",2026-07-13,0,0,15,0,1,5
"(1333236267, 6640086937, 0)",2026-05-10,6,0,14,0,1,9
"(3676305214, 3676304507, 0)",2026-07-22,2,0,13,0,0,2
"(6546989131, 1330820209, 0)",2026-07-07,1,0,12,0,0,3
"(6769163183, 6769186889, 0)",2026-05-10,6,0,9,0,1,7
"(1370526769, 1370526928, 0)",2026-06-23,1,0,23,0,0,1
"(1326941595, 1326941528, 0)",2026-05-28,3,0,16,1,1,6
"(5765103561, 6559093393, 0)",2026-05-03,6,0,20,2,0,5
"(6547573862, 6547573873, 0)",2026-05-28,3,0,18,1,0,3
"(1363882222, 1363883477, 0)",2026-06-04,3,0,10,0,0,1
"(1347569499, 1347410129, 0)",2026-05-09,5,1,20,0,0,7
"(6541873169, 6541873170, 0)",2026-06-05,4,1,10,0,0,2
"(1612356756, 3775034738, 0)",2026-06-10,2,0,6,0,0,1
"(1178236865, 1178236463, 0)",2026-07-01,2,0,19,0,0,2
"(1324408890, 1324408701, 0)",2026-06-29,0,0,21,0,0,3
"(1331613509, 1331613269, 0)",2026-05-28,3,0,20,1,0,3
"(7432166402, 7432166403, 0)",2026-05-30,5,1,11,0,0,1
"(1331244983, 1331245676, 0)",2026-05-12,1,0,16,1,1,7
"(6631172448, 1324408982, 0)",2026-06-18,3,0,12,0,0,3
"(6598348640, 6598161400, 0)",2026-05-28,3,0,16,1,1,7
"(1612356756, 3775034738, 0)",2026-07-19,6,0,23,0,0,1
"(3676443887, 3676443901, 0)",2026-07-15,2,0,19,0,0,2
"(1330170196, 1330171107, 0)",2026-06-11,3,0,7,1,1,5
"(1332669891, 6628697084, 0)",2026-05-04,0,0,15,0,1,6
"(1806914836, 1323345311, 0)",2026-07-07,1,0,11,0,0,2
"(1344168240, 266215378, 0)",2026-05-12,1,0,10,1,0,3
"(6541873169, 6541873170, 0)",2026-07-29,2,0,19,2,0,6
"(1325840066, 6296868940, 0)",2026-05-01,4,1,9,1,1,3
"(1360982415, 1804724846, 0)",2026-07-01,2,0,10,0,0,3
"(6588463555, 6588463654, 0)",2026-05-02,5,1,14,0,1,2
"(1184065354, 1184065309, 0)",2026-05-21,3,0,21,0,0,2
"(6598348640, 6598161400, 0)",2026-05-22,4,1,17,1,0,3
"(1171157846, 1171157694, 0)",2026-06-14,6,0,23,0,0,1
"(1324181534, 1324181481, 0)",2026-06-24,2,0,21,1,0,1
"(1346639125, 6553140114, 0)",2026-06-12,4,1,19,1,0,6
"(1323698491, 1323698546, 0)",2026-07-18,5,1,13,0,0,1
"(1184780197, 1184780190, 0)",2026-05-22,4,1,15,1,1,3
"(6769902214, 1379368792, 0)",2026-06-11,3,0,18,1,0,2
"(6610375755, 6738772299, 0)",2026-06-09,1,0,8,0,1,7
"(1374245946, 1374246188, 0)",2026-06-23,1,0,8,0,1,8
"(1171186911, 1171186934, 0)",2026-06-22,0,0,11,0,0,3
"(1327149840, 1327149966, 0)",2026-05-13,2,0,23,0,0,2
"(1350774257, 1350774330, 0)",2026-07-19,6,0,20,0,0,1
"(6547182834, 6547182832, 0)",2026-05-07,3,0,20,0,0,3
"(1322981366, 12539090832, 0)",2026-05-23,5,1,9,0,1,1
"(6548212725, 6548212716, 0)",2026-06-01,0,0,12,0,0,1
"(1393170581, 1393416370, 0)",2026-07-21,1,0,22,1,0,1
"(1330400137, 6629198642, 0)",2026-07-13,0,0,15,0,1,8
"(6757013374, 6757013360, 0)",2026-05-14,3,0,14,0,1,7
"(6554445243, 11929623151, 0)",2026-07-19,6,0,22,0,0,2
"(1175876849, 1175876791, 0)",2026-07-01,2,0,17,0,0,2
"(1342637342, 1342637240, 0)",2026-07-26,6,0,8,2,1,8
"(1364900835, 719869622, 0)",2026-05-09,5,1,19,0,0,7
"(1323895307, 1323895309, 0)",2026-07-10,4,1,22,2,0,9
"(1346778840, 1346779524, 0)",2026-07-19,6,0,21,0,0,1
"(1329345245, 1327186582, 0)",2026-06-21,6,0,19,0,0,2
"(1371538688, 1371538805, 0)",2026-05-18,0,0,20,0,0,2
"(12293292105, 12293228200, 0)",2026-06-06,5,1,21,0,0,5
"(2988673881, 2988674192, 0)",2026-07-20,0,0,11,1,0,1
"(6637789301, 6637789305, 0)",2026-06-05,4,1,7,0,1,2
"(6557825399, 1175373862, 0)",2026-06-28,6,0,17,1,0,1
"(1324181560, 1324181166, 0)",2026-05-29,4,1,10,0,0,1
"(1323895307, 1323895309, 0)",2026-07-03,4,1,7,0,1,1
"(1323430562, 5758954840, 0)",2026-07-14,1,0,6,0,0,3
"(5755970972, 5755970962, 0)",2026-05-31,6,0,16,1,1,7
"(1396425564, 6618274974, 0)",2026-05-19,1,0,9,0,1,7
"(1322981366, 12539090832, 0)",2026-07-20,0,0,17,1,0,3
"(6554445243, 11929623151, 0)",2026-07-19,6,0,6,0,0,3
"(1175877023, 5755845306, 0)",2026-07-26,6,0,22,2,0,5
"(6580964317, 1323345593, 0)",2026-07-10,4,1,9,2,1,5
"(1323345650, 1323345329, 0)",2026-05-30,5,1,20,0,0,7
"(6757354948, 1332017603, 0)",2026-06-17,2,0,17,0,0,3
"(6559065353, 6559065355, 0)",2026-05-04,0,0,6,0,0,2
"(1175877701, 1175876747, 0)",2026-05-29,4,1,16,0,1,3
"(1364900682, 6542236950, 0)",2026-06-27,5,1,6,2,0,5
"(1347293015, 1347293062, 0)",2026-06-02,1,0,13,0,0,3
"(6604359199, 6582026236, 0)",2026-05-18,0,0,10,0,0,1
"(6554445243, 11929623151, 0)",2026-07-25,5,1,23,0,0,3
"(6620749493, 6620749498, 0)",2026-07-10,4,1,17,2,0,3
"(1380541785, 1380541789, 0)",2026-06-07,6,0,17,0,0,1
"(6757354948, 1332017603, 0)",2026-06-08,0,0,21,1,0,3
"(1175375033, 1175375993, 0)",2026-07-16,3,0,19,1,0,1
"(6559065353, 6559065355, 0)",2026-06-05,4,1,19,0,0,4
"(1324570350, 6589563017, 0)",2026-07-24,4,1,13,0,0,3
"(6624547071, 6624573186, 0)",2026-05-07,3,0,22,0,0,3
"(1323430562, 5758954840, 0)",2026-05-03,6,0,12,2,0,6
"(1371671327, 1371671454, 0)",2026-06-15,0,0,15,0,1,9
"(1174524594, 5754846394, 0)",2026-05-04,0,0,15,0,1,7
"(331561175, 6600683484, 0)",2026-06-11,3,0,9,1,1,7
"(6738710309, 6738506445, 0)",2026-07-27,0,0,23,0,0,3
"(1323345559, 1323345237, 0)",2026-05-18,0,0,17,0,0,3
"(1356520047, 6615870733, 0)",2026-06-03,2,0,17,0,0,1
"(12237200017, 1361117364, 0)",2026-05-23,5,1,13,0,0,3
"(6601590979, 6601533325, 0)",2026-06-06,5,1,15,0,1,3
"(1323345650, 1323345329, 0)",2026-07-28,1,0,11,0,0,3
"(11006104077, 11006104104, 0)",2026-07-08,2,0,18,0,0,2
"(1364900835, 719869622, 0)",2026-05-26,1,0,23,0,0,1
"(1323345470, 1323345442, 0)",2026-06-20,5,1,10,1,0,3
"(1184943115, 1185026255, 0)",2026-06-10,2,0,15,0,1,7
"(6591306604, 13980225453, 0)",2026-06-01,0,0,22,0,0,1
"(1371955805, 1371955991, 0)",2026-07-19,6,0,9,0,1,8
"(3676443887, 3676443901, 0)",2026-07-27,0,0,7,0,1,8
"(6561421802, 6561346682, 0)",2026-06-22,0,0,14,0,1,8
"(1330947296, 1330820257, 0)",2026-05-09,5,1,21,0,0,4
"(1184975499, 1185106853, 0)",2026-07-07,1,0,11,0,0,2
"(1356918579, 1356919507, 0)",2026-05-06,2,0,9,0,1,8
"(1329698748, 1329698691, 0)",2026-05-01,4,1,11,1,0,1
"(1184065354, 1184065309, 0)",2026-06-05,4,1,12,0,0,3
"(1374245565, 1374245525, 0)",2026-06-04,3,0,7,0,1,6
"(1179694975, 1179694218, 0)",2026-07-17,4,1,20,0,0,7
"(1171724079, 1175374597, 0)",2026-07-22,2,0,21,0,0,2
"(1324408906, 1324408750, 0)",2026-06-25,3,0,23,0,0,2
"(3111984079, 9366943157, 0)",2026-06-14,6,0,6,0,0,1
"(1346847201, 1346156985, 0)",2026-06-13,5,1,8,0,1,1
"(1175375216, 1175373700, 0)",2026-06-18,3,0,19,0,0,1
"(1175876731, 1175878154, 0)",2026-06-28,6,0,7,1,1,7
"(6542995199, 1361117830, 0)",2026-07-04,5,1,7,0,1,2
"(1324408890, 1324408701, 0)",2026-05-19,1,0,6,0,0,3
"(1175375033, 1175375993, 0)",2026-07-07,1,0,11,0,0,3
"(6583043108, 1331082612, 0)",2026-07-26,6,0,16,2,1,9
"(1322981366, 12539090832, 0)",2026-06-03,2,0,6,0,0,2
"(1341691045, 6545091979, 0)",2026-07-19,6,0,10,0,0,2
"(6769163183, 6769186889, 0)",2026-06-13,5,1,10,0,0,1
"(1325840066, 6296868940, 0)",2026-05-10,6,0,6,0,0,1
"(6553484552, 1364174103, 0)",2026-05-20,2,0,14,0,1,6
"(2988909845, 2988913654, 0)",2026-06-02,1,0,20,0,0,2
"(7432166402, 7432166403, 0)",2026-05-22,4,1,11,1,0,1
"(1329345222, 1327186562, 0)",2026-05-21,3,0,12,0,0,2
"(1357216546, 1357216432, 0)",2026-05-21,3,0,12,0,0,3
"(1171157754, 1171157949, 0)",2026-05-08,4,1,22,1,0,5
"(1172905009, 1172904968, 0)",2026-07-04,5,1,18,0,0,2
"(1349780764, 1370526533, 0)",2026-07-12,6,0,23,0,0,2
"(1393170581, 1393416370, 0)",2026-05-24,6,0,17,0,0,2
"(1370526566, 1370526639, 0)",2026-06-18,3,0,14,0,1,7
"(1332669734, 6627933395, 0)",2026-06-25,3,0,13,0,0,1
"(1363883359, 1363882222, 0)",2026-06-13,5,1,16,0,1,3
"(6604359199, 6582026236, 0)",2026-06-19,4,1,20,0,0,4
"(1178236865, 1178236463, 0)",2026-05-16,5,1,22,0,0,7
"(1347137399, 1347137564, 0)",2026-05-09,5,1,20,0,0,6
"(1330537648, 6554845384, 0)",2026-05-10,6,0,8,0,1,7
"(1374279064, 1374279335, 0)",2026-05-30,5,1,17,0,0,1
"(1371544145, 1371544159, 0)",2026-07-17,4,1,14,0,1,1
"(1332724217, 1332724480, 0)",2026-05-20,2,0,23,0,0,1
"(1354129491, 1354129442, 0)",2026-05-26,1,0,6,0,0,1
"(1357216546, 1357216432, 0)",2026-07-20,0,0,6,1,0,3
"(6598726196, 6596766163, 0)",2026-07-28,1,0,12,0,0,1
"(1352193762, 1352193549, 0)",2026-07-02,3,0,13,0,0,2
"(1174524594, 5754846394, 0)",2026-07-15,2,0,8,0,1,9
"(1354129491, 1354129442, 0)",2026-05-09,5,1,9,0,1,2
"(1323345861, 1323345984, 0)",2026-05-21,3,0,18,0,0,1
"(6553252033, 1184975571, 0)",2026-07-11,5,1,8,0,1,3
"(6553429911, 1180288829, 0)",2026-07-28,1,0,13,0,0,1
"(1354862489, 1354862557, 0)",2026-06-09,1,0,20,0,0,1
"(1379368400, 1379368402, 0)",2026-05-18,0,0,8,0,1,7
"(1396425564, 6618274974, 0)",2026-06-17,2,0,14,0,1,7
"(1326941345, 1326941569, 0)",2026-07-16,3,0,14,1,1,5
"(6542333972, 6543093285, 0)",2026-07-13,0,0,20,0,0,3
"(1179694693, 5761922487, 0)",2026-06-21,6,0,17,0,0,1
"(1323345559, 1323345237, 0)",2026-07-22,2,0,9,0,1,6
"(6588133470, 721619009, 0)",2026-07-02,3,0,22,0,0,3
"(6548212725, 6548212716, 0)",2026-07-24,4,1,20,0,0,8
"(6541505710, 1346779273, 0)",2026-05-23,5,1,23,0,0,3
"(1323345669, 1323345355, 0)",2026-06-25,3,0,12,0,0,1
"(1174525096, 1174524924, 0)",2026-06-28,6,0,23,1,0,1
"(1346847673, 1346779125, 0)",2026-06-01,0,0,14,0,1,9
"(6640233021, 6640233022, 0)",2026-07-16,3,0,19,1,0,3
"(6600730979, 1418728240, 0)",2026-05-31,6,0,10,1,0,2
"(1371538688, 1371538805, 0)",2026-06-04,3,0,19,0,0,1
"(1371671621, 1371671088, 0)",2026-06-16,1,0,18,0,0,1
"(1324181494, 6622601720, 0)",2026-05-07,3,0,19,0,0,1
"(1334047185, 1334047322, 0)",2026-06-07,6,0,21,0,0,3
"(1334047185, 1334047322, 0)",2026-07-28,1,0,11,0,0,1
"(7362442903, 1333236256, 0)",2026-07-18,5,1,13,0,0,3
"(6637789301, 6637789305, 0)",2026-07-07,1,0,10,0,0,2
"(1395429860, 1395429882, 0)",2026-07-16,3,0,14,1,1,8
"(6552417220, 6559364630, 0)",2026-07-16,3,0,7,1,1,9
"(1364829713, 6544339896, 0)",2026-06-30,1,0,10,0,0,1
"(1379368400, 1379368402, 0)",2026-07-29,2,0,17,2,0,4
"(6557825399, 1175373862, 0)",2026-06-11,3,0,7,1,1,9
"(6588574721, 6588574723, 0)",2026-07-29,2,0,10,2,0,6
"(1381026313, 6570667566, 0)",2026-07-24,4,1,10,0,0,2
"(7432166402, 7432166403, 0)",2026-05-31,6,0,15,1,1,6
"(5756734424, 5756734434, 0)",2026-07-19,6,0,21,0,0,3
"(1367529816, 1367529601, 0)",2026-06-30,1,0,21,0,0,2
"(6553484552, 1364174103, 0)",2026-05-25,0,0,8,0,1,6
"(1346157096, 6557798743, 0)",2026-05-01,4,1,8,1,1,3
"(6543100400, 1174966893, 0)",2026-06-07,6,0,19,0,0,1
"(719870150, 719870151, 0)",2026-06-08,0,0,10,1,0,2
"(6556986422, 5766243919, 0)",2026-06-19,4,1,18,0,0,2
"(1323345183, 6552242977, 0)",2026-06-15,0,0,13,0,0,1
"(5903235296, 1346639012, 0)",2026-06-24,2,0,12,1,0,3
"(1373281684, 1373281574, 0)",2026-05-10,6,0,20,0,0,3
"(6628867004, 6628867044, 0)",2026-07-28,1,0,18,0,0,2
"(1379368400, 1379368402, 0)",2026-06-01,0,0,12,0,0,1
"(1356243636, 1356243715, 0)",2026-07-04,5,1,22,0,0,7
"(1374129773, 1374129642, 0)",2026-05-30,5,1,23,0,0,3
"(1184943115, 1185026255, 0)",2026-06-01,0,0,19,0,0,1
"(1371671621, 1371671088, 0)",2026-06-24,2,0,22,1,0,1
"(1184780197, 1184780190, 0)",2026-06-19,4,1,12,0,0,2
"(1171157754, 1171157949, 0)",2026-05-09,5,1,6,0,0,2
"(6553429911, 1180288829, 0)",2026-06-14,6,0,13,0,0,2
"(6543100400, 1174966893, 0)",2026-05-25,0,0,21,0,0,3
"(6598348640, 6598161400, 0)",2026-05-27,2,0,8,0,1,6
"(6570316836, 1327150065, 0)",2026-06-16,1,0,14,0,1,8
"(1175876849, 1175876791, 0)",2026-07-03,4,1,22,0,0,5
"(1344168240, 266215378, 0)",2026-07-28,1,0,22,0,0,3
"(331561175, 6600683484, 0)",2026-05-25,0,0,20,0,0,3
"(1374279176, 1374279464, 0)",2026-06-28,6,0,7,1,1,6
"(1374129709, 6631219361, 0)",2026-07-19,6,0,6,0,0,3
"(1324181494, 6622601720, 0)",2026-05-16,5,1,22,0,0,5
"(2988915683, 6552088459, 0)",2026-05-20,2,0,23,0,0,3
"(6624547071, 6624573186, 0)",2026-07-18,5,1,23,0,0,3
"(1179694693, 5761922487, 0)",2026-07-13,0,0,7,0,1,8
"(1346639125, 6553140114, 0)",2026-05-25,0,0,20,0,0,2
"(1363882222, 1363883477, 0)",2026-07-05,6,0,8,0,1,5
"(1350029522, 1350029611, 0)",2026-07-03,4,1,16,0,1,2
"(6547969023, 5761923677, 0)",2026-06-10,2,0,13,0,0,2
"(6631178703, 1329434274, 0)",2026-06-20,5,1,12,1,0,2
"(1331244983, 1331245676, 0)",2026-05-15,4,1,7,1,1,1
"(6637789301, 6637789305, 0)",2026-07-10,4,1,14,2,1,4
"(1346612860, 1346612090, 0)",2026-07-05,6,0,11,0,0,3
"(6557737125, 6557737126, 0)",2026-05-13,2,0,20,0,0,2
"(7362442903, 1333236256, 0)",2026-06-17,2,0,20,0,0,1
"(6577216619, 1367530046, 0)",2026-07-06,0,0,16,0,1,8
"(1330171400, 1329345386, 0)",2026-05-29,4,1,17,0,0,2
"(3676443887, 3676443901, 0)",2026-07-27,0,0,9,0,1,5
"(1330400137, 6629198642, 0)",2026-05-09,5,1,23,0,0,1
"(6557825399, 1175373862, 0)",2026-05-10,6,0,11,0,0,2
"(6623059680, 6623059676, 0)",2026-06-29,0,0,6,0,0,1
"(1330400137, 6629198642, 0)",2026-07-29,2,0,10,2,0,6
"(1186889099, 1186546606, 0)",2026-06-22,0,0,12,0,0,3
"(6610375755, 6738772299, 0)",2026-06-03,2,0,17,0,0,2
"(1396425558, 1396425569, 0)",2026-06-03,2,0,14,0,1,9
"(1374436669, 1374435956, 0)",2026-06-12,4,1,10,1,0,1
"(6544627086, 6544627091, 0)",2026-05-21,3,0,23,0,0,3
"(6630780297, 6636019481, 0)",2026-07-17,4,1,6,0,0,3
"(1396443192, 6771620989, 0)",2026-07-10,4,1,12,2,0,4
"(6304273976, 6546822438, 0)",2026-05-27,2,0,20,0,0,3
"(1366234574, 1366234660, 0)",2026-06-05,4,1,10,0,0,1
"(1355636386, 1355636743, 0)",2026-06-12,4,1,12,1,0,3
"(1174066989, 1174446923, 0)",2026-06-14,6,0,22,0,0,1
"(1347409972, 6530844087, 0)",2026-05-17,6,0,14,0,1,6
"(1332669734, 6627933395, 0)",2026-07-19,6,0,6,0,0,1
"(1179694693, 5761922487, 0)",2026-05-06,2,0,18,0,0,2
"(6561114829, 1171724116, 0)",2026-06-08,0,0,9,1,1,9
"(6601590979, 6601533325, 0)",2026-07-18,5,1,6,0,0,2
"(6541505710, 1346779273, 0)",2026-06-10,2,0,6,0,0,3
"(1374245437, 1374245314, 0)",2026-05-12,1,0,6,1,0,2
"(6606955214, 6607646372, 0)",2026-07-19,6,0,20,0,0,2
"(1184780197, 1184780190, 0)",2026-06-09,1,0,22,0,0,1
"(1343821200, 1343821239, 0)",2026-06-16,1,0,9,0,1,6
"(1329637995, 6576900738, 0)",2026-05-29,4,1,12,0,0,1
"(1174446973, 1174066983, 0)",2026-06-24,2,0,10,1,0,1
"(6572664808, 6304571031, 0)",2026-05-10,6,0,17,0,0,1
"(1330170962, 1330171205, 0)",2026-05-21,3,0,8,0,1,9
"(1371956302, 1371956554, 0)",2026-05-23,5,1,6,0,0,3
"(1173885682, 6552332791, 0)",2026-06-02,1,0,7,0,1,6
"(1184065354, 1184065309, 0)",2026-05-22,4,1,16,1,1,2
"(1325840095, 1325839862, 0)",2026-07-05,6,0,18,0,0,2
"(13980225467, 13980225457, 0)",2026-06-26,4,1,20,1,0,6
"(1371538920, 1371538659, 0)",2026-06-02,1,0,18,0,0,1
"(1324181494, 6622601720, 0)",2026-05-05,1,0,8,1,1,8
"(1381026545, 1381026531, 0)",2026-06-25,3,0,8,0,1,7
"(7456067127, 1356940127, 0)",2026-07-19,6,0,18,0,0,1
"(1347137619, 1347137659, 0)",2026-05-27,2,0,17,0,0,2
"(1341691045, 6545091979, 0)",2026-05-13,2,0,18,0,0,1
"(1350752656, 6602350580, 0)",2026-07-23,3,0,16,2,1,7
"(1178236865, 1178236463, 0)",2026-06-27,5,1,19,2,0,10
"(1356519875, 6769076215, 0)",2026-06-16,1,0,13,0,0,1
"(6769902214, 1379368792, 0)",2026-07-08,2,0,6,0,0,3
"(1364829676, 1364829247, 0)",2026-07-09,3,0,13,0,0,2
"(1348960214, 1348960243, 0)",2026-06-14,6,0,9,0,1,7
"(6630780297, 6636019481, 0)",2026-06-19,4,1,22,0,0,6
"(1371955805, 1371955991, 0)",2026-05-06,2,0,22,0,0,2
"(6543952951, 6543952960, 0)",2026-06-20,5,1,15,1,1,1
"(1374245133, 1374245568, 0)",2026-06-03,2,0,11,0,0,1
"(6577216619, 1367530046, 0)",2026-06-11,3,0,22,1,0,3
"(6296893347, 6296893346, 0)",2026-06-10,2,0,9,0,1,8
"(6631172448, 1324408982, 0)",2026-05-26,1,0,18,0,0,2
"(1352193762, 1352193549, 0)",2026-06-10,2,0,18,0,0,1
"(6746280124, 6618274870, 0)",2026-06-14,6,0,6,0,0,2
"(6772044486, 6772029084, 0)",2026-07-10,4,1,9,2,1,4
"(1361117697, 1361117344, 0)",2026-05-16,5,1,8,0,1,1
"(6631178703, 1329434274, 0)",2026-07-25,5,1,12,0,0,2
"(1346847673, 1346779125, 0)",2026-05-02,5,1,14,0,1,2
"(6757354948, 1332017603, 0)",2026-05-07,3,0,18,0,0,2
"(6588463544, 6588463537, 0)",2026-06-30,1,0,9,0,1,7
"(1380541227, 1380541141, 0)",2026-07-03,4,1,18,0,0,2
"(1374436669, 1374435956, 0)",2026-07-26,6,0,18,2,0,6
"(1806914836, 1323345311, 0)",2026-07-14,1,0,6,0,0,2
"(6601590979, 6601533325, 0)",2026-06-13,5,1,20,0,0,7
"(3676305214, 3676304507, 0)",2026-05-22,4,1,11,1,0,2
"(6772044502, 1394212414, 0)",2026-06-15,0,0,8,0,1,7
"(1346613092, 1346612605, 0)",2026-05-23,5,1,19,0,0,8
"(1364829529, 1364829688, 0)",2026-05-14,3,0,20,0,0,2
"(6738766745, 1324570438, 0)",2026-06-16,1,0,8,0,1,5
"(6536439375, 6536588938, 0)",2026-06-06,5,1,10,0,0,3
"(1174524594, 5754846394, 0)",2026-06-01,0,0,15,0,1,7
"(1341691045, 6545091979, 0)",2026-06-24,2,0,10,1,0,2
"(6580977491, 1806914762, 0)",2026-07-19,6,0,18,0,0,2
"(1347569397, 1347569473, 0)",2026-05-27,2,0,12,0,0,1
"(9407387382, 1185579794, 0)",2026-07-11,5,1,17,0,0,2
"(5754411776, 331541812, 0)",2026-05-12,1,0,17,1,0,1
"(1175160040, 1175161081, 0)",2026-06-12,4,1,16,1,1,2
"(1380541242, 1380541236, 0)",2026-07-03,4,1,10,0,0,3
"(2988775567, 1374245347, 0)",2026-07-27,0,0,11,0,0,1
"(6541873169, 6541873170, 0)",2026-06-27,5,1,16,2,1,4
"(1331244655, 1331244362, 0)",2026-06-05,4,1,14,0,1,1
"(1324408803, 1324408994, 0)",2026-05-10,6,0,14,0,1,6
"(6630780297, 6636019481, 0)",2026-07-17,4,1,10,0,0,3
"(12202083138, 12202083141, 0)",2026-07-04,5,1,11,0,0,2
"(6777870488, 6777868266, 0)",2026-06-15,0,0,23,0,0,1
"(1327149840, 1327149966, 0)",2026-05-23,5,1,21,0,0,5
"(6547573862, 6547573873, 0)",2026-05-27,2,0,10,0,0,1
"(6640700587, 1349781203, 0)",2026-06-06,5,1,10,0,0,2
"(1347293046, 1347292957, 0)",2026-07-17,4,1,13,0,0,2
"(6757013374, 6757013360, 0)",2026-06-29,0,0,8,0,1,8
"(1323672567, 1323672729, 0)",2026-07-16,3,0,22,1,0,2
"(1349527700, 1349527603, 0)",2026-06-22,0,0,12,0,0,2
"(1323345690, 1323345352, 0)",2026-05-28,3,0,6,1,0,2
"(1368366511, 1368366365, 0)",2026-07-04,5,1,13,0,0,2
"(1343821200, 1343821239, 0)",2026-05-21,3,0,21,0,0,1
"(1343821184, 1343821263, 0)",2026-06-14,6,0,19,0,0,3
"(5754411776, 331541812, 0)",2026-06-07,6,0,18,0,0,1
"(1334303469, 1334303430, 0)",2026-05-07,3,0,20,0,0,3
"(6775165202, 6775165196, 0)",2026-07-11,5,1,12,0,0,3
"(1330171637, 1330170399, 0)",2026-06-24,2,0,8,1,1,5
"(1324181418, 6545381135, 0)",2026-07-01,2,0,22,0,0,3
"(6536439375, 6536588938, 0)",2026-05-03,6,0,12,2,0,5
"(9407471693, 6630522620, 0)",2026-07-02,3,0,19,0,0,3
"(6304273976, 6546822438, 0)",2026-05-27,2,0,21,0,0,1
"(1186889099, 1186546606, 0)",2026-05-25,0,0,7,0,1,8
"(6555924658, 6555791336, 0)",2026-07-01,2,0,12,0,0,1
"(6775370153, 6775370130, 0)",2026-05-08,4,1,14,1,1,3
"(1323345690, 1323345352, 0)",2026-07-20,0,0,16,1,1,7
"(1380076849, 1380076927, 0)",2026-07-08,2,0,18,0,0,2
"(1330171652, 6581353529, 0)",2026-05-31,6,0,14,1,1,9
"(1334047185, 1334047322, 0)",2026-05-01,4,1,9,1,1,1
"(1361117241, 1361117586, 0)",2026-05-05,1,0,7,1,1,5
"(1347137543, 1347137628, 0)",2026-05-20,2,0,15,0,1,8
"(1355636739, 1355636500, 0)",2026-05-31,6,0,6,1,0,2
"(1324181560, 1324181166, 0)",2026-06-25,3,0,19,0,0,3
"(331565003, 331565002, 0)",2026-05-07,3,0,7,0,1,8
"(1380541242, 1380541236, 0)",2026-05-29,4,1,13,0,0,3
"(1171157846, 1171157694, 0)",2026-05-18,0,0,21,0,0,2
"(1357216546, 1357216432, 0)",2026-05-27,2,0,19,0,0,3
"(1372020716, 1372021151, 0)",2026-06-06,5,1,6,0,0,1
"(3112549168, 3112549151, 0)",2026-05-23,5,1,16,0,1,3
"(6543942547, 6543919956, 0)",2026-06-18,3,0,9,0,1,6
"(5755970972, 5755970962, 0)",2026-06-25,3,0,21,0,0,3
"(2988698289, 2988700223, 0)",2026-05-26,1,0,9,0,1,7
"(1374245133, 1374245568, 0)",2026-05-02,5,1,20,0,0,5
"(6769902214, 1379368792, 0)",2026-06-20,5,1,7,1,1,3
"(1328079242, 1328078851, 0)",2026-07-02,3,0,17,0,0,2
"(1364829713, 6544339896, 0)",2026-07-07,1,0,13,0,0,1
"(2988813045, 1371671494, 0)",2026-06-11,3,0,15,1,1,7
"(6573704012, 6573704007, 0)",2026-07-03,4,1,17,0,0,1
"(1371671327, 1371671454, 0)",2026-07-22,2,0,14,0,1,7
"(6757013374, 6757013360, 0)",2026-05-09,5,1,21,0,0,4
"(1323345322, 1323345842, 0)",2026-06-10,2,0,21,0,0,1
"(6569975864, 6598107139, 0)",2026-06-13,5,1,6,0,0,3
"(1356520047, 6615870733, 0)",2026-05-09,5,1,9,0,1,1
"(5756734424, 5756734434, 0)",2026-05-23,5,1,17,0,0,3
"(1343821200, 1343821239, 0)",2026-07-17,4,1,17,0,0,1
"(1374436669, 1374435956, 0)",2026-05-16,5,1,12,0,0,3
"(1324181560, 1324181166, 0)",2026-06-24,2,0,14,1,1,8
"(1349780764, 1370526533, 0)",2026-05-14,3,0,10,0,0,1
"(1364829529, 1364829688, 0)",2026-05-12,1,0,9,1,1,5
"(1356519875, 6769076215, 0)",2026-06-13,5,1,22,0,0,5
"(1347137658, 6540243378, 0)",2026-05-06,2,0,23,0,0,2
"(6556485466, 1341718740, 0)",2026-07-02,3,0,20,0,0,2
"(6304273976, 6546822438, 0)",2026-05-25,0,0,10,0,0,2
"(721619073, 1334295727, 0)",2026-07-12,6,0,13,0,0,1
"(1329637961, 1329637914, 0)",2026-05-26,1,0,12,0,0,2
"(6542839673, 3676454416, 0)",2026-06-10,2,0,20,0,0,2
"(1334014231, 6754562268, 0)",2026-05-12,1,0,22,1,0,2
"(9407471693, 6630522620, 0)",2026-06-06,5,1,17,0,0,2
"(2988813045, 1371671494, 0)",2026-06-13,5,1,18,0,0,2
"(1357399489, 1357399332, 0)",2026-06-22,0,0,20,0,0,2
"(6558050360, 6538858465, 0)",2026-06-28,6,0,16,1,1,8
"(6588463544, 6588463537, 0)",2026-06-20,5,1,22,1,0,7
"(6631173960, 6631708296, 0)",2026-06-24,2,0,8,1,1,6
"(1364829676, 1364829247, 0)",2026-07-20,0,0,9,1,1,7
"(6624547084, 6624573185, 0)",2026-07-10,4,1,15,2,1,4
"(1357399489, 1357399332, 0)",2026-05-06,2,0,17,0,0,2
"(6584186546, 5760617328, 0)",2026-07-15,2,0,13,0,0,2
"(1323345650, 1323345329, 0)",2026-06-07,6,0,14,0,1,9
"(6586987099, 6586987098, 0)",2026-07-13,0,0,12,0,0,1
"(721619073, 1334295727, 0)",2026-06-26,4,1,22,1,0,4
"(1173885926, 6573897495, 0)",2026-06-12,4,1,22,1,0,4
"(13980225467, 13980225457, 0)",2026-06-09,1,0,11,0,0,2
"(1322981947, 1322981470, 0)",2026-05-23,5,1,7,0,1,3
"(1331244754, 1331244877, 0)",2026-06-20,5,1,18,1,0,2
"(6561421802, 6561346682, 0)",2026-06-23,1,0,16,0,1,6
"(1360982415, 1804724846, 0)",2026-05-31,6,0,13,1,0,3
"(1347293015, 1347293062, 0)",2026-07-13,0,0,15,0,1,6
"(6557376736, 3111984021, 0)",2026-05-09,5,1,10,0,0,3
"(6552983852, 1346639031, 0)",2026-05-01,4,1,19,1,0,8
"(6538590950, 6545048995, 0)",2026-05-05,1,0,16,1,1,8
"(1395429860, 1395429882, 0)",2026-07-05,6,0,6,0,0,2
"(6548147776, 6542110941, 0)",2026-07-21,1,0,10,1,0,2
"(1329345260, 1329345231, 0)",2026-07-12,6,0,22,0,0,3
"(1373281684, 1373281574, 0)",2026-06-10,2,0,14,0,1,7
"(12208471727, 12208928944, 0)",2026-06-11,3,0,18,1,0,1
"(1347293046, 1347292957, 0)",2026-05-15,4,1,14,1,1,3
"(1347137271, 1347137638, 0)",2026-05-19,1,0,10,0,0,3
"(2442418232, 1179694631, 0)",2026-07-09,3,0,16,0,1,7
"(1174525096, 1174524924, 0)",2026-06-07,6,0,18,0,0,2
"(6587228308, 5754433201, 0)",2026-06-28,6,0,17,1,0,2
"(1348960214, 1348960243, 0)",2026-07-12,6,0,9,0,1,6
"(2988813045, 1371671494, 0)",2026-07-07,1,0,22,0,0,1
"(6558050360, 6538858465, 0)",2026-05-29,4,1,21,0,0,6
"(1173885926, 6573897495, 0)",2026-07-16,3,0,14,1,1,9
"(2988815667, 1366378749, 0)",2026-07-21,1,0,10,1,0,1
"(1326941595, 1326941528, 0)",2026-06-10,2,0,15,0,1,5
"(1396443192, 6771620989, 0)",2026-06-18,3,0,6,0,0,2
"(1353114130, 1353114171, 0)",2026-07-09,3,0,10,0,0,1
"(1327149840, 1327149966, 0)",2026-07-15,2,0,10,0,0,1
"(6557825399, 1175373862, 0)",2026-06-15,0,0,7,0,1,6
"(6547426508, 5760614813, 0)",2026-05-08,4,1,20,1,0,6
"(1185026243, 1185026346, 0)",2026-06-01,0,0,21,0,0,1
"(1171157754, 1171157949, 0)",2026-05-08,4,1,12,1,0,3
"(1184065203, 1184065403, 0)",2026-07-25,5,1,7,0,1,3
"(6772044502, 1394212414, 0)",2026-07-09,3,0,20,0,0,1
"(721619180, 1380541148, 0)",2026-07-06,0,0,23,0,0,2
"(6601590979, 6601533325, 0)",2026-07-22,2,0,15,0,1,7
"(6547601254, 6547601237, 0)",2026-05-24,6,0,8,0,1,7
"(6588574721, 6588574723, 0)",2026-06-07,6,0,16,0,1,5
"(1356918901, 1356920642, 0)",2026-06-05,4,1,11,0,0,2
"(3112549168, 3112549151, 0)",2026-05-31,6,0,19,1,0,2
"(6547573862, 6547573873, 0)",2026-06-15,0,0,22,0,0,1
"(6543942506, 6543942517, 0)",2026-05-20,2,0,10,0,0,2
"(6640233021, 6640233022, 0)",2026-06-16,1,0,15,0,1,8
"(1350752669, 1350753400, 0)",2026-07-17,4,1,21,0,0,5
"(1171724079, 1175374597, 0)",2026-05-16,5,1,22,0,0,6
"(6553169892, 6553169905, 0)",2026-05-16,5,1,17,0,0,3
"(1324408803, 1324408994, 0)",2026-06-21,6,0,12,0,0,1
"(1371538688, 1371538805, 0)",2026-06-20,5,1,7,1,1,2
"(1324181534, 1324181481, 0)",2026-07-22,2,0,16,0,1,9
"(1329345222, 1327186562, 0)",2026-05-17,6,0,15,0,1,6
"(1341691045, 6545091979, 0)",2026-06-01,0,0,20,0,0,1
"(6598691631, 6596790435, 0)",2026-05-20,2,0,15,0,1,6
"(6557825399, 1175373862, 0)",2026-05-12,1,0,17,1,0,2
"(6296976796, 1329735146, 0)",2026-05-19,1,0,10,0,0,2
"(1344168240, 266215378, 0)",2026-06-12,4,1,17,1,0,1
"(1178236865, 1178236463, 0)",2026-07-04,5,1,19,0,0,5
"(1332724605, 6769856178, 0)",2026-07-03,4,1,20,0,0,5
"(1356519875, 6769076215, 0)",2026-05-26,1,0,20,0,0,2
"(1330171637, 1330170399, 0)",2026-06-17,2,0,11,0,0,1
"(1332017826, 1332017777, 0)",2026-06-28,6,0,12,1,0,3
"(6546611579, 12031564935, 0)",2026-06-15,0,0,10,0,0,2
"(1333236267, 6640086937, 0)",2026-07-03,4,1,19,0,0,5
"(1327186259, 1327186566, 0)",2026-05-11,0,0,22,0,0,3
"(1371614699, 1371614740, 0)",2026-05-14,3,0,23,0,0,3
"(2988815667, 1366378749, 0)",2026-07-13,0,0,9,0,1,7
"(6304508694, 6542865592, 0)",2026-05-01,4,1,14,1,1,2
"(6553252033, 1184975571, 0)",2026-06-21,6,0,9,0,1,8
"(1346847038, 6304363132, 0)",2026-07-09,3,0,20,0,0,3
"(1323345322, 1323345842, 0)",2026-07-03,4,1,19,0,0,6
"(6637789301, 6637789305, 0)",2026-07-03,4,1,14,0,1,3
"(6769787807, 1349781643, 0)",2026-06-15,0,0,20,0,0,1
"(6555924658, 6555791336, 0)",2026-07-05,6,0,15,0,1,8
"(1328079242, 1328078851, 0)",2026-06-14,6,0,13,0,0,2
"(1333236267, 6640086937, 0)",2026-07-15,2,0,13,0,0,2
"(6557974648, 1417561090, 0)",2026-07-10,4,1,16,2,1,4
"(1341691045, 6545091979, 0)",2026-06-14,6,0,22,0,0,1
"(6738766745, 1324570438, 0)",2026-07-03,4,1,22,0,0,6
"(1171186911, 1171186934, 0)",2026-06-05,4,1,10,0,0,2
"(1396425564, 6618274974, 0)",2026-05-04,0,0,19,0,0,1
"(1172905009, 1172904968, 0)",2026-05-25,0,0,12,0,0,2
"(6585521761, 6585521754, 0)",2026-07-05,6,0,7,0,1,8
"(7362442903, 1333236256, 0)",2026-05-20,2,0,8,0,1,5
"(6569018819, 1380541980, 0)",2026-05-09,5,1,15,0,1,3
"(1381026313, 6570667566, 0)",2026-06-24,2,0,10,1,0,2
"(12293292105, 12293228200, 0)",2026-05-10,6,0,14,0,1,7
"(1334046976, 1334047484, 0)",2026-05-17,6,0,6,0,0,2
"(1328078896, 724730812, 0)",2026-05-04,0,0,11,0,0,3
"(1357216546, 1357216432, 0)",2026-05-03,6,0,8,2,1,10
"(1175375216, 1175373700, 0)",2026-05-26,1,0,12,0,0,1
"(6572664808, 6304571031, 0)",2026-05-27,2,0,11,0,0,1
"(1329345383, 1329345410, 0)",2026-07-28,1,0,20,0,0,1
"(1322981947, 1322981470, 0)",2026-05-29,4,1,9,0,1,1
"(1326941595, 1326941528, 0)",2026-06-08,0,0,7,1,1,6
"(1353114130, 1353114171, 0)",2026-06-06,5,1,7,0,1,3
"(1330947296, 1330820257, 0)",2026-05-28,3,0,12,1,0,2
"(1359003946, 1359004437, 0)",2026-07-04,5,1,13,0,0,2
"(1324570350, 6589563017, 0)",2026-06-01,0,0,7,0,1,7
"(6561325489, 6561325488, 0)",2026-07-26,6,0,10,2,0,5
"(1396425564, 6618274974, 0)",2026-05-08,4,1,23,1,0,1
"(6561114834, 1174066991, 0)",2026-05-05,1,0,20,1,0,2
"(1324570374, 1324570421, 0)",2026-06-15,0,0,21,0,0,3
"(6304273976, 6546822438, 0)",2026-05-11,0,0,15,0,1,8
"(1364900835, 719869622, 0)",2026-05-15,4,1,21,1,0,6
"(1396443192, 6771620989, 0)",2026-05-08,4,1,18,1,0,1
"(6572664808, 6304571031, 0)",2026-06-13,5,1,16,0,1,1
"(6757636101, 6756086743, 0)",2026-05-06,2,0,14,0,1,7
"(6577216619, 1367530046, 0)",2026-05-16,5,1,19,0,0,5
"(1354670094, 1354670321, 0)",2026-05-08,4,1,8,1,1,2
"(1364900603, 1364900434, 0)",2026-06-04,3,0,18,0,0,2
"(1329698771, 1329698284, 0)",2026-05-19,1,0,19,0,0,1
"(1356918901, 1356920642, 0)",2026-05-03,6,0,14,2,1,9
"(6669853392, 6670102510, 0)",2026-05-25,0,0,14,0,1,5
"(1347137654, 1174967539, 0)",2026-06-07,6,0,10,0,0,3
"(6580977491, 1806914762, 0)",2026-06-02,1,0,6,0,0,1
"(1372487710, 1372487151, 0)",2026-06-07,6,0,21,0,0,3
"(6623059680, 6623059676, 0)",2026-05-26,1,0,11,0,0,1
"(1352193566, 1352193540, 0)",2026-07-25,5,1,21,0,0,5
"(6598348640, 6598161400, 0)",2026-06-24,2,0,9,1,1,6
"(7456067127, 1356940127, 0)",2026-07-26,6,0,6,2,0,5
"(1364900601, 6552023122, 0)",2026-07-16,3,0,19,1,0,3
"(1370526613, 1370526548, 0)",2026-05-26,1,0,23,0,0,1
"(1374245565, 1374245525, 0)",2026-07-25,5,1,13,0,0,2
"(1175877701, 1175876747, 0)",2026-06-21,6,0,12,0,0,1
"(1396443192, 6771620989, 0)",2026-07-02,3,0,7,0,1,6
"(6556485466, 1341718740, 0)",2026-06-26,4,1,10,1,0,3
"(6554445243, 11929623151, 0)",2026-07-29,2,0,23,2,0,4
"(331561175, 6600683484, 0)",2026-06-24,2,0,23,1,0,3
"(6304508694, 6542865592, 0)",2026-06-18,3,0,18,0,0,1
"(5930720830, 6598993780, 0)",2026-07-09,3,0,11,0,0,1
"(6554445243, 11929623151, 0)",2026-05-23,5,1,17,0,0,2
"(6601640776, 6601640727, 0)",2026-07-08,2,0,16,0,1,6
"(1335496467, 1335496670, 0)",2026-07-07,1,0,16,0,1,8
"(1370526903, 1370526980, 0)",2026-07-03,4,1,19,0,0,6
"(1341987090, 1342945811, 0)",2026-05-26,1,0,10,0,0,1
"(6542995199, 1361117830, 0)",2026-07-05,6,0,22,0,0,2
"(1184065373, 1184065322, 0)",2026-07-01,2,0,8,0,1,7
"(1363883359, 1363882222, 0)",2026-07-13,0,0,19,0,0,1
"(1361117556, 1361117294, 0)",2026-07-07,1,0,17,0,0,2
"(1329735003, 2973460651, 0)",2026-05-13,2,0,7,0,1,9
"(6581279487, 6581279486, 0)",2026-06-13,5,1,10,0,0,3
"(6585521761, 6585521754, 0)",2026-07-11,5,1,12,0,0,2
"(1393170581, 1393416370, 0)",2026-06-21,6,0,14,0,1,7
"(1334996016, 1379369291, 0)",2026-05-13,2,0,12,0,0,1
"(5765103561, 6559093393, 0)",2026-05-05,1,0,10,1,0,3
"(3467985821, 3467985833, 0)",2026-06-08,0,0,6,1,0,3
"(6777870488, 6777868266, 0)",2026-07-29,2,0,19,2,0,3
"(1185579728, 1185579688, 0)",2026-06-02,1,0,22,0,0,2
"(6580927373, 6580961271, 0)",2026-06-02,1,0,13,0,0,2
"(1184943115, 1185026255, 0)",2026-06-04,3,0,13,0,0,1
"(1329637961, 1329637914, 0)",2026-07-02,3,0,18,0,0,1
"(1374279064, 1374279335, 0)",2026-06-06,5,1,6,0,0,2
"(1373281684, 1373281574, 0)",2026-06-06,5,1,15,0,1,3
"(1184065354, 1184065309, 0)",2026-06-12,4,1,19,1,0,6
"(5755970972, 5755970962, 0)",2026-07-12,6,0,9,0,1,5
"(6553252033, 1184975571, 0)",2026-06-14,6,0,12,0,0,3
"(1371538812, 6769787795, 0)",2026-07-27,0,0,10,0,0,2
"(1350752669, 1350753400, 0)",2026-06-15,0,0,19,0,0,1
"(1364900601, 6552023122, 0)",2026-06-26,4,1,20,1,0,5
"(1324570350, 6589563017, 0)",2026-05-08,4,1,16,1,1,2
"(1396425400, 6775359719, 0)",2026-06-23,1,0,16,0,1,8
"(1323345470, 1323345442, 0)",2026-07-12,6,0,19,0,0,1
"(6552983852, 1346639031, 0)",2026-06-13,5,1,20,0,0,6
"(6623059680, 6623059676, 0)",2026-07-04,5,1,12,0,0,3
"(6543100400, 1174966893, 0)",2026-06-25,3,0,12,0,0,3
"(1324181494, 6622601720, 0)",2026-06-17,2,0,15,0,1,7
"(1381026352, 1381026372, 0)",2026-07-08,2,0,8,0,1,7
"(1396425558, 1396425569, 0)",2026-05-05,1,0,14,1,1,8
"(11006104076, 11006104068, 0)",2026-07-09,3,0,13,0,0,1
"(1371538920, 1371538659, 0)",2026-06-11,3,0,20,1,0,1
"(1333236273, 1333236208, 0)",2026-05-05,1,0,16,1,1,8
"(1371955805, 1371955991, 0)",2026-07-25,5,1,7,0,1,1
"(1329345222, 1327186562, 0)",2026-05-30,5,1,22,0,0,5
"(6552768140, 1330947542, 0)",2026-07-12,6,0,15,0,1,9
"(12208471727, 12208928944, 0)",2026-05-23,5,1,14,0,1,2
"(6304487276, 1322981701, 0)",2026-06-22,0,0,6,0,0,1
"(1363883359, 1363882222, 0)",2026-05-23,5,1,8,0,1,1
"(6546611579, 12031564935, 0)",2026-05-06,2,0,8,0,1,7
"(1396508515, 1396508522, 0)",2026-06-06,5,1,23,0,0,2
"(1347293015, 1347293062, 0)",2026-06-12,4,1,6,1,0,2
"(6622549169, 6304487990, 0)",2026-05-29,4,1,12,0,0,2
"(6561421802, 6561346682, 0)",2026-05-23,5,1,18,0,0,3
"(1612356756, 3775034738, 0)",2026-05-30,5,1,16,0,1,1
"(1370526911, 6651595643, 0)",2026-06-26,4,1,21,1,0,8
"(331556716, 1175876922, 0)",2026-05-25,0,0,19,0,0,2
"(12208471727, 12208928944, 0)",2026-06-16,1,0,6,0,0,2
"(1356243636, 1356243715, 0)",2026-06-20,5,1,17,1,0,1
"(1349527700, 1349527603, 0)",2026-06-28,6,0,7,1,1,7
"(1334014187, 1358046381, 0)",2026-06-06,5,1,19,0,0,7
"(6304273976, 6546822438, 0)",2026-07-18,5,1,10,0,0,2
"(1396443245, 1396443273, 0)",2026-06-03,2,0,7,0,1,9
"(6775370153, 6775370130, 0)",2026-06-16,1,0,22,0,0,2
"(1332724605, 6769856178, 0)",2026-05-23,5,1,12,0,0,3
"(1396425558, 1396425569, 0)",2026-07-21,1,0,20,1,0,3
"(1185026376, 1184942947, 0)",2026-06-07,6,0,6,0,0,2
"(1356460312, 1356460609, 0)",2026-07-26,6,0,18,2,0,4
"(6775370153, 6775370130, 0)",2026-07-21,1,0,10,1,0,2
"(13980225467, 13980225457, 0)",2026-07-12,6,0,15,0,1,7
"(331565003, 331565002, 0)",2026-07-21,1,0,17,1,0,1
"(6628867004, 6628867044, 0)",2026-05-11,0,0,15,0,1,5
"(6304273976, 6546822438, 0)",2026-05-23,5,1,8,0,1,1
"(6588463555, 6588463654, 0)",2026-05-15,4,1,6,1,0,1
"(12237200017, 1361117364, 0)",2026-06-25,3,0,16,0,1,8
"(1324373626, 1324373548, 0)",2026-05-31,6,0,17,1,0,3
"(1333236267, 6640086937, 0)",2026-05-18,0,0,16,0,1,6
"(12208471727, 12208928944, 0)",2026-07-10,4,1,15,2,1,6
"(1396425400, 6775359719, 0)",2026-06-24,2,0,23,1,0,3
"(1323346022, 6598161420, 0)",2026-07-28,1,0,10,0,0,2
"(1322981947, 1322981470, 0)",2026-07-14,1,0,13,0,0,2
"(6556986422, 5766243919, 0)",2026-05-10,6,0,23,0,0,1
"(1180288747, 1180288772, 0)",2026-05-08,4,1,17,1,0,1
"(1346612860, 1346612090, 0)",2026-05-11,0,0,7,0,1,8
"(2988915683, 6552088459, 0)",2026-06-20,5,1,14,1,1,3
"(1323345690, 1323345352, 0)",2026-06-25,3,0,15,0,1,8
"(1328079405, 6581812777, 0)",2026-05-29,4,1,20,0,0,6
"(6769188408, 6769188439, 1)",2026-05-10,6,0,8,0,1,8
"(9407387382, 1185579794, 0)",2026-05-10,6,0,16,0,1,7
"(11953619597, 11953619598, 0)",2026-06-20,5,1,9,1,1,1
"(5755970972, 5755970962, 0)",2026-07-29,2,0,22,2,0,3
"(1374245565, 1374246035, 0)",2026-06-23,1,0,11,0,0,2
"(6598726196, 6596766163, 0)",2026-05-10,6,0,13,0,0,1
"(1356920102, 6627437350, 0)",2026-06-15,0,0,8,0,1,9
"(2988673881, 2988674192, 0)",2026-05-31,6,0,11,1,0,3
"(6746280124, 6618274870, 0)",2026-06-01,0,0,9,0,1,7
"(1357399489, 1357399332, 0)",2026-06-17,2,0,23,0,0,3
"(5930720830, 6598993780, 0)",2026-07-29,2,0,23,2,0,4
"(6600730979, 1418728240, 0)",2026-05-25,0,0,7,0,1,5
"(1323345505, 1323345386, 0)",2026-05-28,3,0,8,1,1,9
"(1186524341, 1186524464, 0)",2026-06-16,1,0,16,0,1,7
"(1374279176, 1374279464, 0)",2026-07-06,0,0,9,0,1,6
"(6541820282, 1343821122, 0)",2026-06-10,2,0,10,0,0,1
"(1346613092, 1346612605, 0)",2026-07-25,5,1,23,0,0,3
"(1381026405, 1381026406, 0)",2026-06-20,5,1,11,1,0,3
"(1330537648, 6554845384, 0)",2026-06-16,1,0,8,0,1,5
"(1361117264, 1361117334, 0)",2026-06-13,5,1,18,0,0,2
"(1183596438, 1183596411, 0)",2026-07-24,4,1,22,0,0,8
"(1352193566, 1352193540, 0)",2026-05-27,2,0,10,0,0,3
"(6554335446, 1172905052, 0)",2026-05-13,2,0,17,0,0,2
"(1341740647, 1341740642, 0)",2026-05-02,5,1,19,0,0,5
"(6587228308, 5754433201, 0)",2026-07-25,5,1,20,0,0,7
"(2988915683, 6552088459, 0)",2026-06-10,2,0,13,0,0,2
"(1370526903, 1370526980, 0)",2026-07-03,4,1,21,0,0,5
"(5766243573, 1331024008, 0)",2026-06-16,1,0,23,0,0,2
"(1322982054, 6580856314, 0)",2026-05-19,1,0,19,0,0,2
"(6304273976, 6546822438, 0)",2026-07-22,2,0,8,0,1,7
"(1363883359, 1363882222, 0)",2026-07-04,5,1,10,0,0,1
"(6547601254, 6547601237, 0)",2026-05-20,2,0,16,0,1,6
"(1347137629, 1347137196, 0)",2026-07-19,6,0,6,0,0,1
"(6750036709, 6750036706, 0)",2026-06-30,1,0,23,0,0,1
"(1183596438, 1183596411, 0)",2026-06-14,6,0,13,0,0,3
"(1346847673, 1346779125, 0)",2026-06-02,1,0,15,0,1,7
"(1370526911, 6651595643, 0)",2026-07-25,5,1,17,0,0,2
"(2988909845, 2988913654, 0)",2026-07-06,0,0,12,0,0,3
"(1349527623, 1349527724, 0)",2026-05-01,4,1,23,1,0,1
"(3467985851, 1184975449, 0)",2026-06-21,6,0,23,0,0,2
"(6554335446, 1172905052, 0)",2026-06-10,2,0,12,0,0,3
"(331561175, 6600683484, 0)",2026-07-25,5,1,18,0,0,2
"(1347137654, 1174967539, 0)",2026-06-10,2,0,6,0,0,2
"(6622549169, 6304487990, 0)",2026-06-02,1,0,9,0,1,7
"(1171724079, 1175374597, 0)",2026-06-01,0,0,6,0,0,1
"(1347137619, 1347137659, 0)",2026-05-19,1,0,19,0,0,2
"(1372487710, 1372487151, 0)",2026-06-23,1,0,8,0,1,7
"(6556986422, 5766243919, 0)",2026-05-20,2,0,18,0,0,2
"(1173885682, 6552332791, 0)",2026-07-26,6,0,8,2,1,8
"(6548212725, 6548212716, 0)",2026-05-04,0,0,23,0,0,2
"(6553429911, 1180288829, 0)",2026-05-17,6,0,22,0,0,2
"(1332724217, 1332724480, 0)",2026-05-19,1,0,9,0,1,7
"(6557376752, 6557597643, 0)",2026-05-16,5,1,23,0,0,3
"(1330170962, 1330171205, 0)",2026-05-01,4,1,9,1,1,1
"(1364900601, 6552023122, 0)",2026-06-10,2,0,8,0,1,7
"(6573704012, 6573704007, 0)",2026-05-19,1,0,15,0,1,7
"(6573704012, 6573704007, 0)",2026-06-29,0,0,13,0,0,2
"(1171157846, 1171157694, 0)",2026-06-13,5,1,17,0,0,1
"(6557376752, 6557597643, 0)",2026-06-07,6,0,21,0,0,3
"(1346639125, 6553140114, 0)",2026-05-03,6,0,15,2,1,10
"(1344168240, 266215378, 0)",2026-07-15,2,0,13,0,0,2
"(1322981366, 12539090832, 0)",2026-05-01,4,1,11,1,0,3
"(1185026243, 1185026346, 0)",2026-07-10,4,1,22,2,0,10
"(6630780297, 6636019481, 0)",2026-05-29,4,1,18,0,0,2
"(1374435979, 1364174412, 0)",2026-07-19,6,0,17,0,0,3
"(6553484552, 1364174103, 0)",2026-07-16,3,0,13,1,0,1
"(7362442903, 1333236256, 0)",2026-07-21,1,0,11,1,0,3
"(1379368400, 1379368402, 0)",2026-06-06,5,1,18,0,0,1
"(6583043108, 1331082612, 0)",2026-06-05,4,1,16,0,1,1
"(1370526613, 1370526548, 0)",2026-06-20,5,1,17,1,0,1
"(6620749493, 6620749498, 0)",2026-05-16,5,1,10,0,0,3
"(7362442903, 1333236256, 0)",2026-07-05,6,0,12,0,0,3
"(1396443192, 6771620989, 0)",2026-05-15,4,1,23,1,0,2
"(1346847201, 1346156985, 0)",2026-07-11,5,1,12,0,0,1
"(6543942547, 6543919956, 0)",2026-05-15,4,1,22,1,0,6
"(1333236267, 6640086937, 0)",2026-06-06,5,1,21,0,0,5
"(6556986422, 5766243919, 0)",2026-07-24,4,1,15,0,1,1
"(6610375755, 6738772299, 0)",2026-06-24,2,0,12,1,0,1
"(1380541785, 1380541789, 0)",2026-05-29,4,1,9,0,1,3
"(1347137654, 1174967539, 0)",2026-07-03,4,1,20,0,0,5
"(6601590979, 6601533325, 0)",2026-06-18,3,0,19,0,0,3
"(1357399304, 1334014283, 0)",2026-05-13,2,0,19,0,0,2
"(6552768140, 1330947542, 0)",2026-05-24,6,0,12,0,0,3
"(6577216619, 1367530046, 0)",2026-06-18,3,0,18,0,0,2
"(1347137658, 6540243378, 0)",2026-05-04,0,0,7,0,1,8
"(1356519875, 6769076215, 0)",2026-05-08,4,1,12,1,0,3
"(6606955214, 6607646372, 0)",2026-07-19,6,0,16,0,1,7
"(6557974648, 1417561090, 0)",2026-05-26,1,0,8,0,1,7
"(1331244655, 1331244362, 0)",2026-05-28,3,0,10,1,0,2
"(1352193566, 1352193540, 0)",2026-06-30,1,0,16,0,1,5
"(1371382516, 6630661890, 0)",2026-05-17,6,0,19,0,0,3
"(1346847308, 1346847645, 0)",2026-05-22,4,1,22,1,0,5
"(6547426508, 5760614813, 0)",2026-06-11,3,0,6,1,0,3
"(5756734424, 5756734434, 0)",2026-07-18,5,1,7,0,1,2
"(1354129491, 1354129442, 0)",2026-05-06,2,0,22,0,0,2
"(6541505710, 1346779273, 0)",2026-07-03,4,1,21,0,0,5
"(13087366601, 1329433896, 0)",2026-05-09,5,1,7,0,1,2
"(6561114834, 1174066991, 0)",2026-05-03,6,0,20,2,0,6
"(1327149840, 1327149966, 0)",2026-07-04,5,1,7,0,1,2
"(1356460312, 1356460609, 0)",2026-05-13,2,0,9,0,1,5
"(6735485653, 392257875, 0)",2026-06-05,4,1,10,0,0,2
"(2988815667, 1366378749, 0)",2026-05-20,2,0,6,0,0,1
